Date,Open,High,Low,Close,Adj Close,Volume
2004-08-19,49.81328582763672,51.83570861816406,47.80083084106445,49.9826545715332,49.9826545715332,44871300
2004-08-20,50.316402435302734,54.336334228515625,50.062355041503906,53.9527702331543,53.9527702331543,22942800
2004-08-23,55.168216705322266,56.52811813354492,54.321388244628906,54.49573516845703,54.49573516845703,18342800
2004-08-24,55.41230010986328,55.59162902832031,51.59162139892578,52.239192962646484,52.239192962646484,15319700
2004-08-25,52.284027099609375,53.7983512878418,51.74604415893555,52.802085876464844,52.802085876464844,9232100
2004-08-26,52.27904510498047,53.77344512939453,52.134586334228516,53.753517150878906,53.753517150878906,7128600
2004-08-27,53.84816360473633,54.10719299316406,52.64766311645508,52.87680435180664,52.87680435180664,6241200
2004-08-30,52.44342803955078,52.548038482666016,50.81453323364258,50.81453323364258,50.81453323364258,5221400
2004-08-31,50.95899200439453,51.66136169433594,50.88925552368164,50.99386215209961,50.99386215209961,4941200
2004-09-01,51.15824508666992,51.29274368286133,49.648902893066406,49.93782043457031,49.93782043457031,9181600
2004-09-02,49.4098014831543,50.99386215209961,49.2852668762207,50.565467834472656,50.565467834472656,15190400
2004-09-03,50.28651428222656,50.68003845214844,49.47455596923828,49.818267822265625,49.818267822265625,5176800
2004-09-07,50.316402435302734,50.80955505371094,49.619014739990234,50.600337982177734,50.600337982177734,5875200
2004-09-08,50.181907653808594,51.3226318359375,50.062355041503906,50.95899200439453,50.95899200439453,5009200
2004-09-09,51.07356262207031,51.16322708129883,50.31142044067383,50.96397399902344,50.96397399902344,4080900
2004-09-10,50.61030197143555,53.08103942871094,50.46086120605469,52.46833419799805,52.46833419799805,8740200
2004-09-13,53.115909576416016,54.002586364746094,53.031227111816406,53.549285888671875,53.549285888671875,7881300
2004-09-14,53.524375915527344,55.7908821105957,53.19561004638672,55.536834716796875,55.536834716796875,10880300
2004-09-15,55.073570251464844,56.90171813964844,54.89424133300781,55.7908821105957,55.7908821105957,10763900
2004-09-16,55.96024703979492,57.68378829956055,55.61653518676758,56.7722053527832,56.7722053527832,9310200
2004-09-17,56.99636459350586,58.525630950927734,56.56298828125,58.525630950927734,58.525630950927734,9517400
2004-09-20,58.25664138793945,60.57295608520508,58.16697692871094,59.4571418762207,59.4571418762207,10679200
2004-09-21,59.68130111694336,59.98516082763672,58.53559494018555,58.69997787475586,58.69997787475586,7263000
2004-09-22,58.48080062866211,59.6115608215332,58.1869010925293,58.968971252441406,58.968971252441406,7617100
2004-09-23,59.19811248779297,61.08603286743164,58.291507720947266,60.18441390991211,60.18441390991211,8576100
2004-09-24,60.24419021606445,61.81829071044922,59.656394958496094,59.691261291503906,59.691261291503906,9166700
2004-09-27,59.556766510009766,60.21430206298828,58.6800537109375,58.90919494628906,58.90919494628906,7099600
2004-09-28,60.423519134521484,63.462127685546875,59.88055419921875,63.193138122558594,63.193138122558594,17009400
2004-09-29,63.113433837890625,67.25790405273438,62.87931442260742,65.29525756835938,65.29525756835938,30661400
2004-09-30,64.70745849609375,65.9029769897461,64.25914001464844,64.55802154541016,64.55802154541016,13823300
2004-10-01,65.15577697753906,66.86935424804688,64.2093276977539,66.0424575805664,66.0424575805664,15196700
2004-10-04,67.37247467041016,68.179443359375,66.7647476196289,67.27782440185547,67.27782440185547,13084600
2004-10-05,67.07857513427734,69.00634765625,65.87309265136719,68.92664337158203,68.92664337158203,15044200
2004-10-06,68.51818084716797,68.96649932861328,67.7460708618164,68.2840576171875,68.2840576171875,13444900
2004-10-07,68.20435333251953,69.67882537841797,68.0200424194336,69.1657485961914,69.1657485961914,14182100
2004-10-08,69.10099029541016,69.5792007446289,68.25416564941406,68.60784149169922,68.60784149169922,11122000
2004-10-11,68.24420166015625,69.17073059082031,66.67508697509766,67.37744903564453,67.37744903564453,10521800
2004-10-12,66.96898651123047,68.54806518554688,66.450927734375,68.4434585571289,68.4434585571289,11720800
2004-10-13,71.39240264892578,71.50697326660156,69.77845001220703,70.18692016601562,70.18692016601562,19860000
2004-10-14,70.24171447753906,70.92415618896484,69.02129364013672,70.73487091064453,70.73487091064453,10491700
2004-10-15,72.19439697265625,72.47833251953125,70.7099609375,71.78592681884766,71.78592681884766,13257400
2004-10-18,71.33262634277344,74.32142639160156,70.34134674072266,74.30149841308594,74.30149841308594,14103000
2004-10-19,74.968994140625,75.91545104980469,73.3998794555664,73.69377899169922,73.69377899169922,18195900
2004-10-20,73.73860931396484,74.2168197631836,69.53935241699219,69.9826889038086,69.9826889038086,22830600
2004-10-21,71.93038940429688,74.7846908569336,70.54557800292969,74.41108703613281,74.41108703613281,29288200
2004-10-22,84.95158386230469,89.74860382080078,81.733642578125,85.89305114746094,85.89305114746094,74060200
2004-10-25,87.87063598632812,96.85197448730469,85.95282745361328,93.35009765625,93.35009765625,65773900
2004-10-26,92.82208251953125,95.96031951904297,89.6639175415039,90.56055450439453,90.56055450439453,44781400
2004-10-27,91.01883697509766,94.40614318847656,90.54561614990234,92.63777160644531,92.63777160644531,26813100
2004-10-28,92.99144744873047,96.83204650878906,92.45346069335938,96.2890853881836,96.2890853881836,29804800
2004-10-29,99.07364654541016,99.60166931152344,94.94412231445312,94.96405029296875,94.96405029296875,42483600
2004-11-01,96.41361999511719,98.46592712402344,95.27787780761719,97.64898681640625,97.64898681640625,24541300
2004-11-02,99.01885223388672,99.25297546386719,96.30901336669922,97.07115173339844,97.07115173339844,22777500
2004-11-03,98.719970703125,100.423583984375,95.01884460449219,95.47712707519531,95.47712707519531,27881400
2004-11-04,93.86815643310547,94.84449768066406,91.3326644897461,92.00514221191406,92.00514221191406,28927200
2004-11-05,90.65022277832031,90.80962371826172,83.96029663085938,84.35880279541016,84.35880279541016,39814800
2004-11-08,85.1458511352539,87.3924331665039,84.38371276855469,85.95282745361328,85.95282745361328,22467400
2004-11-09,86.72493743896484,87.27288055419922,82.32642364501953,84.03501892089844,84.03501892089844,22211300
2004-11-10,85.0163345336914,85.93788146972656,82.85443878173828,83.61658477783203,83.61658477783203,21367700
2004-11-11,84.24921417236328,91.53191375732422,83.47212219238281,91.16828155517578,91.16828155517578,30083200
2004-11-12,92.26914978027344,94.54561614990234,88.3687744140625,90.66018676757812,90.66018676757812,33617600
2004-11-15,89.88807678222656,93.80838012695312,89.04125213623047,92.08982849121094,92.08982849121094,23892200
2004-11-16,88.41858673095703,89.39990997314453,85.09603881835938,85.94784545898438,85.94784545898438,41991500
2004-11-17,84.19441986083984,88.41858673095703,84.18445587158203,85.92791748046875,85.92791748046875,36401600
2004-11-18,84.8270492553711,86.88433837890625,82.5555648803711,83.45718383789062,83.45718383789062,33383800
2004-11-19,84.23426818847656,84.67262268066406,82.94908905029297,84.38371276855469,84.38371276855469,17604300
2004-11-22,81.92791748046875,84.43352508544922,80.35381317138672,82.24173736572266,82.24173736572266,24829000
2004-11-23,83.67137908935547,85.09603881835938,82.93912506103516,83.44721984863281,83.44721984863281,24919600
2004-11-24,87.08358764648438,88.27412414550781,85.93289947509766,87.05370330810547,87.05370330810547,30676400
2004-11-26,87.57176208496094,89.67886352539062,87.33265686035156,89.36005401611328,89.36005401611328,13008700
2004-11-29,89.84324645996094,91.13340759277344,88.42356872558594,90.18695831298828,90.18695831298828,21413100
2004-11-30,90.01759338378906,91.15831756591797,89.7884521484375,90.65022277832031,90.65022277832031,15457600
2004-12-01,90.6352767944336,90.90924835205078,89.43975830078125,89.64398956298828,89.64398956298828,15787100
2004-12-02,89.61410522460938,90.41609954833984,88.9416275024414,89.36503601074219,89.36503601074219,12568700
2004-12-03,89.63900756835938,90.19194030761719,88.46839904785156,89.86317443847656,89.86317443847656,11782300
2004-12-06,89.23054504394531,90.01261138916016,87.68135070800781,87.81584167480469,87.81584167480469,12554800
2004-12-07,87.67138671875,87.77101135253906,84.95655822753906,85.3949203491211,85.3949203491211,13793200
2004-12-08,84.85693359375,86.51571655273438,84.04995727539062,84.67262268066406,84.67262268066406,15140000
2004-12-09,84.80712127685547,86.42605590820312,83.92044830322266,86.39118194580078,86.39118194580078,15365300
2004-12-10,86.39118194580078,87.11347961425781,85.32518005371094,85.50450897216797,85.50450897216797,8666700
2004-12-13,85.76353454589844,86.26665496826172,84.40861511230469,84.90674591064453,84.90674591064453,9673200
2004-12-14,85.18072509765625,89.07611846923828,84.48333740234375,89.01136016845703,89.01136016845703,22259800
2004-12-15,88.66267395019531,90.00762939453125,88.00015258789062,89.55432891845703,89.55432891845703,23027900
2004-12-16,88.14461517333984,89.90800476074219,87.64647674560547,87.90550994873047,87.90550994873047,17209800
2004-12-17,88.04996490478516,89.9129867553711,87.94535827636719,89.70376586914062,89.70376586914062,14827600
2004-12-20,90.66018676757812,93.87812042236328,90.59542846679688,92.16454315185547,92.16454315185547,19742600
2004-12-21,92.80713653564453,93.58920288085938,91.3575668334961,91.53191375732422,91.53191375732422,11073900
2004-12-22,91.60663604736328,93.07612609863281,91.16329956054688,92.80215454101562,92.80215454101562,7843200
2004-12-23,93.37500762939453,93.94786071777344,92.65271759033203,93.59916687011719,93.59916687011719,7256200
2004-12-27,94.22183227539062,96.2890853881836,94.19692993164062,95.5966796875,95.5966796875,12253900
2004-12-28,95.69630432128906,96.41361999511719,95.14836120605469,96.02009582519531,96.02009582519531,8322500
2004-12-29,95.53192138671875,96.39867401123047,95.53192138671875,96.08982849121094,96.08982849121094,5376200
2004-12-30,96.12470245361328,98.74488067626953,95.5667953491211,98.4310531616211,98.4310531616211,11852800
2004-12-31,99.24301147460938,99.56680297851562,95.92046356201172,96.0350341796875,96.0350341796875,15394400
2005-01-03,98.33142852783203,101.43978118896484,97.36505126953125,100.97651672363281,100.97651672363281,31807000
2005-01-04,100.32395935058594,101.08610534667969,96.37874603271484,96.8868408203125,96.8868408203125,27614900
2005-01-05,96.36380767822266,98.08236694335938,95.7560806274414,96.39369201660156,96.39369201660156,16534800
2005-01-06,97.1757583618164,97.584228515625,93.50950622558594,93.9229507446289,93.9229507446289,20851900
2005-01-07,94.96405029296875,96.76231384277344,94.03752136230469,96.56305694580078,96.56305694580078,19398200
2005-01-10,96.8868408203125,98.68012237548828,95.55683135986328,97.16580200195312,97.16580200195312,15135600
2005-01-11,97.44475555419922,98.48584747314453,96.22930908203125,96.40863800048828,96.40863800048828,13969500
2005-01-12,96.80216217041016,97.59917449951172,94.8943099975586,97.32520294189453,97.32520294189453,16416800
2005-01-13,97.32520294189453,98.32644653320312,96.66268157958984,97.30029296875,97.30029296875,13750000
2005-01-14,97.63404083251953,99.63155364990234,96.7025375366211,99.61163330078125,99.61163330078125,19352700
2005-01-18,100.1097640991211,102.12720489501953,98.95907592773438,101.56929016113281,101.56929016113281,26443900
2005-01-19,101.9428939819336,102.26667785644531,97.98771667480469,98.2816162109375,98.2816162109375,22599700
2005-01-20,95.89057922363281,97.75857543945312,95.64151000976562,96.59793090820312,96.59793090820312,18070600
2005-01-21,96.90676879882812,97.31523895263672,93.70875549316406,93.78845977783203,93.78845977783203,18586100
2005-01-24,93.99269104003906,94.3115005493164,89.82331848144531,90.02257537841797,90.02257537841797,28150400
2005-01-25,90.63029479980469,90.77973175048828,87.81584167480469,88.22929382324219,88.22929382324219,21398200
2005-01-26,89.30027770996094,94.35134887695312,89.2405014038086,94.26666259765625,94.26666259765625,24708000
2005-01-27,94.0275650024414,94.07737731933594,92.25421142578125,93.68882751464844,93.68882751464844,13304400
2005-01-28,94.65521240234375,96.9864730834961,92.82208251953125,94.81461334228516,94.81461334228516,24507900
2005-01-31,96.48336029052734,97.81336975097656,95.50203704833984,97.44475555419922,97.44475555419922,19265200
2005-02-01,96.82707214355469,97.96281433105469,94.95906829833984,95.5916976928711,95.5916976928711,37819100
2005-02-02,107.37254333496094,107.99520874023438,101.44974517822266,102.59544372558594,102.59544372558594,65844300
2005-02-03,102.61038970947266,106.28661346435547,102.5207290649414,105.03630065917969,105.03630065917969,26073400
2005-02-04,102.84949493408203,103.48710632324219,100.92172241210938,101.79843139648438,101.79843139648438,29749600
2005-02-07,102.24675750732422,102.81462860107422,97.38996124267578,97.64898681640625,97.64898681640625,26017900
2005-02-08,98.11225128173828,99.63653564453125,96.90178680419922,98.94911193847656,98.94911193847656,23045900
2005-02-09,100.00515747070312,100.423583984375,94.37625122070312,95.43229675292969,95.43229675292969,34471600
2005-02-10,95.62657165527344,95.7461166381836,92.27911376953125,93.6390151977539,93.6390151977539,38107600
2005-02-11,92.98148345947266,95.80091094970703,92.68758392333984,93.35009765625,93.35009765625,26330200
2005-02-14,91.0835952758789,96.17949676513672,90.16204833984375,96.1346664428711,96.1346664428711,77413400
2005-02-15,96.43852233886719,99.546875,96.17949676513672,97.25048065185547,97.25048065185547,51758800
2005-02-16,96.9864730834961,99.2928237915039,96.78721618652344,98.83454132080078,98.83454132080078,33188400
2005-02-17,98.54562377929688,99.50204467773438,98.03752899169922,98.58049774169922,98.58049774169922,20906800
2005-02-18,98.88435363769531,99.04874420166016,97.96281433105469,98.60540008544922,98.60540008544922,17035300
2005-02-22,97.88311004638672,99.07862854003906,94.83951568603516,95.32769012451172,95.32769012451172,27068400
2005-02-23,96.2890853881836,96.87688446044922,93.97774505615234,96.61286926269531,96.61286926269531,31288700
2005-02-24,91.3426284790039,94.57052612304688,90.7747573852539,94.09231567382812,94.09231567382812,51822000
2005-02-25,94.22183227539062,94.60539245605469,92.40863037109375,92.58795928955078,92.58795928955078,20021700
2005-02-28,92.65271759033203,94.58049011230469,92.57799530029297,93.64399719238281,93.64399719238281,15695300
2005-03-01,94.29157257080078,94.52071380615234,90.66018676757812,92.68260192871094,92.68260192871094,18692100
2005-03-02,92.6278076171875,93.4845962524414,91.83577728271484,92.24424743652344,92.24424743652344,14625500
2005-03-03,92.71747589111328,93.52444458007812,91.81086730957031,93.15583038330078,93.15583038330078,15274200
2005-03-04,93.00141143798828,93.27538299560547,92.189453125,92.6029052734375,92.6029052734375,13598900
2005-03-07,93.53939056396484,94.44599151611328,93.1657943725586,94.0524673461914,94.0524673461914,17399700
2005-03-08,94.19692993164062,94.57052612304688,92.13964080810547,92.25421142578125,92.25421142578125,16152400
2005-03-09,91.76105499267578,91.98023223876953,89.74362182617188,90.33639526367188,90.33639526367188,22805900
2005-03-10,90.16703033447266,90.26168060302734,88.3687744140625,89.6539535522461,89.6539535522461,22003100
2005-03-11,89.88309478759766,90.13714599609375,88.2442398071289,88.56802368164062,88.56802368164062,16116700
2005-03-14,88.83203887939453,88.86690521240234,85.9627914428711,87.16827392578125,87.16827392578125,22376600
2005-03-15,87.32269287109375,89.6639175415039,86.77973175048828,88.97151184082031,88.97151184082031,20922200
2005-03-16,88.02008056640625,88.97151184082031,87.17823791503906,87.47212982177734,87.47212982177734,14265800
2005-03-17,88.2342758178711,89.48458862304688,87.57176208496094,89.31024169921875,89.31024169921875,16583100
2005-03-18,89.07113647460938,89.86317443847656,88.82207489013672,89.68384552001953,89.68384552001953,14233000
2005-03-21,89.30027770996094,90.74486541748047,88.29405212402344,90.1022720336914,90.1022720336914,15023400
2005-03-22,90.25171661376953,90.63029479980469,88.59293365478516,88.9665298461914,88.9665298461914,11305500
2005-03-23,88.6527099609375,89.7834701538086,88.6527099609375,89.15582275390625,89.15582275390625,9726200
2005-03-24,90.01261138916016,90.09231567382812,89.26541137695312,89.29032135009766,89.29032135009766,7438100
2005-03-28,90.50077819824219,92.0549545288086,90.13714599609375,90.37126922607422,90.37126922607422,17541400
2005-03-29,90.18695831298828,91.29779052734375,88.70252227783203,89.44972229003906,89.44972229003906,12994400
2005-03-30,89.98271942138672,90.3862075805664,89.46466827392578,89.88807678222656,89.88807678222656,12518800
2005-03-31,88.64274597167969,90.3563232421875,88.48832702636719,89.91796875,89.91796875,13587900
2005-04-01,90.54063415527344,91.13340759277344,89.658935546875,89.68384552001953,89.68384552001953,12410200
2005-04-04,89.63900756835938,92.3139877319336,89.58421325683594,92.29904174804688,92.29904174804688,16213200
2005-04-05,93.51448822021484,94.7747573852539,93.43478393554688,93.93291473388672,93.93291473388672,17538800
2005-04-06,94.26666259765625,94.47090148925781,93.43976593017578,94.25670623779297,94.25670623779297,10544500
2005-04-07,94.03752136230469,96.94661712646484,93.96778869628906,96.51822662353516,96.51822662353516,19456900
2005-04-08,96.48336029052734,97.18572235107422,95.36753845214844,95.66641998291016,95.66641998291016,10271500
2005-04-11,96.18447875976562,97.03628540039062,95.80091094970703,96.25421905517578,96.25421905517578,10861500
2005-04-12,96.1396484375,96.84699249267578,94.35134887695312,96.61785125732422,96.61785125732422,14694000
2005-04-13,96.37376403808594,96.79718017578125,94.51074981689453,96.10477447509766,96.10477447509766,13160700
2005-04-14,96.27413940429688,96.81710815429688,94.69506072998047,95.36753845214844,95.36753845214844,12351500
2005-04-15,94.69506072998047,94.81461334228516,91.98521423339844,92.15457916259766,92.15457916259766,23241500
2005-04-18,91.94536590576172,93.58920288085938,91.40240478515625,93.13590240478516,93.13590240478516,13149700
2005-04-19,94.3115005493164,95.64151000976562,93.66392517089844,95.34263610839844,95.34263610839844,16923100
2005-04-20,98.91922760009766,99.87564086914062,97.5892105102539,98.68012237548828,98.68012237548828,31018800
2005-04-21,99.8357925415039,102.11724090576172,99.287841796875,101.72869873046875,101.72869873046875,35636800
2005-04-22,111.03382110595703,111.5817642211914,106.72994995117188,107.5020523071289,107.5020523071289,66659100
2005-04-25,108.50330352783203,111.95038604736328,108.35386657714844,111.34764099121094,111.34764099121094,39828600
2005-04-26,109.69882202148438,110.58549499511719,108.7374267578125,108.96656799316406,108.96656799316406,34673400
2005-04-27,108.58798217773438,110.01264190673828,107.96531677246094,109.47964477539062,109.47964477539062,20606500
2005-04-28,109.34016418457031,110.62535095214844,108.4485092163086,109.31526184082031,109.31526184082031,17430600
2005-04-29,110.54066467285156,110.71002960205078,108.50330352783203,109.5892333984375,109.5892333984375,18409100
2005-05-02,110.61040496826172,111.43232727050781,109.69384002685547,110.7299575805664,110.7299575805664,19607900
2005-05-03,110.51078033447266,113.64901733398438,110.24676513671875,112.67267608642578,112.67267608642578,35693600
2005-05-04,113.19073486328125,114.51078796386719,113.07616424560547,113.8233642578125,113.8233642578125,24257500
2005-05-05,113.88314056396484,113.88314056396484,112.51825714111328,113.06620025634766,113.06620025634766,15075400
2005-05-06,113.77355194091797,114.19696044921875,112.81214904785156,113.58425903320312,113.58425903320312,13578400
2005-05-09,113.57429504394531,113.8233642578125,112.29409790039062,112.5879898071289,112.5879898071289,11115000
2005-05-10,112.31401824951172,113.47467041015625,111.94042205810547,113.47467041015625,113.47467041015625,12739000
2005-05-11,114.05748748779297,115.5568618774414,113.5394287109375,115.21315002441406,115.21315002441406,23043500
2005-05-12,114.97405242919922,115.681396484375,113.67391967773438,113.93295288085938,113.93295288085938,17963300
2005-05-13,114.16209411621094,115.113525390625,113.23556518554688,114.19197845458984,114.19197845458984,14886500
2005-05-16,114.4111557006836,115.37753295898438,113.85823059082031,115.09359741210938,115.09359741210938,11405300
2005-05-17,114.84951782226562,116.28912353515625,114.6701889038086,116.12971496582031,116.12971496582031,15676300
2005-05-18,116.36882019042969,119.53694915771484,116.32398986816406,119.13346099853516,119.13346099853516,24716200
2005-05-19,119.72125244140625,120.13470458984375,118.69011688232422,119.14342498779297,119.14342498779297,19505800
2005-05-20,120.15463256835938,120.38377380371094,119.3775405883789,120.3538818359375,120.3538818359375,16388100
2005-05-23,121.12599182128906,128.56809997558594,120.9018325805664,127.248046875,127.248046875,42936800
2005-05-24,128.00022888183594,132.22439575195312,126.27668762207031,127.52201843261719,127.52201843261719,58303800
2005-05-25,125.89311981201172,130.00271606445312,124.8470458984375,129.91802978515625,129.91802978515625,36251100
2005-05-26,129.9927520751953,131.3875274658203,128.667724609375,129.1160430908203,129.1160430908203,27194600
2005-05-27,129.74368286132812,132.5282440185547,129.1409454345703,132.5033416748047,132.5033416748047,24459400
2005-05-31,134.21194458007812,138.68019104003906,134.1820526123047,138.1173095703125,138.1173095703125,44640200
2005-06-01,141.07122802734375,145.89813232421875,140.48342895507812,143.46226501464844,143.46226501464844,70647100
2005-06-02,143.82591247558594,144.34893798828125,141.76861572265625,143.41246032714844,143.41246032714844,36082800
2005-06-03,142.85952758789062,144.10984802246094,138.18704223632812,139.60671997070312,139.60671997070312,37705300
2005-06-06,140.66773986816406,146.3265380859375,140.3887939453125,144.92677307128906,144.92677307128906,45220600
2005-06-07,147.99526977539062,149.23562622070312,144.60797119140625,146.01271057128906,146.01271057128906,48828200
2005-06-08,145.8782196044922,146.04757690429688,138.48094177246094,139.25802612304688,139.25802612304688,51594400
2005-06-09,141.82839965820312,143.71133422851562,139.75616455078125,142.62042236328125,142.62042236328125,33005300
2005-06-10,142.9591522216797,143.10360717773438,139.48716735839844,140.7225341796875,140.7225341796875,25488200
2005-06-13,139.38754272460938,141.5643768310547,137.7436981201172,140.84707641601562,140.84707641601562,25702300
2005-06-14,138.77484130859375,140.0948944091797,138.3563995361328,138.65528869628906,138.65528869628906,20259300
2005-06-15,136.98654174804688,138.1322479248047,133.21566772460938,136.8869171142578,136.8869171142578,41922600
2005-06-16,136.617919921875,138.63038635253906,136.025146484375,138.2019805908203,138.2019805908203,25018100
2005-06-17,138.97906494140625,139.62664794921875,137.4348602294922,139.62664794921875,139.62664794921875,20946900
2005-06-20,137.52951049804688,143.29788208007812,135.35765075683594,142.814697265625,142.814697265625,42206900
2005-06-21,143.49713134765625,144.60797119140625,141.9529266357422,143.382568359375,143.382568359375,30377900
2005-06-22,144.2941436767578,145.61419677734375,143.7960205078125,144.10984802246094,144.10984802246094,21026400
2005-06-23,143.46226501464844,146.85455322265625,142.71507263183594,144.31407165527344,144.31407165527344,28218100
2005-06-24,144.9068603515625,148.443603515625,144.2493133544922,148.0699920654297,148.0699920654297,35675500
2005-06-27,148.8919219970703,151.66651916503906,146.38133239746094,151.48220825195312,151.48220825195312,35739200
2005-06-28,152.56813049316406,154.04759216308594,150.43612670898438,150.43612670898438,150.43612670898438,38215600
2005-06-29,150.68519592285156,151.62168884277344,145.52952575683594,145.81346130371094,145.81346130371094,36734400
2005-06-30,146.6204376220703,148.9068603515625,144.97659301757812,146.52578735351562,146.52578735351562,30301800
2005-07-01,146.9691162109375,147.56687927246094,144.0699920654297,145.08120727539062,145.08120727539062,18524300
2005-07-05,145.50460815429688,147.43736267089844,144.57310485839844,147.30287170410156,147.30287170410156,15044000
2005-07-06,148.09490966796875,148.2443389892578,145.1459503173828,145.2156982421875,145.2156982421875,16060500
2005-07-07,144.15467834472656,147.3477020263672,143.71630859375,147.2181854248047,147.2181854248047,21424100
2005-07-08,147.57186889648438,148.1945343017578,146.47596740722656,147.56190490722656,147.56190490722656,14971000
2005-07-11,147.64659118652344,147.7462158203125,144.9666290283203,146.1272735595703,146.1272735595703,16843400
2005-07-12,146.14720153808594,146.6503143310547,144.9217987060547,145.34521484375,145.34521484375,11773700
2005-07-13,145.70884704589844,149.061279296875,145.50460815429688,148.8719940185547,148.8719940185547,22961400
2005-07-14,152.0998992919922,152.80226135253906,149.4747314453125,149.88319396972656,149.88319396972656,21415300
2005-07-15,150.0575408935547,151.13351440429688,149.3302764892578,150.0326385498047,150.0326385498047,16939900
2005-07-18,149.4398651123047,150.38632202148438,148.31906127929688,149.21072387695312,149.21072387695312,12462100
2005-07-19,150.48594665527344,154.5955352783203,150.3365020751953,154.3713836669922,154.3713836669922,25337300
2005-07-20,152.21446228027344,155.7213134765625,150.3365020751953,155.41744995117188,155.41744995117188,28728000
2005-07-21,156.43862915039062,158.30662536621094,155.02392578125,156.3838348388672,156.3838348388672,39727000
2005-07-22,152.61297607421875,154.04759216308594,147.61170959472656,150.6353759765625,150.6353759765625,46948800
2005-07-25,150.63040161132812,151.07872009277344,146.9292755126953,147.3726043701172,147.3726043701172,19389900
2005-07-26,146.9541778564453,148.443603515625,145.4996337890625,147.49215698242188,147.49215698242188,19707300
2005-07-27,148.3140869140625,148.55816650390625,145.654052734375,147.9105987548828,147.9105987548828,14489800
2005-07-28,148.1497039794922,148.1497039794922,146.0924072265625,146.20199584960938,146.20199584960938,11895500
2005-07-29,145.5245361328125,145.87322998046875,142.9591522216797,143.34271240234375,143.34271240234375,16789200
2005-08-01,143.5220489501953,145.70387268066406,143.5120849609375,145.26052856445312,145.26052856445312,11367200
2005-08-02,145.2555389404297,149.2007598876953,145.01644897460938,149.036376953125,149.036376953125,14634900
2005-08-03,148.443603515625,149.30038452148438,147.24807739257812,148.09490966796875,148.09490966796875,11905500
2005-08-04,147.22317504882812,148.9417266845703,147.07373046875,148.30909729003906,148.30909729003906,10512100
2005-08-05,148.1945343017578,148.69764709472656,145.111083984375,145.629150390625,145.629150390625,11923800
2005-08-08,146.25181579589844,147.27297973632812,144.70262145996094,145.08120727539062,145.08120727539062,8997100
2005-08-09,145.43487548828125,145.7935333251953,143.71630859375,145.2406005859375,145.2406005859375,11601800
2005-08-10,145.10610961914062,145.6191864013672,141.90809631347656,142.3065948486328,142.3065948486328,13809500
2005-08-11,142.4112091064453,142.75491333007812,139.78604125976562,141.49464416503906,141.49464416503906,15086100
2005-08-12,141.1509246826172,144.55816650390625,140.2941436767578,144.31906127929688,144.31906127929688,13221000
2005-08-15,144.35890197753906,145.83836364746094,141.35516357421875,141.46974182128906,141.46974182128906,16410600
2005-08-16,141.90809631347656,143.357666015625,141.14097595214844,142.29165649414062,142.29165649414062,14271600
2005-08-17,142.221923828125,142.74993896484375,141.46974182128906,142.01768493652344,142.01768493652344,7795600
2005-08-18,137.43983459472656,139.7262725830078,136.98654174804688,139.47222900390625,139.47222900390625,23834500
2005-08-19,139.97035217285156,140.19949340820312,139.2879180908203,139.47720336914062,139.47720336914062,11127200
2005-08-22,140.0948944091797,140.20945739746094,136.1646270751953,136.49339294433594,136.49339294433594,13677000
2005-08-23,137.5643768310547,139.34768676757812,136.54818725585938,139.2679901123047,139.2679901123047,11686900
2005-08-24,138.26673889160156,141.8433380126953,137.70883178710938,140.7574005126953,140.7574005126953,17250500
2005-08-25,140.7474365234375,141.46974182128906,139.46226501464844,140.76736450195312,140.76736450195312,8785900
2005-08-26,141.21070861816406,141.9778289794922,140.80224609375,141.26051330566406,141.26051330566406,7538700
2005-08-29,140.593017578125,144.02017211914062,140.593017578125,143.68643188476562,143.68643188476562,11850200
2005-08-30,143.1584014892578,144.21444702148438,142.40621948242188,143.0986328125,143.0986328125,9619800
2005-08-31,143.57684326171875,143.71133422851562,141.64906311035156,142.46600341796875,142.46600341796875,10105600
2005-09-01,142.42117309570312,143.21319580078125,141.96786499023438,142.5905303955078,142.5905303955078,5504600
2005-09-02,142.7200469970703,144.45355224609375,142.6851806640625,143.68643188476562,143.68643188476562,6894600
2005-09-06,143.9604034423828,144.15467834472656,142.864501953125,143.01893615722656,143.01893615722656,8456100
2005-09-07,142.4112091064453,147.19825744628906,142.1073455810547,146.8844451904297,146.8844451904297,15055100
2005-09-08,146.86451721191406,149.08120727539062,146.13226318359375,147.14346313476562,147.14346313476562,13276100
2005-09-09,148.08494567871094,148.99154663085938,147.72628784179688,148.98655700683594,148.98655700683594,8813800
2005-09-12,150.3115997314453,155.1285400390625,149.93798828125,154.2916717529297,154.2916717529297,20850700
2005-09-13,153.92306518554688,157.17587280273438,152.51333618164062,155.258056640625,155.258056640625,20676900
2005-09-14,153.78855895996094,156.05506896972656,149.5893096923828,150.93426513671875,150.93426513671875,22636000
2005-09-15,149.2007598876953,152.80226135253906,148.3987579345703,150.74496459960938,150.74496459960938,31048300
2005-09-16,151.44235229492188,151.68145751953125,149.37510681152344,149.53948974609375,149.53948974609375,15216300
2005-09-19,149.93798828125,152.4286651611328,149.7935333251953,151.32778930664062,151.32778930664062,11566900
2005-09-20,152.50338745117188,155.0687713623047,152.04510498046875,153.38009643554688,153.38009643554688,18772000
2005-09-21,153.62916564941406,156.29417419433594,152.4087371826172,155.36764526367188,155.36764526367188,20315200
2005-09-22,155.16839599609375,159.01397705078125,154.50587463378906,155.1036376953125,155.1036376953125,26110200
2005-09-23,155.91558837890625,158.01272583007812,155.7113494873047,157.0911865234375,157.0911865234375,17031100
2005-09-26,159.15345764160156,159.87574768066406,155.6964111328125,156.55320739746094,156.55320739746094,19862800
2005-09-27,156.88694763183594,158.61048889160156,156.10487365722656,156.3838348388672,156.3838348388672,13797600
2005-09-28,156.5233154296875,156.961669921875,152.22940063476562,152.4286651611328,152.4286651611328,16054600
2005-09-29,152.76739501953125,154.77984619140625,152.468505859375,154.23190307617188,154.23190307617188,11269600
2005-09-30,156.5233154296875,158.1571807861328,155.56192016601562,157.63912963867188,157.63912963867188,18371200
2005-10-03,156.2294158935547,159.4573211669922,155.8109893798828,158.74497985839844,158.74497985839844,18389200
2005-10-04,159.3776092529297,160.04013061523438,154.78981018066406,154.91932678222656,154.91932678222656,18357000
2005-10-05,155.76116943359375,156.86204528808594,153.4249267578125,154.77487182617188,154.77487182617188,16719100
2005-10-06,156.48345947265625,156.65283203125,154.4660186767578,155.7910614013672,155.7910614013672,16047400
2005-10-07,156.8072509765625,157.74374389648438,154.690185546875,155.91061401367188,155.91061401367188,13591300
2005-10-10,156.07000732421875,156.8221893310547,153.99777221679688,154.74497985839844,154.74497985839844,11186100
2005-10-11,154.7250518798828,155.74124145507812,151.8607940673828,152.4784698486328,152.4784698486328,17149100
2005-10-12,152.0301513671875,153.0214385986328,148.9417266845703,149.9230499267578,149.9230499267578,18682100
2005-10-13,150.43612670898438,150.43612670898438,144.79727172851562,148.16464233398438,148.16464233398438,21214500
2005-10-14,149.39004516601562,149.55442810058594,145.72378540039062,147.51707458496094,147.51707458496094,17102000
2005-10-17,148.1945343017578,152.0301513671875,146.7300262451172,151.93052673339844,151.93052673339844,15190000
2005-10-18,151.9105987548828,153.40499877929688,150.80474853515625,151.07374572753906,151.07374572753906,14208600
2005-10-19,151.43238830566406,154.35643005371094,151.4124755859375,153.77362060546875,153.77362060546875,14073900
2005-10-20,154.4162139892578,154.9840850830078,150.0426025390625,151.0338897705078,151.0338897705078,27927600
2005-10-21,172.2543487548828,172.56817626953125,165.8782501220703,169.31536865234375,169.31536865234375,45956300
2005-10-24,171.04388427734375,173.99781799316406,170.45608520507812,173.6740264892578,173.6740264892578,18934000
2005-10-25,172.244384765625,173.05136108398438,170.7898406982422,172.80728149414062,172.80728149414062,13808100
2005-10-26,172.4934539794922,177.33529663085938,172.44862365722656,177.0563507080078,177.0563507080078,17881700
2005-10-27,177.63418579101562,177.87826538085938,175.18336486816406,175.87078857421875,175.87078857421875,10307200
2005-10-28,176.97166442871094,178.80479431152344,176.84713745117188,178.41624450683594,178.41624450683594,11851200
2005-10-31,179.4473876953125,186.67529296875,179.08375549316406,185.3751678466797,185.3751678466797,28793200
2005-11-01,185.23568725585938,191.23321533203125,183.81600952148438,188.9816436767578,188.9816436767578,32834800
2005-11-02,190.13731384277344,191.78115844726562,187.8807830810547,189.13108825683594,189.13108825683594,21209900
2005-11-03,190.49099731445312,192.56820678710938,189.97792053222656,192.25437927246094,192.25437927246094,14952500
2005-11-04,194.26185607910156,195.16348266601562,192.00531005859375,194.48602294921875,194.48602294921875,17715900
2005-11-07,196.8123016357422,197.9928741455078,195.34280395507812,196.77743530273438,196.77743530273438,19254800
2005-11-08,196.38888549804688,197.05638122558594,193.56446838378906,194.22201538085938,194.22201538085938,15854100
2005-11-09,192.613037109375,193.42001342773438,188.30917358398438,188.86708068847656,188.86708068847656,21012200
2005-11-10,188.4735565185547,194.94430541992188,188.01028442382812,194.81976318359375,194.81976318359375,18325700
2005-11-11,196.822265625,197.7089385986328,193.698974609375,194.4710693359375,194.4710693359375,14180700
2005-11-14,195.32786560058594,198.36647033691406,195.03396606445312,197.74380493164062,197.74380493164062,15674300
2005-11-15,196.45364379882812,197.75875854492188,194.7450408935547,195.66659545898438,195.66659545898438,17314400
2005-11-16,197.36024475097656,198.6802978515625,196.31915283203125,198.33160400390625,198.33160400390625,17455400
2005-11-17,200.14979553222656,201.15103149414062,199.01902770996094,200.97171020507812,200.97171020507812,18493400
2005-11-18,200.99163818359375,201.4947509765625,199.17843627929688,199.35775756835938,199.35775756835938,14103800
2005-11-21,198.83970642089844,204.22451782226562,196.0102996826172,203.91567993164062,203.91567993164062,20747600
2005-11-22,203.56199645996094,207.87582397460938,202.3565216064453,207.4573974609375,207.4573974609375,19263800
2005-11-23,207.7413330078125,211.56700134277344,207.1136932373047,210.64047241210938,210.64047241210938,20245500
2005-11-25,212.0950164794922,213.574462890625,211.8559112548828,213.5097198486328,213.5097198486328,9716400
2005-11-28,214.1074676513672,214.8148193359375,210.43125915527344,210.94931030273438,210.94931030273438,22099300
2005-11-29,211.43748474121094,212.4038543701172,200.31915283203125,201.01654052734375,201.01654052734375,43152600
2005-11-30,201.3751983642578,203.46237182617188,197.04144287109375,201.69898986816406,201.69898986816406,31310000
2005-12-01,203.83596801757812,206.94432067871094,203.38267517089844,206.27183532714844,206.27183532714844,19562700
2005-12-02,207.6915283203125,208.981689453125,206.1572723388672,208.07009887695312,208.07009887695312,15143400
2005-12-05,207.72140502929688,207.97047424316406,201.38516235351562,202.16722106933594,202.16722106933594,20655800
2005-12-06,203.58689880371094,207.42750549316406,200.0999755859375,201.51467895507812,201.51467895507812,30363900
2005-12-07,202.3216552734375,202.59063720703125,198.75999450683594,201.3552703857422,201.3552703857422,23419200
2005-12-08,201.89324951171875,204.55825805664062,200.56822204589844,204.55825805664062,204.55825805664062,17886700
2005-12-09,206.7251434326172,207.1136932373047,203.5171661376953,203.83596801757812,203.83596801757812,15344000
2005-12-12,206.54083251953125,206.8297576904297,204.20957946777344,205.53460693359375,205.53460693359375,13952300
2005-12-13,205.4798126220703,208.21954345703125,205.05142211914062,207.9654998779297,207.9654998779297,16388700
2005-12-14,207.7413330078125,209.08131408691406,206.96922302246094,208.69775390625,208.69775390625,13310400
2005-12-15,208.77247619628906,210.77993774414062,207.4723358154297,210.48605346679688,210.48605346679688,12136800
2005-12-16,211.87583923339844,215.44247436523438,210.58567810058594,214.2718505859375,214.2718505859375,32783300
2005-12-19,215.29302978515625,222.27186584472656,209.27059936523438,211.50721740722656,211.50721740722656,44037900
2005-12-20,213.13113403320312,215.29302978515625,211.54208374023438,214.067626953125,214.067626953125,20244900
2005-12-21,215.96551513671875,217.6143341064453,209.56948852539062,212.36898803710938,212.36898803710938,22527800
2005-12-22,215.07882690429688,215.62179565429688,212.16973876953125,215.2133331298828,215.2133331298828,15149600
2005-12-23,215.26812744140625,215.44247436523438,213.58941650390625,214.660400390625,214.660400390625,9224500
2005-12-27,215.1236572265625,215.1236572265625,210.5906524658203,211.5271453857422,211.5271453857422,13455800
2005-12-28,211.37770080566406,213.09127807617188,209.8434600830078,212.54830932617188,212.54830932617188,14289100
2005-12-29,213.19090270996094,213.56451416015625,208.80235290527344,209.29052734375,209.29052734375,13943500
2005-12-30,207.8559112548828,208.3241424560547,206.0974884033203,206.65541076660156,206.65541076660156,15231000
2006-01-03,210.47109985351562,217.02154541015625,208.32913208007812,216.8023681640625,216.8023681640625,26340700
2006-01-04,221.12118530273438,223.64173889160156,219.05392456054688,221.78868103027344,221.78868103027344,30687300
2006-01-05,222.16726684570312,224.93190002441406,219.9256591796875,224.77748107910156,224.77748107910156,21697600
2006-01-06,227.58197021484375,234.37152099609375,225.77374267578125,231.96055603027344,231.96055603027344,35646900
2006-01-09,232.3341522216797,235.81610107421875,229.609375,232.5782470703125,232.5782470703125,25679600
2006-01-10,231.34286499023438,234.24697875976562,230.15731811523438,234.00289916992188,234.00289916992188,18262300
2006-01-11,234.7550811767578,236.66790771484375,233.7139892578125,234.9344024658203,234.9344024658203,18082300
2006-01-12,235.9755096435547,236.60813903808594,229.88832092285156,230.9493408203125,230.9493408203125,20326400
2006-01-13,231.28807067871094,232.57325744628906,229.943115234375,232.25445556640625,232.25445556640625,15370500
2006-01-17,230.6654052734375,234.0726318359375,230.40139770507812,232.68284606933594,232.68284606933594,16602500
2006-01-18,222.81483459472656,227.8260498046875,220.79739379882812,221.62429809570312,221.62429809570312,41124800
2006-01-19,224.74261474609375,225.89828491210938,215.6915283203125,217.41009521484375,217.41009521484375,29183500
2006-01-20,218.53089904785156,219.1934051513672,196.63296508789062,198.98416137695312,198.98416137695312,82541500
2006-01-23,202.9293670654297,213.3951416015625,202.10745239257812,212.95179748535156,212.95179748535156,45653100
2006-01-24,217.2008819580078,221.64422607421875,216.42877197265625,220.68780517578125,220.68780517578125,31045100
2006-01-25,224.78744506835938,226.2668914794922,213.80859375,215.6915283203125,215.6915283203125,37620000
2006-01-26,218.94932556152344,219.17347717285156,210.98916625976562,216.32415771484375,216.32415771484375,25949000
2006-01-27,216.68780517578125,218.2917938232422,213.6890411376953,215.9356231689453,215.9356231689453,16967700
2006-01-30,213.81356811523438,215.8310089111328,211.7064666748047,212.61306762695312,212.61306762695312,17242100
2006-01-31,214.4810791015625,218.97921752929688,211.19338989257812,215.5221710205078,215.5221710205078,44297300
2006-02-01,193.78863525390625,200.24942016601562,193.0364532470703,200.13983154296875,200.13983154296875,54448200
2006-02-02,201.15602111816406,202.4910125732422,197.2506561279297,197.28054809570312,197.28054809570312,23703900
2006-02-03,196.07505798339844,196.21453857421875,185.58937072753906,190.06259155273438,190.06259155273438,36700500
2006-02-06,191.93557739257812,194.22201538085938,189.07131958007812,191.83096313476562,191.83096313476562,17947700
2006-02-07,190.7799072265625,191.1335906982422,180.99658203125,183.27304077148438,183.27304077148438,33385000
2006-02-08,183.552001953125,184.6528778076172,176.67279052734375,183.8508758544922,183.8508758544922,41764100
2006-02-09,184.90692138671875,186.50094604492188,177.3900909423828,178.7151336669922,178.7151336669922,23914000
2006-02-10,180.2991943359375,181.56942749023438,175.91064453125,180.62796020507812,180.62796020507812,30561000
2006-02-13,172.6727752685547,174.6453857421875,170.30665588378906,172.20452880859375,172.20452880859375,39583300
2006-02-14,172.02023315429688,175.1883544921875,170.56069946289062,171.01898193359375,171.01898193359375,29417800
2006-02-15,169.997802734375,172.35397338867188,168.2842254638672,170.5507354736328,170.5507354736328,25990900
2006-02-16,172.18959045410156,182.81475830078125,171.60179138183594,182.5457763671875,182.5457763671875,42790700
2006-02-17,184.2394256591797,185.3751678466797,181.13107299804688,183.68649291992188,183.68649291992188,28747700
2006-02-21,182.5358123779297,186.0725555419922,181.873291015625,182.61053466796875,182.61053466796875,17437000
2006-02-22,182.8894805908203,183.78611755371094,181.25062561035156,182.06259155273438,182.06259155273438,13000800
2006-02-23,182.1223602294922,189.90817260742188,182.0127716064453,188.3291015625,188.3291015625,25197200
2006-02-24,187.94554138183594,189.3253631591797,186.0476531982422,187.99534606933594,187.99534606933594,13017100
2006-02-27,189.92312622070312,195.11865234375,189.4299774169922,194.4611053466797,194.4611053466797,20500900
2006-02-28,195.8658447265625,198.02774047851562,168.62295532226562,180.63294982910156,180.63294982910156,79170700
2006-03-01,183.59185791015625,184.03518676757812,179.97540283203125,181.7188720703125,181.7188720703125,24212700
2006-03-02,181.4598388671875,189.83843994140625,180.42372131347656,187.52212524414062,187.52212524414062,36797900
2006-03-03,191.43246459960938,192.89697265625,187.17840576171875,188.38389587402344,188.38389587402344,24013600
2006-03-06,189.74378967285156,190.98414611816406,182.88450622558594,183.3627166748047,183.3627166748047,17946300
2006-03-07,181.82846069335938,183.5370635986328,178.4062957763672,181.54452514648438,181.54452514648438,20835300
2006-03-08,176.30416870117188,179.3427734375,174.61549377441406,176.27926635742188,176.27926635742188,23579100
2006-03-09,177.0314483642578,178.5955810546875,170.1123809814453,170.8595733642578,170.8595733642578,27925000
2006-03-10,171.108642578125,171.60678100585938,165.1559600830078,168.11984252929688,168.11984252929688,38796000
2006-03-13,169.8284454345703,172.40379333496094,167.0986785888672,167.90066528320312,167.90066528320312,27386900
2006-03-14,167.94052124023438,175.52708435058594,165.68894958496094,174.92434692382812,174.92434692382812,37039700
2006-03-15,174.73007202148438,175.49221801757812,169.62918090820312,171.60678100585938,171.60678100585938,25633200
2006-03-16,173.6540985107422,173.72384643554688,168.319091796875,168.75247192382812,168.75247192382812,20108400
2006-03-17,168.76742553710938,170.25186157226562,166.8396453857422,169.2605743408203,169.2605743408203,17167500
2006-03-20,170.5308074951172,174.39134216308594,170.13230895996094,173.44488525390625,173.44488525390625,20893200
2006-03-21,174.3514862060547,175.17340087890625,168.90689086914062,169.32533264160156,169.32533264160156,19735800
2006-03-22,169.2406463623047,171.4075164794922,168.11984252929688,169.47476196289062,169.47476196289062,15248800
2006-03-23,170.53579711914062,172.2294464111328,169.4647979736328,170.30665588378906,170.30665588378906,14925000
2006-03-24,183.62173461914062,184.35398864746094,180.57815551757812,182.21701049804688,182.21701049804688,30474900
2006-03-27,182.85960388183594,185.1609649658203,181.81849670410156,184.1547393798828,184.1547393798828,14100000
2006-03-28,185.1609649658203,188.2244873046875,184.89198303222656,187.89572143554688,187.89572143554688,17958500
2006-03-29,189.26060485839844,198.75502014160156,189.04640197753906,196.7525177001953,196.7525177001953,38197500
2006-03-30,193.8683319091797,196.01528930664062,191.0887451171875,193.49473571777344,193.49473571777344,29533600
2006-03-31,193.64418029785156,195.2033233642578,191.2979736328125,194.27182006835938,194.27182006835938,73316500
2006-04-03,194.03770446777344,195.50221252441406,193.24069213867188,194.12237548828125,194.12237548828125,16306200
2006-04-04,194.22201538085938,201.69400024414062,193.3452911376953,201.41505432128906,201.41505432128906,31549100
2006-04-05,203.3378448486328,206.5109405517578,200.6578826904297,203.2332305908203,203.2332305908203,26921500
2006-04-06,202.4860382080078,206.17221069335938,201.9580078125,204.82228088378906,204.82228088378906,17261300
2006-04-07,205.4349822998047,205.65415954589844,201.25564575195312,202.3216552734375,202.3216552734375,14104400
2006-04-10,202.77993774414062,207.80609130859375,201.86834716796875,207.41256713867188,207.41256713867188,18710000
2006-04-11,207.4324951171875,208.76748657226562,202.35153198242188,204.0651092529297,204.0651092529297,22297600
2006-04-12,203.73634338378906,204.89700317382812,201.8384552001953,203.71144104003906,203.71144104003906,12079000
2006-04-13,203.55203247070312,204.11492919921875,199.50221252441406,200.32911682128906,200.32911682128906,13154900
2006-04-17,200.97171020507812,205.4798126220703,199.6715850830078,202.65042114257812,202.65042114257812,16580800
2006-04-18,203.20333862304688,204.14979553222656,200.00035095214844,201.365234375,201.365234375,16336100
2006-04-19,205.51467895507812,206.0476837158203,202.6055908203125,204.48355102539062,204.48355102539062,13614100
2006-04-20,204.7375946044922,207.22328186035156,203.3378448486328,206.7251434326172,206.7251434326172,24634900
2006-04-21,223.61184692382812,224.51844787597656,217.27061462402344,217.73388671875,217.73388671875,45271600
2006-04-24,218.8795928955078,221.51968383789062,217.44496154785156,219.4275360107422,219.4275360107422,17738900
2006-04-25,218.99415588378906,219.69651794433594,212.20460510253906,212.78244018554688,212.78244018554688,19209600
2006-04-26,213.07135009765625,214.21705627441406,210.97421264648438,212.18966674804688,212.18966674804688,14610100
2006-04-27,210.66537475585938,212.6579132080078,208.9119415283203,209.2307586669922,209.2307586669922,16738200
2006-04-28,208.5333709716797,212.0701141357422,207.37271118164062,208.1896514892578,208.1896514892578,14898100
2006-05-01,208.4536590576172,208.93685913085938,198.53085327148438,198.7052001953125,198.7052001953125,20800000
2006-05-02,199.7911376953125,200.49349975585938,193.4748077392578,196.66285705566406,196.66285705566406,26306800
2006-05-03,197.43496704101562,200.00035095214844,194.71017456054688,196.34902954101562,196.34902954101562,16204800
2006-05-04,196.77743530273438,198.6902618408203,195.37269592285156,196.63795471191406,196.63795471191406,9338800
2006-05-05,198.05763244628906,199.5918731689453,195.1584930419922,196.41378784179688,196.41378784179688,12175400
2006-05-08,196.81727600097656,197.8185272216797,194.29672241210938,196.65289306640625,196.65289306640625,10275500
2006-05-09,197.11117553710938,203.73634338378906,196.1398162841797,203.63671875,203.63671875,18349600
2006-05-10,203.39263916015625,205.08628845214844,200.17967224121094,200.73757934570312,200.73757934570312,12420700
2006-05-11,200.95677185058594,201.59934997558594,191.7711944580078,192.7774200439453,192.7774200439453,17852100
2006-05-12,191.0538787841797,191.71640014648438,186.07752990722656,186.366455078125,186.366455078125,20250700
2006-05-15,187.26309204101562,189.36521911621094,183.43743896484375,187.3975830078125,187.3975830078125,17244500
2006-05-16,187.29298400878906,187.72634887695312,184.25436401367188,184.9567413330078,184.9567413330078,13030700
2006-05-17,184.61302185058594,189.21078491210938,184.4187469482422,186.55076599121094,186.55076599121094,21367300
2006-05-18,188.68276977539062,190.19210815429688,184.662841796875,184.8023223876953,184.8023223876953,11713600
2006-05-19,185.9430389404297,186.55076599121094,179.6117706298828,184.31912231445312,184.31912231445312,22881700
2006-05-22,183.23817443847656,185.81851196289062,181.9430389404297,184.7823944091797,184.7823944091797,17273200
2006-05-23,186.40631103515625,191.22325134277344,186.08251953125,187.0887451171875,187.0887451171875,18033200
2006-05-24,187.97044372558594,191.0040740966797,185.1111602783203,189.9131622314453,189.9131622314453,19179200
2006-05-25,188.83221435546875,190.78489685058594,185.45985412597656,190.7799072265625,190.7799072265625,16450500
2006-05-26,191.55699157714844,192.21951293945312,189.30543518066406,189.9629669189453,189.9629669189453,7361400
2006-05-30,188.43370056152344,189.7886199951172,185.03146362304688,185.27554321289062,185.27554321289062,8664300
2006-05-31,186.2020721435547,188.41876220703125,182.70516967773438,185.21575927734375,185.21575927734375,16022300
2006-06-01,186.0725555419922,190.7799072265625,185.10617065429688,190.59559631347656,190.59559631347656,12603000
2006-06-02,192.69772338867188,192.81727600097656,188.02024841308594,189.01153564453125,189.01153564453125,12820600
2006-06-05,187.3876190185547,190.01278686523438,186.3764190673828,186.5208740234375,186.5208740234375,11158600
2006-06-06,187.58688354492188,194.27182006835938,187.44740295410156,194.266845703125,194.266845703125,20596400
2006-06-07,195.88577270507812,196.6927490234375,192.52835083007812,192.53334045410156,192.53334045410156,17889300
2006-06-08,193.15101623535156,196.3988494873047,188.58811950683594,195.91566467285156,195.91566467285156,20796600
2006-06-09,195.36273193359375,196.9766845703125,191.95550537109375,192.563232421875,192.563232421875,12361100
2006-06-12,193.44491577148438,194.51589965820312,189.7886199951172,190.0576171875,190.0576171875,10075700
2006-06-13,189.7388153076172,192.7774200439453,188.35400390625,192.53831481933594,192.53831481933594,15375500
2006-06-14,194.1871337890625,194.81976318359375,188.55325317382812,191.477294921875,191.477294921875,15602200
2006-06-15,192.588134765625,195.3926239013672,190.78489685058594,194.76995849609375,194.76995849609375,13622100
2006-06-16,193.82350158691406,194.73509216308594,193.2755584716797,194.62051391601562,194.62051391601562,10648900
2006-06-19,194.6952362060547,196.66285705566406,192.7674560546875,193.3452911376953,193.3452911376953,15323300
2006-06-20,193.29049682617188,195.2033233642578,192.53334045410156,192.8621063232422,192.8621063232422,8110000
2006-06-21,194.79983520507812,201.2456817626953,194.1472930908203,200.31417846679688,200.31417846679688,17554200
2006-06-22,200.0402069091797,202.241943359375,193.2755584716797,199.22824096679688,199.22824096679688,11868000
2006-06-23,200.62799072265625,204.1099395751953,199.62176513671875,201.674072265625,201.674072265625,10669400
2006-06-26,202.6155548095703,203.3876495361328,200.87208557128906,201.3552703857422,201.3552703857422,7129000
2006-06-27,202.0974884033203,203.23822021484375,199.7562713623047,200.4088134765625,200.4088134765625,8244900
2006-06-28,201.2506561279297,202.48104858398438,199.8160400390625,202.29673767089844,202.29673767089844,7448700
2006-06-29,203.2332305908203,208.3191680908203,202.15228271484375,208.12489318847656,208.12489318847656,13366200
2006-06-30,207.02401733398438,208.88206481933594,205.39512634277344,208.88206481933594,208.88206481933594,12562800
2006-07-03,209.23573303222656,211.09376525878906,208.94183349609375,210.80982971191406,210.80982971191406,4329500
2006-07-05,209.9729766845703,210.61058044433594,207.0439453125,209.94308471679688,209.94308471679688,10008500
2006-07-06,210.8994903564453,211.89576721191406,210.20211791992188,210.8048553466797,210.8048553466797,7401700
2006-07-07,212.22950744628906,213.1460723876953,207.1634979248047,209.43997192382812,209.43997192382812,12129000
2006-07-10,210.92938232421875,211.821044921875,207.41256713867188,208.3191680908203,208.3191680908203,8905900
2006-07-11,208.4735870361328,211.73138427734375,205.7438201904297,211.48728942871094,211.48728942871094,11987300
2006-07-12,210.2569122314453,210.5806884765625,207.5869140625,207.845947265625,207.845947265625,9850100
2006-07-13,206.2270050048828,208.38890075683594,202.6553955078125,203.6516571044922,203.6516571044922,13900800
2006-07-14,204.39886474609375,204.97669982910156,198.5607452392578,200.99661254882812,200.99661254882812,15160800
2006-07-17,201.55950927734375,204.73260498046875,201.106201171875,203.1834259033203,203.1834259033203,11667300
2006-07-18,204.1099395751953,204.51841735839844,198.1273651123047,200.7724609375,200.7724609375,17137500
2006-07-19,196.76747131347656,199.82101440429688,196.59312438964844,198.75502014160156,198.75502014160156,17100800
2006-07-20,201.38516235351562,201.46485900878906,192.10992431640625,192.8372039794922,192.8372039794922,25171300
2006-07-21,192.34902954101562,195.1435546875,188.13980102539062,194.3266143798828,194.3266143798828,23597300
2006-07-24,195.6765594482422,196.20956420898438,189.8932342529297,194.7201385498047,194.7201385498047,16232700
2006-07-25,191.79112243652344,194.92437744140625,191.1833953857422,193.95301818847656,193.95301818847656,11565300
2006-07-26,193.37518310546875,195.22325134277344,190.78489685058594,192.0302276611328,192.0302276611328,11105200
2006-07-27,192.96173095703125,193.02151489257812,188.26931762695312,190.4860076904297,190.4860076904297,11324400
2006-07-28,190.28675842285156,194.05264282226562,190.1522674560547,193.3353271484375,193.3353271484375,8197700
2006-07-31,193.2755584716797,193.85836791992188,190.93931579589844,192.5781707763672,192.5781707763672,9224900
2006-08-01,191.83595275878906,192.1647186279297,187.0538787841797,187.0538787841797,187.0538787841797,10967300
2006-08-02,187.0987091064453,187.8807830810547,181.91812133789062,182.92933654785156,182.92933654785156,14248700
2006-08-03,181.80853271484375,188.2493896484375,181.00155639648438,186.9940948486328,186.9940948486328,12701300
2006-08-04,189.07131958007812,189.6292266845703,185.18089294433594,186.2269744873047,186.2269744873047,10228500
2006-08-07,185.05636596679688,189.15599060058594,184.88201904296875,188.26931762695312,188.26931762695312,7923200
2006-08-08,190.69522094726562,191.53208923339844,188.83718872070312,189.7886199951172,189.7886199951172,11529300
2006-08-09,190.68527221679688,191.6217498779297,187.477294921875,187.76620483398438,187.76620483398438,8654200
2006-08-10,186.24191284179688,188.1298370361328,185.53457641601562,186.4013214111328,186.4013214111328,8555700
2006-08-11,186.50094604492188,186.93930053710938,183.31289672851562,183.5619659423828,183.5619659423828,7561200
2006-08-14,185.05636596679688,186.8645782470703,183.6466522216797,184.0252227783203,184.0252227783203,9973800
2006-08-15,186.3564910888672,190.12237548828125,185.60430908203125,189.773681640625,189.773681640625,13446500
2006-08-16,191.0240020751953,193.4997100830078,190.34652709960938,193.13607788085938,193.13607788085938,11750200
2006-08-17,192.4735565185547,194.27182006835938,191.24317932128906,192.17965698242188,192.17965698242188,10198400
2006-08-18,192.4337158203125,192.82225036621094,189.66409301757812,190.96421813964844,190.96421813964844,9941500
2006-08-21,188.3440399169922,188.7923583984375,186.909423828125,187.94554138183594,187.94554138183594,8076700
2006-08-22,188.15972900390625,188.921875,186.72012329101562,188.43869018554688,188.43869018554688,8359300
2006-08-23,188.11489868164062,188.42872619628906,185.6342010498047,186.01776123046875,186.01776123046875,7311800
2006-08-24,186.5208740234375,187.49720764160156,185.43495178222656,186.16720581054688,186.16720581054688,6991000
2006-08-25,185.84341430664062,186.959228515625,185.5544891357422,185.93307495117188,185.93307495117188,4951800
2006-08-28,187.1036834716797,189.7637176513672,186.79983520507812,189.7637176513672,189.7637176513672,8359100
2006-08-29,189.6790313720703,190.4461669921875,187.89572143554688,188.7674560546875,188.7674560546875,8953400
2006-08-30,188.89697265625,191.6068115234375,188.54827880859375,189.66409301757812,189.66409301757812,8119000
2006-08-31,190.03271484375,190.36148071289062,188.39385986328125,188.55824279785156,188.55824279785156,5941900
2006-09-01,189.7836456298828,189.9281005859375,187.89073181152344,188.59310913085938,188.59310913085938,5365700
2006-09-05,189.22573852539062,191.98040771484375,188.01527404785156,191.4623565673828,191.4623565673828,8179000
2006-09-06,190.33657836914062,190.87953186035156,189.12112426757812,189.3602294921875,189.3602294921875,7476000
2006-09-07,188.98663330078125,190.1622314453125,187.99534606933594,188.53831481933594,188.53831481933594,7712700
2006-09-08,187.6566162109375,189.68402099609375,187.6566162109375,188.21951293945312,188.21951293945312,6189800
2006-09-11,188.42373657226562,191.62673950195312,188.17965698242188,191.32785034179688,191.32785034179688,9092200
2006-09-12,191.78115844726562,195.63172912597656,191.72137451171875,195.21827697753906,195.21827697753906,10925100
2006-09-13,196.8372039794922,202.6205291748047,196.8123016357422,202.52587890625,202.52587890625,19609500
2006-09-14,201.39512634277344,202.3814239501953,200.2145538330078,201.2357177734375,201.2357177734375,10772300
2006-09-15,202.97918701171875,204.25938415527344,202.61056518554688,204.17469787597656,204.17469787597656,15735000
2006-09-18,204.23448181152344,208.56324768066406,203.97047424316406,206.5707244873047,206.5707244873047,14266600
2006-09-19,206.95428466796875,206.96922302246094,195.63670349121094,201.15103149414062,201.15103149414062,28692800
2006-09-20,202.78988647460938,202.93435668945312,196.5731964111328,197.75875854492188,197.75875854492188,18364000
2006-09-21,199.402587890625,203.46237182617188,199.18341064453125,202.6653594970703,202.6653594970703,21464200
2006-09-22,201.73385620117188,202.9642333984375,199.9306182861328,201.13609313964844,201.13609313964844,9333900
2006-09-25,202.03273010253906,203.96051025390625,200.4984893798828,201.2357177734375,201.2357177734375,11517500
2006-09-26,201.9928741455078,203.0788116455078,200.1348419189453,202.67532348632812,202.67532348632812,10618300
2006-09-27,202.39138793945312,204.84219360351562,200.43373107910156,200.70770263671875,200.70770263671875,11797400
2006-09-28,201.28553771972656,202.73011779785156,199.5221405029297,201.03646850585938,201.03646850585938,10253000
2006-09-29,201.80857849121094,202.0526580810547,199.9555206298828,200.19960021972656,200.19960021972656,6646500
2006-10-02,200.19960021972656,202.241943359375,199.6516571044922,199.970458984375,199.970458984375,7331100
2006-10-03,199.89573669433594,202.47108459472656,198.35153198242188,201.26560974121094,201.26560974121094,10970300
2006-10-04,201.72886657714844,207.10870361328125,200.7724609375,207.07383728027344,207.07383728027344,13373500
2006-10-05,206.57569885253906,208.33909606933594,204.66287231445312,205.13609313964844,205.13609313964844,11622900
2006-10-06,204.3440704345703,210.167236328125,204.1099395751953,209.46487426757812,209.46487426757812,14727900
2006-10-09,211.60684204101562,215.1685028076172,210.91941833496094,213.69900512695312,213.69900512695312,15223300
2006-10-10,214.97422790527344,218.10748291015625,210.40634155273438,212.5283966064453,212.5283966064453,19650500
2006-10-11,211.7164306640625,214.1522979736328,211.0887908935547,212.45367431640625,212.45367431640625,11312900
2006-10-12,213.47982788085938,214.03773498535156,211.20834350585938,212.9219207763672,212.9219207763672,9724200
2006-10-13,213.08131408691406,213.9480743408203,211.9854278564453,212.8521728515625,212.8521728515625,7272100
2006-10-16,213.0514373779297,213.7986297607422,209.88330078125,210.08753967285156,210.08753967285156,8671100
2006-10-17,209.36524963378906,211.08380126953125,207.5719757080078,209.53460693359375,209.53460693359375,10461000
2006-10-18,210.70523071289062,211.58193969726562,207.97047424316406,208.87210083007812,208.87210083007812,12079600
2006-10-19,209.33038330078125,213.9480743408203,209.00161743164062,212.2344970703125,212.2344970703125,23093200
2006-10-20,228.6380157470703,229.19093322753906,225.94808959960938,228.97674560546875,228.97674560546875,23383000
2006-10-23,230.27687072753906,241.4151153564453,229.325439453125,239.49232482910156,239.49232482910156,30322200
2006-10-24,237.250732421875,238.03778076171875,234.82481384277344,235.77127075195312,235.77127075195312,17385300
2006-10-25,237.8534698486328,243.33790588378906,236.66790771484375,242.39146423339844,242.39146423339844,18443700
2006-10-26,242.929443359375,245.0614471435547,241.19593811035156,241.64425659179688,241.64425659179688,14116000
2006-10-27,241.04649353027344,241.7139892578125,235.36280822753906,236.71273803710938,236.71273803710938,13257400
2006-10-30,236.52345275878906,239.33291625976562,234.12742614746094,237.3951873779297,237.3951873779297,13175300
2006-10-31,238.1374053955078,240.17974853515625,236.0352783203125,237.30552673339844,237.30552673339844,12617800
2006-11-01,238.48609924316406,238.67041015625,231.7613067626953,232.8771209716797,232.8771209716797,10893200
2006-11-02,232.8771209716797,235.98048400878906,232.3192138671875,234.07762145996094,234.07762145996094,10512500
2006-11-03,235.23329162597656,235.99044799804688,231.66168212890625,235.0190887451172,235.0190887451172,9852100
2006-11-06,236.0004119873047,238.93441772460938,235.28309631347656,237.58447265625,237.58447265625,10020300
2006-11-07,237.58447265625,238.61561584472656,235.004150390625,235.40264892578125,235.40264892578125,9830800
2006-11-08,234.2967987060547,239.9705352783203,233.42506408691406,236.6131134033203,236.6131134033203,15989600
2006-11-09,237.36032104492188,238.8497314453125,235.04898071289062,235.4325408935547,235.4325408935547,9794900
2006-11-10,236.00538635253906,236.4736328125,234.26690673828125,235.8908233642578,235.8908233642578,5614200
2006-11-13,236.5633087158203,239.6865997314453,236.18472290039062,239.61685180664062,239.61685180664062,8716200
2006-11-14,239.4524688720703,244.06019592285156,239.35284423828125,243.73641967773438,243.73641967773438,14500900
2006-11-15,245.793701171875,248.99171447753906,245.0465087890625,245.0465087890625,245.0465087890625,16804100
2006-11-16,246.57577514648438,247.9107666015625,245.36033630371094,247.0240936279297,247.0240936279297,10223200
2006-11-17,245.70404052734375,248.89707946777344,245.5795135498047,248.4636993408203,248.4636993408203,11063200
2006-11-20,248.26942443847656,248.26942443847656,245.40516662597656,246.60067749023438,246.60067749023438,10287300
2006-11-21,247.3428955078125,254.04776000976562,246.98922729492188,253.8734130859375,253.8734130859375,16918100
2006-11-22,254.5309600830078,255.5421600341797,251.94564819335938,253.05648803710938,253.05648803710938,9035100
2006-11-24,251.3080291748047,252.80242919921875,251.05897521972656,251.55709838867188,251.55709838867188,3478300
2006-11-27,249.74888610839844,249.95310974121094,241.46990966796875,241.46990966796875,241.46990966796875,14704200
2006-11-28,239.6666717529297,244.01536560058594,237.62432861328125,243.83604431152344,243.83604431152344,15653500
2006-11-29,246.1971893310547,246.44625854492188,240.22457885742188,241.42010498046875,241.42010498046875,12677900
2006-11-30,241.1909637451172,244.28436279296875,239.87588500976562,241.4998016357422,241.4998016357422,11196700
2006-12-01,242.08261108398438,243.28311157226562,238.35658264160156,239.50228881835938,239.50228881835938,11304900
2006-12-04,240.59817504882812,242.80490112304688,238.77999877929688,241.5197296142578,241.5197296142578,9836400
2006-12-05,242.7899627685547,243.80615234375,241.53965759277344,242.59071350097656,242.59071350097656,8236700
2006-12-06,242.57078552246094,245.28062438964844,241.3553466796875,243.44252014160156,243.44252014160156,8933900
2006-12-07,244.19967651367188,244.98175048828125,240.30926513671875,240.41885375976562,240.41885375976562,9363500
2006-12-08,240.07015991210938,243.38772583007812,239.10377502441406,241.15110778808594,241.15110778808594,7979500
2006-12-11,241.55459594726562,243.53717041015625,240.99668884277344,241.0614471435547,241.0614471435547,6551200
2006-12-12,241.02159118652344,242.27191162109375,239.24325561523438,239.99046325683594,239.99046325683594,8393200
2006-12-13,241.4400177001953,241.843505859375,237.6193389892578,238.6006622314453,238.6006622314453,9359100
2006-12-14,239.2283172607422,240.97177124023438,237.7388916015625,240.15982055664062,240.15982055664062,9533300
2006-12-15,240.41885375976562,241.15110778808594,239.02407836914062,239.2532196044922,239.2532196044922,10420400
2006-12-18,240.35409545898438,240.46865844726562,229.49977111816406,230.535888671875,230.535888671875,16093200
2006-12-19,229.99790954589844,233.7787322998047,228.3939208984375,233.44000244140625,233.44000244140625,13223300
2006-12-20,234.12245178222656,234.86964416503906,230.30177307128906,230.58570861816406,230.58570861816406,8768300
2006-12-21,231.2233123779297,231.75631713867188,225.32542419433594,227.2482147216797,227.2482147216797,13958700
2006-12-22,227.8957977294922,228.4636688232422,225.5196990966797,226.9393768310547,226.9393768310547,8006400
2006-12-26,227.40762329101562,228.87710571289062,226.44622802734375,227.91073608398438,227.91073608398438,4164100
2006-12-27,229.14112854003906,233.16603088378906,228.69281005859375,233.14112854003906,233.14112854003906,8494600
2006-12-28,232.68783569335938,233.41510009765625,230.2619171142578,230.4163360595703,230.4163360595703,6255700
2006-12-29,230.18719482421875,231.36778259277344,229.07138061523438,229.38023376464844,229.38023376464844,5137500
2007-01-03,232.12991333007812,237.4400177001953,229.6940460205078,232.9219512939453,232.9219512939453,15470700
2007-01-04,233.6243133544922,241.0714111328125,233.300537109375,240.72769165039062,240.72769165039062,15834200
2007-01-05,240.34910583496094,242.83978271484375,238.1623077392578,242.6853485107422,242.6853485107422,13795600
2007-01-08,242.93441772460938,244.02035522460938,240.19967651367188,240.88710021972656,240.88710021972656,9544400
2007-01-09,241.818603515625,243.21337890625,239.7015380859375,241.843505859375,241.843505859375,10803000
2007-01-10,241.31051635742188,245.85348510742188,240.11996459960938,243.8161163330078,243.8161163330078,11981700
2007-01-11,247.67166137695312,249.93817138671875,247.16357421875,248.9269561767578,248.9269561767578,14470400
2007-01-12,250.05772399902344,251.55709838867188,249.06643676757812,251.55709838867188,251.55709838867188,8980800
2007-01-16,252.8273468017578,255.5421600341797,250.7102813720703,251.1984405517578,251.1984405517578,15194500
2007-01-17,250.75511169433594,252.9369354248047,246.26693725585938,247.71151733398438,247.71151733398438,13448300
2007-01-18,246.336669921875,247.31300354003906,242.80490112304688,243.00416564941406,243.00416564941406,11908400
2007-01-19,243.07888793945312,244.46368408203125,242.46119689941406,243.9605712890625,243.9605712890625,9993800
2007-01-22,245.3304443359375,245.40516662597656,238.35658264160156,239.522216796875,239.522216796875,10849100
2007-01-23,239.49729919433594,241.46990966796875,237.75384521484375,238.63055419921875,238.63055419921875,9365900
2007-01-24,241.32046508789062,248.83729553222656,240.7426300048828,248.60317993164062,248.60317993164062,12164000
2007-01-25,249.5645751953125,251.3080291748047,241.9232177734375,243.13368225097656,243.13368225097656,12784700
2007-01-26,244.54837036132812,248.02035522460938,242.60565185546875,246.99420166015625,246.99420166015625,11034100
2007-01-29,248.07017517089844,248.4437713623047,244.3341827392578,245.31549072265625,245.31549072265625,9587100
2007-01-30,246.07763671875,248.07017517089844,244.6928253173828,246.23704528808594,246.23704528808594,8392200
2007-01-31,247.3179931640625,251.55709838867188,246.82981872558594,249.8136444091797,249.8136444091797,24503600
2007-02-01,252.05523681640625,252.06021118164062,239.8659210205078,239.9755096435547,239.9755096435547,31434700
2007-02-02,240.40390014648438,241.59445190429688,238.0128631591797,239.85098266601562,239.85098266601562,12620000
2007-02-05,237.8584442138672,238.10751342773438,232.2245635986328,232.70774841308594,232.70774841308594,14467800
2007-02-06,233.17599487304688,235.76629638671875,232.757568359375,234.8596954345703,234.8596954345703,10683600
2007-02-07,236.0253143310547,236.28933715820312,233.5147247314453,234.12742614746094,234.12742614746094,8270400
2007-02-08,233.15109252929688,235.99044799804688,231.70651245117188,234.63552856445312,234.63552856445312,8183900
2007-02-09,234.94436645507812,235.4574432373047,229.88832092285156,230.0825958251953,230.0825958251953,9753600
2007-02-12,229.4798583984375,230.3316650390625,226.66041564941406,228.28932189941406,228.28932189941406,11552100
2007-02-13,228.71771240234375,230.5259246826172,227.7762451171875,228.69281005859375,228.69281005859375,8155600
2007-02-14,229.14112854003906,233.68907165527344,228.75257873535156,232.0950469970703,232.0950469970703,11440200
2007-02-15,232.12991333007812,232.19467163085938,229.49977111816406,229.87338256835938,229.87338256835938,8115000
2007-02-16,230.535888671875,234.19717407226562,230.1672821044922,234.09255981445312,234.09255981445312,12400200
2007-02-20,233.3603057861328,235.4923095703125,231.48733520507812,235.1685333251953,235.1685333251953,8165600
2007-02-21,234.04275512695312,238.4462432861328,232.99667358398438,237.04150390625,237.04150390625,11323400
2007-02-22,238.45123291015625,241.2158660888672,236.3092498779297,237.03652954101562,237.03652954101562,11530700
2007-02-23,236.98670959472656,237.58447265625,233.0265655517578,234.43128967285156,234.43128967285156,7794200
2007-02-26,235.53216552734375,236.73765563964844,231.00912475585938,231.596923828125,231.596923828125,7969500
2007-02-27,226.65045166015625,229.04148864746094,222.7500762939453,223.54708862304688,223.54708862304688,18695300
2007-02-28,224.36402893066406,225.98794555664062,220.6927947998047,223.8858184814453,223.8858184814453,16124700
2007-03-01,220.50848388671875,225.3652801513672,219.178466796875,223.27809143066406,223.27809143066406,17435400
2007-03-02,221.7239227294922,223.51222229003906,218.52093505859375,218.52093505859375,218.52093505859375,13216400
2007-03-05,217.69403076171875,221.91819763183594,217.68406677246094,219.6516876220703,219.6516876220703,12757800
2007-03-06,222.89952087402344,228.6429901123047,222.8546905517578,227.9207000732422,227.9207000732422,15123800
2007-03-07,230.48109436035156,230.70526123046875,226.29678344726562,226.96926879882812,226.96926879882812,13117100
2007-03-08,228.75257873535156,231.880859375,226.20213317871094,226.510986328125,226.510986328125,10765700
2007-03-09,228.1448516845703,228.3441162109375,224.20960998535156,225.63426208496094,225.63426208496094,9992600
2007-03-12,225.44000244140625,226.77499389648438,224.7127227783203,226.5259246826172,226.5259246826172,6956700
2007-03-13,224.21458435058594,225.12118530273438,220.5881805419922,220.68780517578125,220.68780517578125,12802300
2007-03-14,220.7874298095703,223.49229431152344,218.68032836914062,223.1635284423828,223.1635284423828,16093800
2007-03-15,223.0937957763672,224.07012939453125,221.14111328125,222.26190185546875,222.26190185546875,7917800
2007-03-16,221.992919921875,222.51596069335938,219.12367248535156,219.6018829345703,219.6018829345703,11360600
2007-03-19,220.79739379882812,223.41259765625,219.49229431152344,222.77996826171875,222.77996826171875,10434200
2007-03-20,222.06265258789062,222.9642791748047,220.97174072265625,221.80860900878906,221.80860900878906,6868600
2007-03-21,221.81857299804688,227.43252563476562,221.77374267578125,227.4225616455078,227.4225616455078,11639900
2007-03-22,226.95431518554688,230.22207641601562,225.42007446289062,230.15731811523438,230.15731811523438,11403900
2007-03-23,229.86341857910156,230.8297882080078,227.6865692138672,230.05270385742188,230.05270385742188,8253300
2007-03-26,229.41510009765625,231.6317901611328,226.9593048095703,231.6317901611328,231.6317901611328,9455800
2007-03-27,230.9095001220703,231.74635314941406,229.31048583984375,230.94436645507812,230.94436645507812,7510300
2007-03-28,230.0726318359375,231.85096740722656,229.21583557128906,230.07760620117188,230.07760620117188,9217500
2007-03-29,231.40762329101562,232.12991333007812,226.65045166015625,229.5994110107422,229.5994110107422,8006800
2007-03-30,230.18719482421875,230.83477783203125,227.21832275390625,228.2245635986328,228.2245635986328,6785600
2007-04-02,228.02529907226562,228.40887451171875,225.21583557128906,228.40887451171875,228.40887451171875,6922700
2007-04-03,231.15855407714844,236.23951721191406,231.13365173339844,235.4176025390625,235.4176025390625,13052300
2007-04-04,235.18846130371094,235.61685180664062,233.91323852539062,234.63055419921875,234.63055419921875,7585800
2007-04-05,234.77001953125,235.16354370117188,233.93316650390625,234.8746337890625,234.8746337890625,5451900
2007-04-09,235.6068878173828,235.61685180664062,231.92568969726562,233.2307891845703,233.2307891845703,6147100
2007-04-10,232.67288208007812,234.51597595214844,231.71148681640625,232.3789825439453,232.3789825439453,5980800
2007-04-11,232.15980529785156,233.82357788085938,230.44125366210938,231.3976593017578,231.3976593017578,7652500
2007-04-12,231.13365173339844,233.12619018554688,230.25694274902344,232.82232666015625,232.82232666015625,5436000
2007-04-13,233.350341796875,233.50975036621094,230.81484985351562,232.27438354492188,232.27438354492188,5610400
2007-04-16,233.35533142089844,237.60440063476562,233.20091247558594,236.24948120117188,236.24948120117188,10193800
2007-04-17,236.01535034179688,237.30552673339844,234.91946411132812,235.51722717285156,235.51722717285156,6444200
2007-04-18,234.75009155273438,239.05397033691406,233.88833618164062,237.11622619628906,237.11622619628906,11383400
2007-04-19,236.36404418945312,240.07513427734375,233.918212890625,234.94436645507812,234.94436645507812,22101700
2007-04-20,244.34413146972656,245.3304443359375,240.11001586914062,240.3391571044922,240.3391571044922,24414100
2007-04-23,239.15359497070312,241.59445190429688,238.23703002929688,238.64549255371094,238.64549255371094,11391600
2007-04-24,238.411376953125,239.09381103515625,236.8870849609375,237.87339782714844,237.87339782714844,7417000
2007-04-25,239.10377502441406,239.78622436523438,237.16604614257812,238.1025390625,238.1025390625,7963300
2007-04-26,238.15733337402344,241.32046508789062,237.66416931152344,239.6915740966797,239.6915740966797,8280600
2007-04-27,239.13865661621094,240.29930114746094,238.2718963623047,238.61062622070312,238.61062622070312,5873200
2007-04-30,238.6803741455078,239.77626037597656,234.80987548828125,234.80987548828125,234.80987548828125,7309600
2007-05-01,235.21336364746094,235.52220153808594,231.2183380126953,233.6243133544922,233.6243133544922,7343800
2007-05-02,233.44996643066406,234.66043090820312,231.99542236328125,232.02032470703125,232.02032470703125,6148300
2007-05-03,232.239501953125,236.1498565673828,231.7762451171875,235.73141479492188,235.73141479492188,7215200
2007-05-04,234.18222045898438,236.53341674804688,232.0701446533203,234.68035888671875,234.68035888671875,7929500
2007-05-07,235.18846130371094,235.52719116210938,232.36404418945312,232.76254272460938,232.76254272460938,6062700
2007-05-08,232.19467163085938,233.2108612060547,231.49728393554688,232.5334014892578,232.5334014892578,5831900
2007-05-09,232.2046356201172,234.98422241210938,231.07388305664062,233.7488555908203,233.7488555908203,7808800
2007-05-10,232.64797973632812,233.868408203125,229.6492156982422,229.87338256835938,229.87338256835938,7400100
2007-05-11,230.05270385742188,232.6280517578125,229.63925170898438,232.49853515625,232.49853515625,5910100
2007-05-14,231.8708953857422,232.88209533691406,229.14112854003906,230.02780151367188,230.02780151367188,7774300
2007-05-15,230.11746215820312,230.40638732910156,227.8509521484375,228.1448516845703,228.1448516845703,8268800
2007-05-16,230.13739013671875,235.68658447265625,228.6529541015625,235.42257690429688,235.42257690429688,13157500
2007-05-17,235.3478546142578,236.7227020263672,234.52593994140625,234.6006622314453,234.6006622314453,9356100
2007-05-18,235.1336669921875,235.4674072265625,233.9979248046875,234.2818603515625,234.2818603515625,7419400
2007-05-21,233.88833618164062,238.7052764892578,232.4885711669922,234.42132568359375,234.42132568359375,12364700
2007-05-22,235.61685180664062,238.61062622070312,235.61685180664062,237.04150390625,237.04150390625,7706700
2007-05-23,239.5122528076172,240.8024139404297,235.99044799804688,236.10003662109375,236.10003662109375,10158300
2007-05-24,236.68783569335938,238.7052764892578,234.86964416503906,236.2793731689453,236.2793731689453,8378400
2007-05-25,238.954345703125,241.5695343017578,237.74388122558594,240.85720825195312,240.85720825195312,10736900
2007-05-29,241.59445190429688,244.98175048828125,241.0963134765625,242.6455078125,242.6455078125,10475000
2007-05-30,241.3453826904297,248.4886016845703,240.59817504882812,248.36904907226562,248.36904907226562,14545800
2007-05-31,249.34539794921875,253.44004821777344,247.6019287109375,248.0253448486328,248.0253448486328,17915400
2007-06-01,249.5645751953125,251.5670623779297,248.03530883789062,249.26568603515625,249.26568603515625,9633800
2007-06-04,248.0253448486328,254.30181884765625,247.86593627929688,252.58824157714844,252.58824157714844,14255200
2007-06-05,253.92323303222656,258.5309753417969,252.35910034179688,258.4512634277344,258.4512634277344,20972400
2007-06-06,257.41015625,259.4176330566406,256.6679382324219,258.1573486328125,258.1573486328125,15832400
2007-06-07,258.9045715332031,262.2669677734375,255.29808044433594,256.5683288574219,256.5683288574219,21340600
2007-06-08,257.1361999511719,258.8497619628906,253.77877807617188,256.7825012207031,256.7825012207031,12764000
2007-06-11,256.0502624511719,258.1573486328125,254.04776000976562,254.71527099609375,254.71527099609375,9330100
2007-06-12,253.40518188476562,254.87965393066406,250.64552307128906,251.44253540039062,251.44253540039062,12887000
2007-06-13,252.59820556640625,253.32049560546875,248.41387939453125,251.67665100097656,251.67665100097656,14120600
2007-06-14,251.74639892578125,251.99545288085938,249.91326904296875,250.48114013671875,250.48114013671875,9277000
2007-06-15,253.14614868164062,253.5496368408203,249.67913818359375,252.0004425048828,252.0004425048828,12394400
2007-06-18,252.1448974609375,257.03656005859375,251.17852783203125,256.6380615234375,256.6380615234375,9707900
2007-06-19,256.0452880859375,257.65924072265625,254.8148956298828,256.1947326660156,256.1947326660156,8743200
2007-06-20,257.5147705078125,258.40643310546875,253.57952880859375,254.03282165527344,254.03282165527344,8708800
2007-06-21,254.5359344482422,256.6828918457031,252.19471740722656,256.0950927734375,256.0950927734375,8852400
2007-06-22,257.24578857421875,261.5147705078125,257.08636474609375,261.5097961425781,261.5097961425781,14461300
2007-06-25,263.5023193359375,266.49609375,260.7127990722656,262.7252502441406,262.7252502441406,15909300
2007-06-26,265.3703308105469,265.6044616699219,262.137451171875,264.13995361328125,264.13995361328125,11421500
2007-06-27,261.5197448730469,263.0091857910156,258.8099060058594,262.162353515625,262.162353515625,12292000
2007-06-28,261.4599914550781,263.7613525390625,260.9219970703125,261.5247497558594,261.5247497558594,8368000
2007-06-29,262.0278625488281,262.71527099609375,258.7601013183594,260.3740539550781,260.3740539550781,7790200
2007-07-02,261.76385498046875,264.9319763183594,261.1212463378906,264.19970703125,264.19970703125,7001200
2007-07-03,264.5384521484375,266.20220947265625,262.7651062011719,266.1723327636719,266.1723327636719,3757500
2007-07-05,266.780029296875,271.18353271484375,265.0814208984375,269.8037109375,269.8037109375,9922700
2007-07-06,269.6144104003906,270.9195251464844,268.359130859375,268.69287109375,268.69287109375,5514400
2007-07-09,270.48614501953125,273.3454284667969,269.12127685546875,270.2669677734375,270.2669677734375,7487500
2007-07-10,270.8796691894531,272.4786682128906,269.81365966796875,270.655517578125,270.655517578125,7740800
2007-07-11,270.7900085449219,272.2296142578125,268.9967346191406,271.2184143066406,271.2184143066406,6643300
2007-07-12,271.9107971191406,272.6380920410156,269.1013488769531,271.64678955078125,271.64678955078125,6908900
2007-07-13,272.9319763183594,275.3031005859375,272.60321044921875,275.0490417480469,275.0490417480469,10513300
2007-07-16,274.1225280761719,278.2470703125,273.6293640136719,275.4624938964844,275.4624938964844,13248300
2007-07-17,276.4836730957031,277.8236389160156,275.15863037109375,276.4637451171875,276.4637451171875,8689500
2007-07-18,275.91082763671875,276.2146911621094,270.8896484375,273.7240295410156,273.7240295410156,12205500
2007-07-19,275.6966247558594,275.72650146484375,270.1075744628906,273.2707214355469,273.2707214355469,22337700
2007-07-20,254.9942169189453,260.6131591796875,253.7987060546875,259.0888671875,259.0888671875,35677700
2007-07-23,258.53594970703125,259.0290832519531,255.11875915527344,255.29808044433594,255.29808044433594,12761000
2007-07-24,253.69906616210938,258.3765563964844,252.60816955566406,256.040283203125,256.040283203125,11185900
2007-07-25,257.52471923828125,257.5446472167969,251.8360595703125,253.92820739746094,253.92820739746094,11131400
2007-07-26,253.4201202392578,255.3379364013672,248.50852966308594,253.05149841308594,253.05149841308594,13818300
2007-07-27,253.3155059814453,257.34539794921875,251.80616760253906,254.98924255371094,254.98924255371094,11059400
2007-07-30,255.5023193359375,258.7003173828125,254.2968292236328,257.09136962890625,257.09136962890625,7956200
2007-07-31,259.1436767578125,259.2482604980469,254.04776000976562,254.04776000976562,254.04776000976562,8572900
2007-08-01,254.2968292236328,257.2906188964844,253.12124633789062,255.5122833251953,255.5122833251953,8889500
2007-08-02,255.90081787109375,256.533447265625,253.5496368408203,254.55088806152344,254.55088806152344,6333400
2007-08-03,254.0726776123047,255.64178466796875,250.5608367919922,250.5608367919922,250.5608367919922,6376100
2007-08-06,250.5608367919922,254.1224822998047,250.311767578125,254.04776000976562,254.04776000976562,7330300
2007-08-07,253.92323303222656,258.9693298339844,253.56956481933594,257.0465393066406,257.0465393066406,8560500
2007-08-08,258.7003173828125,261.9082946777344,257.57952880859375,261.9082946777344,261.9082946777344,8168000
2007-08-09,259.4276123046875,262.4263610839844,256.3541259765625,256.4039306640625,256.4039306640625,9729200
2007-08-10,254.13743591308594,258.3914794921875,251.8709259033203,256.9120178222656,256.9120178222656,11794300
2007-08-13,258.7999572753906,258.9045715332031,255.55711364746094,256.7875061035156,256.7875061035156,6382300
2007-08-14,256.8970947265625,257.73394775390625,253.05149841308594,253.3503875732422,253.3503875732422,7294500
2007-08-15,253.5496368408203,254.88961791992188,247.42758178710938,247.84600830078125,247.84600830078125,10859500
2007-08-16,245.09133911132812,247.28810119628906,239.33291625976562,244.84226989746094,244.84226989746094,17355900
2007-08-17,247.7912139892578,249.5645751953125,244.9070281982422,249.08636474609375,249.08636474609375,10999800
2007-08-20,250.29183959960938,250.34165954589844,247.07391357421875,248.0303192138672,248.0303192138672,5414700
2007-08-21,248.53842163085938,253.13119506835938,247.95559692382812,252.35910034179688,252.35910034179688,7248200
2007-08-22,254.02784729003906,257.1611022949219,253.67416381835938,255.41763305664062,255.41763305664062,6529700
2007-08-23,257.03656005859375,257.101318359375,252.55337524414062,255.138671875,255.138671875,6176400
2007-08-24,255.347900390625,256.8124084472656,253.30056762695312,256.5384216308594,256.5384216308594,4963800
2007-08-27,256.2544860839844,257.75885009765625,254.74514770507812,255.6716766357422,255.6716766357422,4667500
2007-08-28,254.80990600585938,256.5284729003906,251.95062255859375,252.25448608398438,252.25448608398438,6572200
2007-08-29,252.9718017578125,255.6916046142578,252.66793823242188,255.48239135742188,255.48239135742188,5117600
2007-08-30,255.22335815429688,256.7376708984375,254.33668518066406,254.74514770507812,254.74514770507812,5323200
2007-08-31,255.59197998046875,257.28564453125,254.780029296875,256.6629638671875,256.6629638671875,5977400
2007-09-04,256.54840087890625,263.01416015625,256.3491516113281,261.594482421875,261.594482421875,7415000
2007-09-05,260.7227478027344,263.75140380859375,260.14990234375,262.9145202636719,262.9145202636719,6650600
2007-09-06,263.6916198730469,263.9257507324219,258.1523742675781,260.78253173828125,260.78253173828125,7278900
2007-09-07,257.9631042480469,259.64678955078125,257.43505859375,258.705322265625,258.705322265625,7354600
2007-09-10,259.6667175292969,260.06024169921875,254.4861297607422,256.2793884277344,256.2793884277344,6475700
2007-09-11,257.52972412109375,259.85101318359375,256.9020690917969,259.6916198730469,259.6916198730469,5427400
2007-09-12,259.2930908203125,263.0041809082031,258.5309753417969,260.3491516113281,260.3491516113281,5994300
2007-09-13,261.051513671875,262.6206359863281,260.6330871582031,261.41015625,261.41015625,3796200
2007-09-14,260.62310791015625,264.1449279785156,260.13494873046875,263.38775634765625,263.38775634765625,5550400
2007-09-17,262.2818908691406,263.6517639160156,261.0564880371094,261.669189453125,261.669189453125,4411300
2007-09-18,262.27691650390625,267.62188720703125,261.1561279296875,266.6355895996094,266.6355895996094,8462900
2007-09-19,268.62811279296875,273.6990966796875,268.42388916015625,272.4039611816406,272.4039611816406,11095100
2007-09-20,272.4786682128906,277.3603820800781,271.9954833984375,275.3828125,275.3828125,11091300
2007-09-21,277.1312561035156,279.3479309082031,275.3828125,279.00421142578125,279.00421142578125,16083400
2007-09-24,279.4525451660156,284.66302490234375,278.95440673828125,282.9494323730469,282.9494323730469,10633600
2007-09-25,280.9469299316406,283.716552734375,280.3790588378906,283.4375915527344,283.4375915527344,5481600
2007-09-26,284.1349792480469,284.827392578125,280.852294921875,283.0191650390625,283.0191650390625,6717100
2007-09-27,284.7975158691406,284.802490234375,281.8336181640625,282.6903991699219,282.6903991699219,4128000
2007-09-28,282.44134521484375,283.7115783691406,281.0067138671875,282.5758361816406,282.5758361816406,5298700
2007-10-01,283.9208068847656,291.0839538574219,283.741455078125,290.18731689453125,290.18731689453125,9457800
2007-10-02,290.60076904296875,297.2906799316406,288.92205810546875,291.1038818359375,291.1038818359375,14187900
2007-10-03,292.0303955078125,293.3952941894531,289.0964050292969,290.9195556640625,290.9195556640625,7788000
2007-10-04,291.45257568359375,291.45257568359375,287.4525451660156,288.4338684082031,288.4338684082031,5995700
2007-10-05,292.45880126953125,296.88720703125,292.4089660644531,295.91583251953125,295.91583251953125,10175300
2007-10-08,296.3890686035156,303.9905700683594,295.86602783203125,303.6717529296875,303.6717529296875,10093600
2007-10-09,306.4065246582031,310.7253112792969,303.0590515136719,306.4413757324219,306.4413757324219,17601200
2007-10-10,309.51983642578125,311.6717834472656,307.24835205078125,311.5273132324219,311.5273132324219,10811500
2007-10-11,315.63690185546875,319.5074157714844,303.3629150390625,309.8386535644531,309.8386535644531,23686300
2007-10-12,310.824951171875,318.0080261230469,307.9656677246094,317.5049133300781,317.5049133300781,13698500
2007-10-15,318.04290771484375,318.73529052734375,306.6257019042969,308.8971862792969,308.8971862792969,13939500
2007-10-16,308.0902099609375,311.79132080078125,304.8523254394531,306.849853515625,306.849853515625,12095700
2007-10-17,314.0478820800781,315.8162536621094,309.6343994140625,315.5572204589844,315.5572204589844,12106100
2007-10-18,316.51861572265625,319.48748779296875,313.0765075683594,318.6157531738281,318.6157531738281,24670400
2007-10-19,326.057861328125,328.0155029296875,320.41400146484375,321.1512451171875,321.1512451171875,31696200
2007-10-22,318.14251708984375,326.27703857421875,316.9519958496094,324.15997314453125,324.15997314453125,13378700
2007-10-23,329.3903503417969,337.53485107421875,328.7677001953125,336.6232604980469,336.6232604980469,13638200
2007-10-24,335.0989685058594,337.4700927734375,328.54852294921875,336.6481628417969,336.6481628417969,14863800
2007-10-25,338.07281494140625,338.21728515625,330.53607177734375,333.0068054199219,333.0068054199219,11634300
2007-10-26,335.7565002441406,337.0068054199219,332.78265380859375,336.0404357910156,336.0404357910156,6732900
2007-10-29,337.6195068359375,338.7303466796875,334.7901306152344,338.3468017578125,338.3468017578125,6155500
2007-10-30,337.489990234375,348.648193359375,337.489990234375,346.0877685546875,346.0877685546875,13852900
2007-10-31,349.0367126464844,352.179931640625,346.72039794921875,352.179931640625,352.179931640625,13805000
2007-11-01,350.0827941894531,355.52740478515625,349.5796813964844,350.2920227050781,350.2920227050781,13103200
2007-11-02,353.9283752441406,355.4576721191406,347.36798095703125,354.2969970703125,354.2969970703125,11726700
2007-11-05,352.1749572753906,363.7515563964844,351.7166748046875,361.4701232910156,361.4701232910156,17833900
2007-11-06,367.40289306640625,369.5099792480469,361.1463317871094,369.5099792480469,369.5099792480469,16935700
2007-11-07,369.18121337890625,372.2248229980469,360.2198181152344,365.10150146484375,365.10150146484375,16608900
2007-11-08,365.92840576171875,366.0728759765625,337.32562255859375,345.62451171875,345.62451171875,33148100
2007-11-09,336.62823486328125,339.6668395996094,329.3704528808594,330.74530029296875,330.74530029296875,22861400
2007-11-12,327.64190673828125,333.71417236328125,311.935791015625,314.8548583984375,314.8548583984375,20531200
2007-11-13,321.29071044921875,329.2259826660156,314.8548583984375,329.0416564941406,329.0416564941406,16954000
2007-11-14,335.3829040527344,336.4837646484375,316.9469909667969,319.64190673828125,319.64190673828125,16249900
2007-11-15,318.09271240234375,322.5410461425781,310.83489990234375,313.64935302734375,313.64935302734375,13987500
2007-11-16,315.7863464355469,316.5584716796875,306.85980224609375,315.6319274902344,315.6319274902344,18153300
2007-11-19,313.6194763183594,317.1960754394531,308.0951843261719,311.7564697265625,311.7564697265625,11096100
2007-11-20,317.0516052246094,328.3193664550781,315.25335693359375,323.05908203125,323.05908203125,19754800
2007-11-21,320.6830139160156,333.73406982421875,319.8411560058594,329.0267333984375,329.0267333984375,14079500
2007-11-23,333.7490234375,337.8735656738281,332.80755615234375,337.0865173339844,337.0865173339844,5497800
2007-11-26,338.8299865722656,345.40533447265625,331.25836181640625,331.7565002441406,331.7565002441406,13631000
2007-11-27,336.14007568359375,336.9520263671875,323.9158935546875,335.5273742675781,335.5273742675781,17875700
2007-11-28,339.7814025878906,345.8536682128906,334.8150329589844,344.83746337890625,344.83746337890625,15892300
2007-11-29,344.0852966308594,350.0827941894531,342.6008605957031,347.1986083984375,347.1986083984375,12462500
2007-11-30,354.1724853515625,354.2023620605469,339.7814025878906,345.2060852050781,345.2060852050781,15850000
2007-12-03,344.2148132324219,346.2023620605469,339.2982177734375,339.49249267578125,339.49249267578125,8682500
2007-12-04,337.8885192871094,344.70794677734375,337.2957458496094,340.8025817871094,340.8025817871094,8495200
2007-12-05,345.07159423828125,348.1600036621094,342.4663391113281,347.9508056640625,347.9508056640625,8450700
2007-12-06,347.59710693359375,356.9421081542969,347.2035827636719,356.2945251464844,356.2945251464844,9854700
2007-12-07,356.1600341796875,357.6593933105469,353.92340087890625,356.1002502441406,356.1002502441406,7733000
2007-12-10,356.6581726074219,361.0467224121094,355.6668701171875,357.8686218261719,357.8686218261719,7741200
2007-12-11,358.62579345703125,359.1488342285156,348.0852966308594,348.29449462890625,348.29449462890625,12324100
2007-12-12,355.6668701171875,355.8262634277344,342.9644775390625,348.3692321777344,348.3692321777344,12364300
2007-12-13,346.8548889160156,347.5074462890625,339.3330993652344,345.7291259765625,345.7291259765625,10119300
2007-12-14,342.4713439941406,348.5435791015625,342.3468017578125,343.6917724609375,343.6917724609375,7374400
2007-12-17,342.7154235839844,346.41156005859375,330.5958557128906,333.365478515625,333.365478515625,11013000
2007-12-18,335.8212585449219,337.09149169921875,325.0317077636719,335.41778564453125,335.41778564453125,14387000
2007-12-19,335.8461608886719,338.4812927246094,333.2508850097656,337.4202575683594,337.4202575683594,8875300
2007-12-20,341.63446044921875,344.2098083496094,339.0342102050781,343.5572509765625,343.5572509765625,8877500
2007-12-21,347.636962890625,348.32440185546875,345.32562255859375,347.044189453125,347.044189453125,10804200
2007-12-24,346.1973571777344,349.056640625,345.2359619140625,349.056640625,349.056640625,3268900
2007-12-26,348.1899108886719,355.2783203125,347.8013610839844,354.0927734375,354.0927734375,5078900
2007-12-27,352.2148132324219,356.66314697265625,349.0616455078125,349.0616455078125,349.0616455078125,5906900
2007-12-28,351.1488037109375,352.6531677246094,346.969482421875,349.9532775878906,349.9532775878906,5144500
2007-12-31,347.9806823730469,349.933349609375,344.0006103515625,344.44891357421875,344.44891357421875,4770100
2008-01-02,345.1413269042969,347.3829345703125,337.5995788574219,341.315673828125,341.315673828125,8646000
2008-01-03,341.35052490234375,342.142578125,336.9968566894531,341.3854064941406,341.3854064941406,6529300
2008-01-04,338.575927734375,339.20855712890625,326.27703857421875,327.2732849121094,327.2732849121094,10759700
2008-01-07,325.7490234375,329.9034423828125,317.4849853515625,323.41278076171875,323.41278076171875,12854700
2008-01-08,325.28076171875,328.7477722167969,314.32183837890625,314.66058349609375,314.66058349609375,10718100
2008-01-09,313.8436279296875,325.45013427734375,310.0926818847656,325.3804016113281,325.3804016113281,13529800
2008-01-10,321.3006896972656,327.3729248046875,318.8598327636719,322.157470703125,322.157470703125,12715800
2008-01-11,320.1499938964844,323.5223693847656,313.8785095214844,317.9333190917969,317.9333190917969,9991200
2008-01-14,324.354248046875,327.4725646972656,321.42022705078125,325.6892395019531,325.6892395019531,8928200
2008-01-15,321.7440185546875,323.3131408691406,316.503662109375,317.6344299316406,317.6344299316406,11178100
2008-01-16,313.3106384277344,318.800048828125,299.84112548828125,306.824951171875,306.824951171875,21199100
2008-01-17,309.2209777832031,311.70166015625,297.888427734375,299.27325439453125,299.27325439453125,16495100
2008-01-18,303.04412841796875,303.8560791015625,298.10760498046875,299.0042724609375,299.0042724609375,17143100
2008-01-22,279.9656066894531,297.6343994140625,279.55218505859375,291.0839538574219,291.0839538574219,19074200
2008-01-23,279.3080749511719,282.9394836425781,258.5309753417969,273.28564453125,273.28564453125,34058500
2008-01-24,278.3566589355469,288.76263427734375,276.03533935546875,286.17236328125,286.17236328125,18872200
2008-01-25,294.8000183105469,296.3890686035156,282.0328674316406,282.1424560546875,282.1424560546875,13984100
2008-01-28,284.4189147949219,285.0515441894531,273.27569580078125,276.951904296875,276.951904296875,11676900
2008-01-29,279.18853759765625,279.6169128417969,269.32550048828125,274.23211669921875,274.23211669921875,12613000
2008-01-30,273.569580078125,279.1686096191406,270.7402038574219,273.1112976074219,273.1112976074219,15938600
2008-01-31,268.49859619140625,285.4301452636719,266.14739990234375,281.09637451171875,281.09637451171875,29854000
2008-02-01,263.347900390625,267.3329772949219,254.04776000976562,256.98675537109375,256.98675537109375,35332900
2008-02-04,253.58450317382812,255.4325714111328,245.3553466796875,246.78997802734375,246.78997802734375,26412800
2008-02-05,243.80117797851562,253.5496368408203,243.34786987304688,252.4537353515625,252.4537353515625,22490500
2008-02-06,254.61563110351562,254.63058471679688,248.03530883789062,249.91824340820312,249.91824340820312,15329900
2008-02-07,247.50230407714844,256.13494873046875,246.4562225341797,251.53219604492188,251.53219604492188,15917100
2008-02-08,253.75387573242188,257.8983459472656,253.4001922607422,257.3802795410156,257.3802795410156,13708900
2008-02-11,259.2881164550781,260.8771667480469,255.74142456054688,259.60693359375,259.60693359375,11695600
2008-02-12,260.7177734375,264.3092956542969,255.55711364746094,258.0776672363281,258.0776672363281,13374500
2008-02-13,260.2744140625,266.49609375,258.3765563964844,266.3117980957031,266.3117980957031,13299000
2008-02-14,268.1698303222656,269.5097961425781,264.508544921875,265.1312255859375,265.1312255859375,13001800
2008-02-15,263.1685791015625,265.33544921875,261.1860046386719,263.8310852050781,263.8310852050781,10519400
2008-02-19,266.47119140625,266.5309753417969,252.30430603027344,253.5247344970703,253.5247344970703,12748400
2008-02-20,250.81488037109375,254.55088806152344,248.4786376953125,253.5496368408203,253.5496368408203,13374300
2008-02-21,255.46743774414062,255.6467742919922,248.81736755371094,250.49110412597656,250.49110412597656,11398100
2008-02-22,250.09259033203125,253.5496368408203,247.84600830078125,252.95187377929688,252.95187377929688,11073100
2008-02-25,252.03033447265625,252.30430603027344,241.9630584716797,242.31175231933594,242.31175231933594,16808300
2008-02-26,229.73887634277344,232.36404418945312,222.59068298339844,231.22830200195312,231.22830200195312,46749000
2008-02-27,229.2058868408203,236.85720825195312,228.9617919921875,235.547119140625,235.547119140625,20319600
2008-02-28,234.37152099609375,238.65048217773438,232.80738830566406,236.80738830566406,236.80738830566406,13223100
2008-02-29,235.053955078125,238.97425842285156,231.4574432373047,234.7102508544922,234.7102508544922,18921400
2008-03-03,234.8746337890625,235.4773712158203,224.21458435058594,227.6566925048828,227.6566925048828,15165600
2008-03-04,224.63302612304688,225.83352661132812,217.0763397216797,221.46987915039062,221.46987915039062,27345400
2008-03-05,221.7936553955078,226.2370147705078,221.17098999023438,223.0140838623047,223.0140838623047,14928800
2008-03-06,223.0091094970703,225.8036346435547,214.78492736816406,215.54209899902344,215.54209899902344,14996100
2008-03-07,213.63922119140625,219.178466796875,212.32415771484375,215.86587524414062,215.86587524414062,16204000
2008-03-10,213.61431884765625,214.6952667236328,205.74880981445312,206.0377197265625,206.0377197265625,16035000
2008-03-11,211.8359832763672,219.25318908691406,211.53211975097656,219.09877014160156,219.09877014160156,17719900
2008-03-12,219.18344116210938,223.103759765625,218.21707153320312,219.26812744140625,219.26812744140625,13353600
2008-03-13,215.5271453857422,222.65542602539062,213.58941650390625,220.67784118652344,220.67784118652344,15511000
2008-03-14,220.66290283203125,223.83102416992188,214.5059814453125,218.14234924316406,218.14234924316406,13198000
2008-03-17,213.19589233398438,216.0452117919922,205.28553771972656,209.1510467529297,209.1510467529297,15835400
2008-03-18,213.6890411376953,219.59689331054688,211.97048950195312,218.76004028320312,218.76004028320312,14528500
2008-03-19,219.7313995361328,222.91445922851562,215.02902221679688,215.1934051513672,215.1934051513672,12404200
2008-03-20,212.8621368408203,217.0364990234375,207.97047424316406,215.96551513671875,215.96551513671875,19901000
2008-03-24,218.39639282226562,232.02032470703125,218.042724609375,229.42007446289062,229.42007446289062,13577600
2008-03-25,227.87586975097656,227.88084411621094,222.16726684570312,224.54833984375,224.54833984375,11706800
2008-03-26,225.449951171875,230.57077026367188,223.80612182617188,228.239501953125,228.239501953125,10490500
2008-03-27,222.16726684570312,223.46739196777344,219.42254638671875,221.21084594726562,221.21084594726562,11708000
2008-03-28,222.89453125,225.93812561035156,216.34408569335938,218.2220458984375,218.2220458984375,8785100
2008-03-31,217.00660705566406,220.51844787597656,215.19837951660156,219.41258239746094,219.41258239746094,8926000
2008-04-01,223.0340118408203,232.3789825439453,222.6006317138672,231.98545837402344,231.98545837402344,12231700
2008-04-02,234.0726318359375,236.9817352294922,229.33538818359375,231.98048400878906,231.98048400878906,12042800
2008-04-03,230.00289916992188,230.7799835205078,223.22828674316406,226.71023559570312,226.71023559570312,13607500
2008-04-04,227.65170288085938,238.0228271484375,227.2482147216797,234.66542053222656,234.66542053222656,11838500
2008-04-07,237.62432861328125,241.81362915039062,235.880859375,237.51971435546875,237.51971435546875,11931400
2008-04-08,235.63677978515625,236.18472290039062,230.14236450195312,233.0315399169922,233.0315399169922,9127900
2008-04-09,233.68907165527344,235.11871337890625,227.91571044921875,231.22830200195312,231.22830200195312,12141400
2008-04-10,231.6118621826172,236.0452423095703,230.0626678466797,233.66416931152344,233.66416931152344,10182700
2008-04-11,231.16851806640625,232.757568359375,226.6554412841797,227.87088012695312,227.87088012695312,8370600
2008-04-14,227.72642517089844,227.87088012695312,224.23451232910156,224.9866943359375,224.9866943359375,7713900
2008-04-15,228.20960998535156,229.00164794921875,221.03152465820312,222.585693359375,222.585693359375,9189400
2008-04-16,221.37025451660156,228.28433227539062,219.67660522460938,226.6654052734375,226.6654052734375,15318500
2008-04-17,226.9642791748047,228.82730102539062,222.42628479003906,223.93064880371094,223.93064880371094,26806000
2008-04-18,266.6056823730469,272.8273620605469,261.4051818847656,268.6978454589844,268.6978454589844,36607800
2008-04-21,268.6878967285156,270.28192138671875,264.1548767089844,267.890869140625,267.890869140625,14935000
2008-04-22,267.7812805175781,279.36785888671875,267.77630615234375,276.4637451171875,276.4637451171875,15936400
2008-04-23,277.9282531738281,278.6106872558594,269.4649658203125,272.2246398925781,272.2246398925781,9879800
2008-04-24,274.61566162109375,276.2096862792969,269.001708984375,270.5060729980469,270.5060729980469,8301100
2008-04-25,273.48492431640625,275.46746826171875,270.3516540527344,271.01416015625,271.01416015625,8359900
2008-04-28,271.9207763671875,277.3653564453125,268.4936218261719,275.02911376953125,275.02911376953125,8047200
2008-04-29,274.38653564453125,280.6480712890625,273.9780578613281,278.1922607421875,278.1922607421875,8724400
2008-04-30,280.0552978515625,291.3379821777344,278.1922607421875,286.0727233886719,286.0727233886719,15865200
2008-05-01,288.0752258300781,296.35418701171875,287.40771484375,295.4326477050781,295.4326477050781,13255000
2008-05-02,298.1275329589844,300.10015869140625,288.5683898925781,289.5596618652344,289.5596618652344,14049900
2008-05-05,298.3118591308594,298.381591796875,292.46875,296.3392333984375,296.3392333984375,12609000
2008-05-06,294.3965148925781,294.8946533203125,290.4114685058594,292.085205078125,292.085205078125,9293200
2008-05-07,294.03289794921875,298.62567138671875,287.13873291015625,288.4189453125,288.4189453125,13275500
2008-05-08,292.0054931640625,293.5497131347656,288.3741149902344,290.41644287109375,290.41644287109375,10284100
2008-05-09,288.4189453125,291.4077453613281,284.58331298828125,285.5297546386719,285.5297546386719,9003300
2008-05-12,286.3018798828125,292.27947998046875,283.39276123046875,291.3778381347656,291.3778381347656,9764200
2008-05-13,292.02044677734375,292.8772277832031,288.19476318359375,290.4114685058594,290.4114685058594,10365600
2008-05-14,292.14996337890625,294.4911804199219,286.5509338378906,287.073974609375,287.073974609375,8784300
2008-05-15,288.4189453125,290.3865661621094,286.7302551269531,289.4151916503906,289.4151916503906,8717800
2008-05-16,289.62939453125,291.2483215332031,288.0802001953125,288.9519348144531,288.9519348144531,8580100
2008-05-19,288.19476318359375,293.3404846191406,285.6891784667969,287.68170166015625,287.68170166015625,11251000
2008-05-20,286.2420959472656,290.1524353027344,285.38531494140625,288.2196960449219,288.2196960449219,6652000
2008-05-21,288.1798400878906,289.61944580078125,272.9220275878906,273.9681091308594,273.9681091308594,12984600
2008-05-22,274.9444274902344,276.0702209472656,269.11627197265625,273.7041015625,273.7041015625,10190600
2008-05-23,272.4587707519531,275.46746826171875,267.9008483886719,271.2931213378906,271.2931213378906,8896100
2008-05-27,271.4624938964844,280.2495422363281,270.9095764160156,279.4027404785156,279.4027404785156,7759900
2008-05-28,282.9095764160156,284.6779479980469,279.5023498535156,283.05902099609375,283.05902099609375,8131100
2008-05-29,286.3218078613281,291.8460998535156,285.5297546386719,290.4114685058594,290.4114685058594,9726200
2008-05-30,290.6455993652344,293.8585510253906,289.56463623046875,291.8062438964844,291.8062438964844,6474500
2008-06-02,290.16241455078125,290.85479736328125,284.568359375,286.4263916015625,286.4263916015625,7375800
2008-06-03,287.1736145019531,289.1661376953125,279.2582702636719,282.5907897949219,282.5907897949219,8642800
2008-06-04,281.6094665527344,287.9208068847656,281.2209167480469,285.0415954589844,285.0415954589844,6751500
2008-06-05,287.4625244140625,292.92205810546875,287.0291442871094,292.0552978515625,292.0552978515625,7862700
2008-06-06,288.79254150390625,289.2757263183594,282.44134521484375,282.44134521484375,282.44134521484375,9504400
2008-06-09,282.9693603515625,283.93572998046875,271.6816711425781,277.8934020996094,277.8934020996094,10616100
2008-06-10,273.75390625,278.3666076660156,272.36907958984375,276.05029296875,276.05029296875,7342200
2008-06-11,277.0814208984375,277.6293640136719,271.21343994140625,271.58203125,271.58203125,7654300
2008-06-12,273.35540771484375,277.9581298828125,272.4189147949219,275.44256591796875,275.44256591796875,11024200
2008-06-13,279.6966247558594,286.77508544921875,279.6219177246094,284.68792724609375,284.68792724609375,12415000
2008-06-16,282.1922607421875,288.46875,282.1922607421875,285.3354797363281,285.3354797363281,7112000
2008-06-17,287.098876953125,287.9556579589844,283.1287536621094,283.666748046875,283.666748046875,6951700
2008-06-18,281.20098876953125,283.4326171875,278.5359802246094,280.13995361328125,280.13995361328125,6787600
2008-06-19,276.6380920410156,280.83734130859375,274.3765563964844,279.0540466308594,279.0540466308594,11408700
2008-06-20,277.4500427246094,277.4500427246094,271.23834228515625,272.1947326660156,272.1947326660156,12010900
2008-06-23,271.6617431640625,275.5422058105469,269.99798583984375,271.5870361328125,271.5870361328125,7298900
2008-06-24,271.5521545410156,274.56585693359375,266.5509033203125,270.137451171875,270.137451171875,9380100
2008-06-25,271.46746826171875,277.8585205078125,270.8199157714844,274.4712219238281,274.4712219238281,8275200
2008-06-26,271.0340881347656,271.4475402832031,263.1436767578125,263.4226379394531,263.4226379394531,11361400
2008-06-27,262.8547668457031,264.01043701171875,256.583251953125,263.0490417480469,263.0490417480469,10935700
2008-06-30,265.2408142089844,267.9954833984375,260.5533752441406,262.22711181640625,262.22711181640625,7558700
2008-07-01,258.81988525390625,267.3578796386719,257.5346984863281,266.3666076660156,266.3666076660156,9956900
2008-07-02,267.2532653808594,269.1810302734375,262.04779052734375,262.53594970703125,262.53594970703125,8477600
2008-07-03,264.44879150390625,268.6081848144531,262.7651062011719,267.4973449707031,267.4973449707031,4818900
2008-07-07,270.137451171875,273.4749450683594,266.7999572753906,270.939453125,270.939453125,8542200
2008-07-08,271.9755554199219,276.5583801269531,268.99176025390625,276.2296142578125,276.2296142578125,9901700
2008-07-09,274.3516540527344,276.802490234375,269.3553771972656,269.76385498046875,269.76385498046875,8339100
2008-07-10,271.482421875,273.7240295410156,264.36907958984375,269.27569580078125,269.27569580078125,8695800
2008-07-11,267.248291015625,268.74267578125,258.7451477050781,265.9033203125,265.9033203125,10000000
2008-07-14,268.4936218261719,269.0216369628906,256.7626037597656,259.8360595703125,259.8360595703125,8882700
2008-07-15,257.1760559082031,262.7651062011719,249.6143798828125,257.0813903808594,257.0813903808594,12187400
2008-07-16,256.0602111816406,267.248291015625,254.34664916992188,266.7999572753906,266.7999572753906,9519800
2008-07-17,266.0826721191406,267.5222473144531,261.27069091796875,265.7239990234375,265.7239990234375,17640500
2008-07-18,248.24452209472656,248.558349609375,238.20216369628906,239.76132202148438,239.76132202148438,22669300
2008-07-21,239.54214477539062,241.14114379882812,231.98048400878906,233.52468872070312,233.52468872070312,11847200
2008-07-22,232.4885711669922,239.2283172607422,231.9306640625,237.66416931152344,237.66416931152344,9418000
2008-07-23,239.90577697753906,247.68661499023438,238.15733337402344,243.69656372070312,243.69656372070312,9824800
2008-07-24,247.42259216308594,247.5072784423828,236.9219512939453,236.9219512939453,236.9219512939453,7108200
2008-07-25,242.336669921875,245.64427185058594,239.85098266601562,245.0714111328125,245.0714111328125,6390700
2008-07-28,245.12620544433594,245.12620544433594,236.67787170410156,237.66915893554688,237.66915893554688,6343600
2008-07-29,238.7550811767578,242.72023010253906,238.10751342773438,240.65296936035156,240.65296936035156,5626600
2008-07-30,241.843505859375,242.1025390625,235.52220153808594,240.44874572753906,240.44874572753906,7007400
2008-07-31,236.39393615722656,239.547119140625,234.8397674560547,235.99044799804688,235.99044799804688,5751600
2008-08-01,235.37277221679688,235.7264404296875,230.38645935058594,233.0564422607422,233.0564422607422,6038300
2008-08-04,233.1859588623047,235.621826171875,230.0875701904297,230.63552856445312,230.63552856445312,4992500
2008-08-05,232.9219512939453,239.1436309814453,232.2943115234375,239.02906799316406,239.02906799316406,7195800
2008-08-06,238.2918243408203,243.9705352783203,235.37277221679688,242.26194763183594,242.26194763183594,6776800
2008-08-07,240.1000518798828,241.0963134765625,237.31549072265625,238.66542053222656,238.66542053222656,5568300
2008-08-08,239.17849731445312,246.94937133789062,236.9568328857422,246.58074951171875,246.58074951171875,7506500
2008-08-11,245.31549072265625,253.48985290527344,244.97178649902344,249.48486328125,249.48486328125,8510300
2008-08-12,250.0626983642578,252.1199951171875,248.07017517089844,250.36656188964844,250.36656188964844,5532000
2008-08-13,249.8634490966797,250.829833984375,246.0178680419922,249.0813751220703,249.0813751220703,7278100
2008-08-14,247.9207305908203,252.8572235107422,247.21836853027344,251.8011932373047,251.8011932373047,5859000
2008-08-15,252.5483856201172,254.3765411376953,251.80616760253906,254.1224822998047,254.1224822998047,7117800
2008-08-18,253.9680633544922,254.04776000976562,246.82981872558594,248.2196044921875,248.2196044921875,6692700
2008-08-19,244.29930114746094,248.20965576171875,242.40640258789062,244.3341827392578,244.3341827392578,6115700
2008-08-20,246.43629455566406,247.41761779785156,240.3839874267578,241.59445190429688,241.59445190429688,7993900
2008-08-21,240.55833435058594,244.03529357910156,238.74014282226562,242.35658264160156,242.35658264160156,7054500
2008-08-22,244.83230590820312,246.5159912109375,243.82608032226562,244.37901306152344,244.37901306152344,4611500
2008-08-25,242.14736938476562,247.57203674316406,239.85098266601562,240.60316467285156,240.60316467285156,4043600
2008-08-26,240.8273162841797,240.8273162841797,234.41635131835938,236.19468688964844,236.19468688964844,6641100
2008-08-27,235.98048400878906,236.52842712402344,231.55209350585938,233.41510009765625,233.41510009765625,8807000
2008-08-28,235.36280822753906,237.3354034423828,234.28683471679688,236.00538635253906,236.00538635253906,6082000
2008-08-29,233.9979248046875,234.6255645751953,230.30177307128906,230.7799835205078,230.7799835205078,7725100
2008-09-02,237.49481201171875,240.18971252441406,229.8484649658203,231.75631713867188,231.75631713867188,12268700
2008-09-03,233.4898223876953,236.2594451904297,228.93190002441406,231.337890625,231.337890625,8661500
2008-09-04,229.14112854003906,230.75506591796875,223.8609161376953,224.289306640625,224.289306640625,9733200
2008-09-05,221.9132080078125,225.3852081298828,219.21832275390625,221.2955322265625,221.2955322265625,9102500
2008-09-08,225.166015625,225.62429809570312,207.99537658691406,209.19090270996094,209.19090270996094,18103300
2008-09-09,210.79489135742188,215.3826904296875,206.7251434326172,208.54830932617188,208.54830932617188,14513300
2008-09-10,211.4424591064453,211.44744873046875,204.0750732421875,206.3067169189453,206.3067169189453,12500200
2008-09-11,203.41256713867188,216.73263549804688,202.43124389648438,216.0651397705078,216.0651397705078,12991200
2008-09-12,214.30174255371094,220.1697540283203,213.69900512695312,218.01283264160156,218.01283264160156,12101100
2008-09-15,211.20834350585938,220.1597900390625,211.06387329101562,216.11993408203125,216.11993408203125,13183900
2008-09-16,212.18467712402344,223.80113220214844,211.9505615234375,220.63800048828125,220.63800048828125,14033700
2008-09-17,218.4213104248047,218.7500762939453,205.94805908203125,206.47109985351562,206.47109985351562,18322100
2008-09-18,210.5308837890625,218.76998901367188,204.48355102539062,218.72018432617188,218.72018432617188,17243100
2008-09-19,229.63925170898438,230.17225646972656,220.81234741210938,223.7363739013672,223.7363739013672,20086900
2008-09-22,226.2170867919922,226.2170867919922,213.69900512695312,214.26687622070312,214.26687622070312,8847600
2008-09-23,215.81607055664062,219.57199096679688,212.06512451171875,213.83349609375,213.83349609375,10447400
2008-09-24,214.3665008544922,221.66912841796875,214.25193786621094,216.7425994873047,216.7425994873047,8515700
2008-09-25,218.6006317138672,224.1597900390625,217.17596435546875,218.97921752929688,218.97921752929688,10078100
2008-09-26,213.20086669921875,217.76376342773438,209.7288818359375,214.71519470214844,214.71519470214844,10624500
2008-09-29,208.9717254638672,210.96424865722656,189.6441650390625,189.7886199951172,189.7886199951172,21606400
2008-09-30,197.2506561279297,211.74632263183594,195.427490234375,199.51217651367188,199.51217651367188,6195600
2008-10-01,204.8073272705078,207.71144104003906,200.79736328125,205.0912628173828,205.0912628173828,12516200
2008-10-02,204.12986755371094,204.22451782226562,192.279296875,194.51589965820312,194.51589965820312,12014500
2008-10-03,197.93310546875,205.4798126220703,190.81976318359375,192.7325897216797,192.7325897216797,16045600
2008-10-06,186.29173278808594,187.29298400878906,177.9131317138672,184.9119110107422,184.9119110107422,22525200
2008-10-07,185.9679412841797,186.7898712158203,172.04014587402344,172.3589630126953,172.3589630126953,22191600
2008-10-08,164.4635467529297,178.82472229003906,162.44610595703125,168.4237060546875,168.4237060546875,23741400
2008-10-09,171.6167449951172,173.63417053222656,160.23440551757812,163.87574768066406,163.87574768066406,16210400
2008-10-10,155.9952850341797,170.30665588378906,154.5706329345703,165.38011169433594,165.38011169433594,21274900
2008-10-13,177.23069763183594,190.26185607910156,172.2294464111328,189.798583984375,189.798583984375,17877700
2008-10-14,196.0302276611328,196.51341247558594,177.83343505859375,180.6777801513672,180.6777801513672,15627800
2008-10-15,176.66282653808594,178.82969665527344,168.78236389160156,168.95172119140625,168.95172119140625,13493100
2008-10-16,165.75869750976562,177.58436584472656,154.14224243164062,175.85086059570312,175.85086059570312,32601000
2008-10-17,188.77243041992188,192.279296875,181.09620666503906,185.5744171142578,185.5744171142578,28605100
2008-10-20,189.16595458984375,189.77865600585938,179.12359619140625,188.95176696777344,188.95176696777344,13557400
2008-10-21,185.49969482421875,191.17343139648438,180.3240966796875,180.6977081298828,180.6977081298828,11607200
2008-10-22,177.82846069335938,184.1547393798828,171.3577117919922,177.17091369628906,177.17091369628906,13169100
2008-10-23,176.16468811035156,178.33157348632812,168.3639373779297,175.50218200683594,175.50218200683594,13006300
2008-10-24,162.6254425048828,174.58062744140625,161.763671875,169.01150512695312,169.01150512695312,14773100
2008-10-27,166.7798614501953,170.8595733642578,162.1920623779297,164.1298065185547,164.1298065185547,12447800
2008-10-28,168.89195251464844,183.9654541015625,163.64163208007812,183.68649291992188,183.68649291992188,16271500
2008-10-29,182.21202087402344,184.8072967529297,175.52708435058594,178.33157348632812,178.33157348632812,19586300
2008-10-30,183.5420379638672,185.30543518066406,178.51588439941406,179.1734161376953,179.1734161376953,16037600
2008-10-31,177.41500854492188,185.28550720214844,176.47354125976562,179.009033203125,179.009033203125,14902200
2008-11-03,178.1223602294922,180.81724548339844,170.0775146484375,172.59805297851562,172.59805297851562,11953600
2008-11-04,176.06008911132812,185.48475646972656,172.1049041748047,182.78488159179688,182.78488159179688,14754700
2008-11-05,180.39881896972656,183.75125122070312,170.01773071289062,170.4810028076172,170.4810028076172,13944900
2008-11-06,169.35023498535156,171.56692504882812,162.2966766357422,164.9915771484375,164.9915771484375,17213800
2008-11-07,165.93801879882812,169.9380340576172,162.0575714111328,164.95172119140625,164.95172119140625,9397600
2008-11-10,163.38758850097656,164.10488891601562,154.1571807861328,158.7947998046875,158.7947998046875,16220700
2008-11-11,153.7686309814453,157.55943298339844,149.6988983154297,155.14846801757812,155.14846801757812,20369100
2008-11-12,150.46102905273438,155.6615447998047,143.34271240234375,144.9566650390625,144.9566650390625,20177500
2008-11-13,145.34022521972656,155.91558837890625,139.47720336914062,155.45730590820312,155.45730590820312,26568500
2008-11-14,151.0587921142578,161.88819885253906,150.715087890625,154.43115234375,154.43115234375,19105500
2008-11-17,150.93426513671875,154.5009002685547,148.41868591308594,149.4996337890625,149.4996337890625,15144000
2008-11-18,150.221923828125,151.2978973388672,142.1422119140625,148.15467834472656,148.15467834472656,16754600
2008-11-19,147.14346313476562,149.53451538085938,138.7698516845703,139.56686401367188,139.56686401367188,15727800
2008-11-20,136.93174743652344,140.94171142578125,129.03634643554688,129.2953643798828,129.2953643798828,19632000
2008-11-21,130.76486206054688,134.1820526123047,123.18826293945312,130.72500610351562,130.72500610351562,20565700
2008-11-24,134.12725830078125,134.47096252441406,124.04006958007812,128.2393341064453,128.2393341064453,20184700
2008-11-25,133.83834838867188,142.79476928710938,133.16087341308594,140.49838256835938,140.49838256835938,21623100
2008-11-26,139.61668395996094,147.1783447265625,137.5843048095703,145.4996337890625,145.4996337890625,12760800
2008-11-28,144.74745178222656,147.67149353027344,143.60174560546875,145.93301391601562,145.93301391601562,5150200
2008-12-01,142.8047332763672,143.15342712402344,132.49337768554688,132.4983673095703,132.4983673095703,11465100
2008-12-02,134.3613739013672,138.37135314941406,130.7997283935547,137.0413360595703,137.0413360595703,11723000
2008-12-03,134.42115783691406,140.1546630859375,132.17457580566406,139.19326782226562,139.19326782226562,11853800
2008-12-04,137.74868774414062,141.21568298339844,133.8831787109375,136.65777587890625,136.65777587890625,9809700
2008-12-05,135.00396728515625,141.58929443359375,131.5170440673828,141.46475219726562,141.46475219726562,13091200
2008-12-08,144.45355224609375,154.14224243164062,140.4734649658203,150.4909210205078,150.4909210205078,16349500
2008-12-09,148.28916931152344,158.40625,147.950439453125,152.41371154785156,152.41371154785156,13831300
2008-12-10,154.04261779785156,156.86204528808594,151.6864471435547,153.83338928222656,153.83338928222656,10513100
2008-12-11,151.51707458496094,155.85581970214844,148.34396362304688,149.54945373535156,149.54945373535156,12404600
2008-12-12,147.30287170410156,157.64410400390625,146.45106506347656,157.29043579101562,157.29043579101562,11487000
2008-12-15,156.418701171875,158.6503448486328,151.98532104492188,154.75494384765625,154.75494384765625,13526200
2008-12-16,156.67274475097656,164.13478088378906,155.05381774902344,162.0326690673828,162.0326690673828,14172100
2008-12-17,158.72506713867188,160.4635467529297,155.62667846679688,157.03140258789062,157.03140258789062,11622700
2008-12-18,157.75868225097656,159.57687377929688,153.9778594970703,154.5606689453125,154.5606689453125,9562600
2008-12-19,154.91433715820312,158.30165100097656,153.92306518554688,154.50587463378906,154.50587463378906,11267200
2008-12-22,153.70387268066406,154.172119140625,144.77235412597656,148.00025939941406,148.00025939941406,7864500
2008-12-23,149.654052734375,151.08868408203125,147.7810821533203,148.45355224609375,148.45355224609375,7583600
2008-12-24,150.17709350585938,152.5980224609375,148.6328887939453,150.9093475341797,150.9093475341797,3857300
2008-12-26,151.46726989746094,152.06004333496094,148.5980224609375,149.6191864013672,149.6191864013672,3932800
2008-12-29,149.54945373535156,150.12728881835938,145.24559020996094,148.15467834472656,148.15467834472656,7431500
2008-12-30,149.83836364746094,152.8321533203125,148.79727172851562,150.9890594482422,150.9890594482422,7715700
2008-12-31,151.5320281982422,154.91932678222656,150.739990234375,153.25057983398438,153.25057983398438,5795100
2009-01-02,153.7238006591797,160.3091278076172,152.17959594726562,160.06005859375,160.06005859375,7248000
2009-01-05,159.90065002441406,165.0015411376953,156.91184997558594,163.41249084472656,163.41249084472656,9814500
2009-01-06,165.8682861328125,169.76368713378906,162.58558654785156,166.40626525878906,166.40626525878906,12898500
2009-01-07,163.54698181152344,164.83714294433594,158.7798614501953,160.4037628173828,160.4037628173828,9022600
2009-01-08,158.5457305908203,161.98782348632812,158.07748413085938,161.98782348632812,161.98782348632812,7228300
2009-01-09,163.13851928710938,163.13851928710938,156.11483764648438,156.9467315673828,156.9467315673828,8713400
2009-01-12,157.5644073486328,158.87948608398438,154.5357666015625,155.76116943359375,155.76116943359375,6633300
2009-01-13,155.30288696289062,159.70140075683594,154.61546325683594,156.5731201171875,156.5731201171875,8898100
2009-01-14,154.4211883544922,156.31410217285156,148.31906127929688,149.9230499267578,149.9230499267578,10976700
2009-01-15,148.22940063476562,151.22317504882812,142.85952758789062,148.93675231933594,148.93675231933594,11913400
2009-01-16,151.94049072265625,153.54945373535156,147.2978973388672,149.27548217773438,149.27548217773438,10487900
2009-01-20,149.011474609375,149.1907958984375,140.84707641601562,140.84707641601562,140.84707641601562,10134100
2009-01-21,143.63661193847656,151.18333435058594,143.63661193847656,150.97410583496094,150.97410583496094,9885800
2009-01-22,148.46351623535156,154.097412109375,147.02392578125,152.67771911621094,152.67771911621094,16595900
2009-01-23,154.05755615234375,165.3601837158203,151.54197692871094,161.74374389648438,161.74374389648438,21545900
2009-01-26,161.81846618652344,163.38758850097656,159.6814727783203,161.33029174804688,161.33029174804688,9255900
2009-01-27,162.615478515625,166.31163024902344,161.529541015625,165.12107849121094,165.12107849121094,9891400
2009-01-28,168.35894775390625,175.5071563720703,167.52706909179688,173.68399047851562,173.68399047851562,15440300
2009-01-29,171.62669372558594,171.88075256347656,169.4199676513672,171.01898193359375,171.01898193359375,14622100
2009-01-30,171.701416015625,173.74874877929688,167.37265014648438,168.63291931152344,168.63291931152344,9378900
2009-02-02,166.52084350585938,171.8558349609375,165.38011169433594,169.64910888671875,169.64910888671875,10452800
2009-02-03,170.6453857421875,170.8595733642578,166.2917022705078,169.58934020996094,169.58934020996094,13162100
2009-02-04,169.40003967285156,176.55821228027344,168.95172119140625,170.8595733642578,170.8595733642578,13685800
2009-02-05,169.8184814453125,177.02645874023438,167.8707733154297,176.19955444335938,176.19955444335938,14583200
2009-02-06,177.56443786621094,186.20704650878906,177.0563507080078,184.94677734375,184.94677734375,14128800
2009-02-09,184.94677734375,189.7886199951172,182.96420288085938,188.67779541015625,188.67779541015625,9991800
2009-02-10,187.28799438476562,188.045166015625,178.2767791748047,178.5856170654297,178.5856170654297,14260600
2009-02-11,178.80479431152344,181.81849670410156,175.84091186523438,178.35150146484375,178.35150146484375,10502300
2009-02-12,175.9206085205078,181.13107299804688,175.083740234375,180.84713745117188,180.84713745117188,11142200
2009-02-13,180.4187469482422,180.81724548339844,176.9517364501953,178.1721649169922,178.1721649169922,8324300
2009-02-17,172.60801696777344,172.89694213867188,169.21075439453125,170.69021606445312,170.69021606445312,11403300
2009-02-18,172.97166442871094,176.0301971435547,169.62420654296875,175.8957061767578,175.8957061767578,12094100
2009-02-19,178.06756591796875,179.22821044921875,170.0675506591797,170.6802520751953,170.6802520751953,10014700
2009-02-20,168.39381408691406,173.8085174560547,166.87451171875,172.57814025878906,172.57814025878906,12480700
2009-02-23,172.85211181640625,174.24688720703125,164.15968322753906,164.4137420654297,164.4137420654297,10481200
2009-02-24,164.89193725585938,174.15721130371094,164.8271942138672,172.0800018310547,172.0800018310547,12237400
2009-02-25,170.4361572265625,175.49221801757812,168.8271942138672,170.18211364746094,170.18211364746094,12926300
2009-02-26,172.33404541015625,175.58685302734375,167.9504852294922,167.96044921875,167.96044921875,11253200
2009-02-27,165.8533477783203,171.26805114746094,164.93678283691406,168.3639373779297,168.3639373779297,10880500
2009-03-02,166.04263305664062,169.7138671875,162.3913116455078,162.96914672851562,162.96914672851562,11620300
2009-03-03,164.41871643066406,166.22195434570312,160.57313537597656,162.13229370117188,162.13229370117188,13098400
2009-03-04,160.97662353515625,163.88571166992188,157.1011505126953,158.86453247070312,158.86453247070312,15695300
2009-03-05,157.6490936279297,158.94424438476562,150.7549285888672,152.24932861328125,152.24932861328125,13108600
2009-03-06,153.036376953125,154.51583862304688,146.57559204101562,153.7088623046875,153.7088623046875,14522500
2009-03-09,149.42990112304688,152.7126007080078,144.18455505371094,144.90187072753906,144.90187072753906,12991000
2009-03-10,148.56813049316406,154.67025756835938,146.57559204101562,153.50961303710938,153.50961303710938,13510700
2009-03-11,154.47100830078125,159.40252685546875,152.28419494628906,158.36141967773438,158.36141967773438,11891500
2009-03-12,158.17710876464844,161.8931884765625,156.2393798828125,161.1609344482422,161.1609344482422,10085800
2009-03-13,162.44113159179688,163.11859130859375,158.91932678222656,161.60426330566406,161.60426330566406,7842000
2009-03-16,162.38633728027344,164.24935913085938,158.7001495361328,159.2480926513672,159.2480926513672,9930500
2009-03-17,159.4921875,167.04388427734375,158.94921875,167.04388427734375,167.04388427734375,9460300
2009-03-18,166.7798614501953,169.36517333984375,163.41249084472656,165.9280548095703,165.9280548095703,10061900
2009-03-19,165.22071838378906,167.37265014648438,163.0787353515625,164.3539581298828,164.3539581298828,8253100
2009-03-20,164.53329467773438,165.87326049804688,162.56068420410156,164.4635467529297,164.4635467529297,9511200
2009-03-23,166.15719604492188,174.07254028320312,165.8931884765625,173.6491241455078,173.6491241455078,8574900
2009-03-24,172.60304260253906,176.25933837890625,171.3577117919922,172.93678283691406,172.93678283691406,7668500
2009-03-25,174.54576110839844,175.01400756835938,167.49717712402344,171.392578125,171.392578125,8705000
2009-03-26,175.90565490722656,178.90940856933594,173.59930419921875,175.98536682128906,175.98536682128906,12051500
2009-03-27,174.3465118408203,175.3427734375,172.0899658203125,173.2008056640625,173.2008056640625,6670400
2009-03-30,170.6354217529297,171.2630615234375,167.39755249023438,170.7051544189453,170.7051544189453,6211300
2009-03-31,173.81350708007812,176.09495544433594,172.44363403320312,173.380126953125,173.380126953125,7337900
2009-04-01,171.2481231689453,176.95672607421875,169.66903686523438,176.3838653564453,176.3838653564453,6627100
2009-04-02,180.97665405273438,184.18960571289062,179.48724365234375,180.5731658935547,180.5731658935547,9009500
2009-04-03,181.56942749023438,185.16595458984375,178.33157348632812,184.19956970214844,184.19956970214844,7607900
2009-04-06,182.81475830078125,184.21949768066406,180.0252227783203,183.4324493408203,183.4324493408203,6585100
2009-04-07,180.62298583984375,181.19583129882812,176.99159240722656,178.6553497314453,178.6553497314453,7387700
2009-04-08,181.07130432128906,181.81849670410156,177.43991088867188,180.3240966796875,180.3240966796875,5551000
2009-04-09,184.0601043701172,186.47604370117188,182.441162109375,185.5544891357422,185.5544891357422,6790400
2009-04-13,184.9716796875,188.84217834472656,184.45860290527344,188.34901428222656,188.34901428222656,6123000
2009-04-14,187.76620483398438,187.79110717773438,182.1173858642578,183.76620483398438,183.76620483398438,6882800
2009-04-15,182.8645782470703,189.81851196289062,181.4000701904297,189.0414276123047,189.0414276123047,9898300
2009-04-16,190.03768920898438,195.71640014648438,189.798583984375,193.64418029785156,193.64418029785156,20446400
2009-04-17,192.28924560546875,199.16348266601562,191.68650817871094,195.38763427734375,195.38763427734375,21541900
2009-04-20,192.35400390625,194.59561157226562,187.2431640625,188.94180297851562,188.94180297851562,8890900
2009-04-21,187.3826446533203,191.43246459960938,187.3477783203125,190.0227508544922,190.0227508544922,7418400
2009-04-22,190.1622314453125,194.27182006835938,188.79734802246094,191.21328735351562,191.21328735351562,7029800
2009-04-23,193.03146362304688,194.1472930908203,189.84341430664062,191.62673950195312,191.62673950195312,5237500
2009-04-24,192.30419921875,195.8558807373047,189.53956604003906,194.0177764892578,194.0177764892578,6796100
2009-04-27,191.452392578125,194.0177764892578,190.6603546142578,192.25437927246094,192.25437927246094,4598200
2009-04-28,191.1584930419922,193.79859924316406,190.0576171875,191.13856506347656,191.13856506347656,5909100
2009-04-29,192.26434326171875,196.74754333496094,192.19461059570312,195.0040740966797,195.0040740966797,7247000
2009-04-30,197.1410675048828,201.12115478515625,196.66285705566406,197.2456817626953,197.2456817626953,8744000
2009-05-01,196.77743530273438,198.05264282226562,195.04393005371094,196.10992431640625,196.10992431640625,4873500
2009-05-04,198.34156799316406,200.44866943359375,196.6578826904297,200.2394561767578,200.2394561767578,6430000
2009-05-05,199.24319458007812,201.7438201904297,197.88328552246094,200.74256896972656,200.74256896972656,4819500
2009-05-06,202.63546752929688,203.377685546875,199.75128173828125,200.98167419433594,200.98167419433594,5285400
2009-05-07,201.29550170898438,201.73883056640625,195.51715087890625,197.56448364257812,197.56448364257812,6021900
2009-05-08,200.67283630371094,204.2992401123047,196.76248168945312,202.9044647216797,202.9044647216797,7759100
2009-05-11,200.64791870117188,205.23074340820312,199.8509063720703,203.22825622558594,203.22825622558594,5137700
2009-05-12,204.2394561767578,204.72763061523438,196.81727600097656,198.75999450683594,198.75999450683594,7609900
2009-05-13,196.30918884277344,197.45489501953125,193.4499053955078,194.0426788330078,194.0426788330078,5706800
2009-05-14,193.67405700683594,195.37269592285156,191.62673950195312,193.0264892578125,193.0264892578125,5895900
2009-05-15,194.81976318359375,196.31915283203125,193.8185272216797,194.27182006835938,194.27182006835938,6039900
2009-05-18,196.62799072265625,197.91317749023438,191.98040771484375,197.67904663085938,197.67904663085938,6728500
2009-05-19,197.3104248046875,200.07008361816406,195.76622009277344,198.6952362060547,198.6952362060547,5696100
2009-05-20,200.29425048828125,202.0775604248047,196.76248168945312,197.84841918945312,197.84841918945312,4585000
2009-05-21,197.41006469726562,200.6678466796875,196.1846466064453,197.5096893310547,197.5096893310547,5459900
2009-05-22,197.58938598632812,198.58067321777344,195.26808166503906,196.01528930664062,196.01528930664062,3450000
2009-05-26,195.24317932128906,201.7438201904297,194.27182006835938,201.4250030517578,201.4250030517578,6232200
2009-05-27,202.0626220703125,205.1610107421875,201.649169921875,202.02276611328125,202.02276611328125,6091200
2009-05-28,203.5769500732422,205.0414581298828,201.54954528808594,204.43373107910156,204.43373107910156,5357500
2009-05-29,205.28553771972656,207.8359832763672,204.5831756591797,207.8359832763672,207.8359832763672,5316100
2009-06-01,208.5831756591797,213.9978790283203,208.48355102539062,212.4835662841797,212.4835662841797,6669600
2009-06-02,212.32913208007812,214.17721557617188,210.90945434570312,213.40013122558594,213.40013122558594,5266800
2009-06-03,212.20460510253906,215.42254638671875,211.20834350585938,215.01905822753906,215.01905822753906,7092000
2009-06-04,216.8372344970703,219.796142578125,216.43873596191406,219.3179473876953,219.3179473876953,7303300
2009-06-05,221.70399475097656,222.8347625732422,218.9094696044922,221.3303985595703,221.3303985595703,7389100
2009-06-08,218.9293975830078,219.63674926757812,216.24945068359375,218.56576538085938,218.56576538085938,6220500
2009-06-09,218.4711151123047,219.4275360107422,215.0738525390625,216.99664306640625,216.99664306640625,6534100
2009-06-10,217.30050659179688,218.12741088867188,212.53836059570312,215.49227905273438,215.49227905273438,6742900
2009-06-11,215.07882690429688,216.05517578125,213.3851776123047,213.69900512695312,213.69900512695312,5751800
2009-06-12,212.63299560546875,213.0514373779297,209.81854248046875,211.62677001953125,211.62677001953125,5858600
2009-06-15,209.9630126953125,209.9630126953125,206.2270050048828,207.60684204101562,207.60684204101562,7501700
2009-06-16,208.87210083007812,209.75877380371094,206.93435668945312,207.22328186035156,207.22328186035156,6122100
2009-06-17,207.3179168701172,209.07632446289062,205.01156616210938,206.80484008789062,206.80484008789062,7006200
2009-06-18,207.06387329101562,208.56324768066406,205.7288818359375,206.25689697265625,206.25689697265625,6193400
2009-06-19,208.3241424560547,209.4449462890625,206.51593017578125,209.26063537597656,209.26063537597656,8550100
2009-06-22,207.69650268554688,207.9654998779297,200.1946258544922,202.9144287109375,202.9144287109375,8279600
2009-06-23,202.56573486328125,203.7313690185547,200.5233917236328,202.08255004882812,202.08255004882812,5820800
2009-06-24,203.60682678222656,205.34532165527344,202.52090454101562,203.88079833984375,203.88079833984375,4934000
2009-06-25,202.74008178710938,207.1734619140625,202.49600219726562,207.10870361328125,207.10870361328125,6111700
2009-06-26,206.06761169433594,213.31544494628906,205.78367614746094,211.86587524414062,211.86587524414062,6537800
2009-06-29,212.20460510253906,213.1012420654297,210.3316192626953,211.278076171875,211.278076171875,4354800
2009-06-30,211.20834350585938,212.80734252929688,208.32913208007812,210.00784301757812,210.00784301757812,5207100
2009-07-01,211.30796813964844,212.4038543701172,208.2942657470703,208.7126922607422,208.7126922607422,4638900
2009-07-02,206.92938232421875,206.92938232421875,202.6454315185547,203.4822998046875,203.4822998046875,5054000
2009-07-06,202.4910125732422,204.55328369140625,200.08004760742188,204.0402069091797,204.0402069091797,4542100
2009-07-07,203.35775756835938,203.83099365234375,197.2506561279297,197.57444763183594,197.57444763183594,6543000
2009-07-08,199.25314331054688,202.241943359375,198.28677368164062,200.49349975585938,200.49349975585938,6908100
2009-07-09,202.30172729492188,206.451171875,202.14231872558594,204.4287567138672,204.4287567138672,6575700
2009-07-10,204.0252685546875,207.9057159423828,203.58689880371094,206.42626953125,206.42626953125,5875000
2009-07-13,207.30795288085938,211.4673614501953,206.81480407714844,211.35777282714844,211.35777282714844,8121600
2009-07-14,211.06387329101562,212.5682373046875,209.64918518066406,211.5520477294922,211.5520477294922,5813200
2009-07-15,214.02777099609375,218.52093505859375,213.44496154785156,218.26687622070312,218.26687622070312,7582200
2009-07-16,217.524658203125,222.042724609375,216.23948669433594,220.47361755371094,220.47361755371094,13158100
2009-07-17,215.6915283203125,216.92691040039062,212.5532989501953,214.32167053222656,214.32167053222656,13759500
2009-07-20,214.13735961914062,215.6168212890625,212.32913208007812,214.2818145751953,214.2818145751953,6330600
2009-07-21,214.66537475585938,215.14358520507812,212.06512451171875,213.15106201171875,213.15106201171875,5958600
2009-07-22,213.20086669921875,214.29676818847656,210.9592742919922,213.04644775390625,213.04644775390625,5192700
2009-07-23,213.5395965576172,219.7812042236328,211.95553588867188,217.8534393310547,217.8534393310547,6982400
2009-07-24,217.09129333496094,224.4038848876953,216.68780517578125,222.5259246826172,222.5259246826172,7280900
2009-07-27,222.18719482421875,222.54086303710938,217.98793029785156,221.5695037841797,221.5695037841797,5027500
2009-07-28,219.67660522460938,220.57821655273438,217.23574829101562,219.10374450683594,219.10374450683594,5083900
2009-07-29,217.7986297607422,218.08258056640625,215.13861083984375,217.30548095703125,217.30548095703125,3988800
2009-07-30,220.4785919189453,224.8920440673828,220.4785919189453,221.98793029785156,221.98793029785156,6421000
2009-07-31,224.1498260498047,225.50474548339844,220.38893127441406,220.69776916503906,220.69776916503906,5742200
2009-08-03,223.5321502685547,226.10250854492188,222.9842071533203,225.2606658935547,225.2606658935547,5199900
2009-08-04,223.84597778320312,226.15232849121094,223.3777313232422,226.017822265625,226.017822265625,4797400
2009-08-05,227.14859008789062,227.60189819335938,223.103759765625,224.7276611328125,224.7276611328125,4701400
2009-08-06,226.3017578125,226.59068298339844,223.4275360107422,224.33912658691406,224.33912658691406,4237600
2009-08-07,226.9842071533203,228.85220336914062,226.64547729492188,227.696533203125,227.696533203125,5105100
2009-08-10,226.72019958496094,228.34909057617188,226.04771423339844,227.45245361328125,227.45245361328125,3496900
2009-08-11,225.98794555664062,227.76129150390625,225.34535217285156,226.1224365234375,226.1224365234375,3437800
2009-08-12,226.8546905517578,230.01284790039062,226.61061096191406,228.43377685546875,228.43377685546875,4700200
2009-08-13,230.2121124267578,231.4923095703125,228.59815979003906,230.27687072753906,230.27687072753906,4005200
2009-08-14,230.5259246826172,230.72518920898438,227.59193420410156,229.14112854003906,229.14112854003906,3362700
2009-08-17,224.90699768066406,225.1510772705078,220.73263549804688,221.6143341064453,221.6143341064453,5260000
2009-08-18,221.7189483642578,223.0140838623047,220.33413696289062,221.80860900878906,221.80860900878906,4719800
2009-08-19,219.17347717285156,221.66912841796875,218.46115112304688,221.1560516357422,221.1560516357422,4526800
2009-08-20,225.15606689453125,230.22705078125,224.77249145507812,229.34535217285156,229.34535217285156,8027600
2009-08-21,231.90077209472656,232.1747589111328,230.461181640625,231.7513427734375,231.7513427734375,7147600
2009-08-24,232.80239868164062,234.1672821044922,231.34286499023438,233.4898223876953,233.4898223876953,4925100
2009-08-25,233.68907165527344,236.28933715820312,233.48484802246094,234.80490112304688,234.80490112304688,4699400
2009-08-26,235.49729919433594,235.61685180664062,232.47860717773438,233.12619018554688,233.12619018554688,3990400
2009-08-27,233.41510009765625,233.41510009765625,229.5047607421875,232.15980529785156,232.15980529785156,4012600
2009-08-28,233.7538299560547,235.3030242919922,230.82481384277344,231.5072479248047,231.5072479248047,3556400
2009-08-31,229.03651428222656,230.06765747070312,228.1448516845703,229.97300720214844,229.97300720214844,3930400
2009-09-01,228.98171997070312,232.53839111328125,226.36154174804688,227.02903747558594,227.02903747558594,5209100
2009-09-02,227.05892944335938,228.30923461914062,225.449951171875,225.6591796875,225.6591796875,3623100
2009-09-03,227.05892944335938,228.26939392089844,226.65045166015625,227.90574645996094,227.90574645996094,3304600
2009-09-04,227.9306640625,230.43626403808594,227.03900146484375,229.7886962890625,229.7886962890625,3009500
2009-09-08,231.27810668945312,232.62307739257812,227.0688934326172,228.45370483398438,228.45370483398438,5333300
2009-09-09,228.67288208007812,232.26441955566406,228.54336547851562,231.11871337890625,231.11871337890625,4407100
2009-09-10,232.45370483398438,234.5906982421875,230.13739013671875,234.5906982421875,234.5906982421875,5088100
2009-09-11,234.3217010498047,235.76629638671875,232.94187927246094,235.18846130371094,235.18846130371094,3820000
2009-09-14,234.37649536132812,237.50975036621094,234.14735412597656,236.6728973388672,236.6728973388672,3966100
2009-09-15,236.65296936035156,238.56082153320312,235.47239685058594,237.8783721923828,237.8783721923828,4814000
2009-09-16,239.004150390625,243.7712860107422,238.34661865234375,243.23330688476562,243.23330688476562,5189900
2009-09-17,244.36904907226562,247.75634765625,242.66543579101562,244.94189453125,244.94189453125,8999700
2009-09-18,247.4574737548828,247.56207275390625,244.69781494140625,244.8123779296875,244.8123779296875,6591500
2009-09-21,242.95933532714844,248.51849365234375,242.20216369628906,247.57203674316406,247.57203674316406,4248600
2009-09-22,249.52471923828125,250.05772399902344,247.97552490234375,248.5981903076172,248.5981903076172,6105100
2009-09-23,249.45498657226562,252.55337524414062,247.92572021484375,248.29931640625,248.29931640625,5428600
2009-09-24,249.30056762695312,249.768798828125,245.5795135498047,247.4574737548828,247.4574737548828,5074000
2009-09-25,246.2220916748047,249.0315704345703,245.0813751220703,245.3204803466797,245.3204803466797,4114400
2009-09-28,246.49607849121094,249.8136444091797,245.72894287109375,248.3341827392578,248.3341827392578,3692300
2009-09-29,248.8323211669922,248.94190979003906,245.58448791503906,248.3341827392578,248.3341827392578,4214000
2009-09-30,249.06643676757812,249.13616943359375,242.71026611328125,246.9991912841797,246.9991912841797,6306800
2009-10-01,245.5795135498047,247.3080291748047,242.59071350097656,242.69033813476562,242.69033813476562,5647400
2009-10-02,240.966796875,244.9518585205078,240.39892578125,241.38522338867188,241.38522338867188,5221000
2009-10-05,242.91448974609375,245.2955780029297,240.76754760742188,243.34786987304688,243.34786987304688,4305100
2009-10-06,244.9319305419922,248.7526092529297,244.9319305419922,248.4387969970703,248.4387969970703,5485000
2009-10-07,248.56829833984375,258.5259704589844,247.97552490234375,257.8036804199219,257.8036804199219,9784800
2009-10-08,258.8149108886719,260.6480407714844,255.71153259277344,256.1299743652344,256.1299743652344,8639800
2009-10-09,257.3603515625,259.7812805175781,256.28936767578125,257.1611022949219,257.1611022949219,5496600
2009-10-12,260.7326965332031,261.8983459472656,258.69036865234375,261.04156494140625,261.04156494140625,6669200
2009-10-13,261.2159118652344,262.74517822265625,259.7165222167969,262.07269287109375,262.07269287109375,6097400
2009-10-14,265.23583984375,266.7900085449219,264.01043701171875,266.6604919433594,266.6604919433594,6541200
2009-10-15,265.87841796875,267.4475402832031,262.6505126953125,263.9656066894531,263.9656066894531,12246500
2009-10-16,272.64306640625,276.3392028808594,271.248291015625,273.89837646484375,273.89837646484375,17749900
2009-10-19,275.31304931640625,275.766357421875,273.3404541015625,275.0141906738281,275.0141906738281,6459800
2009-10-20,274.7900085449219,275.44256591796875,269.3404541015625,274.8298645019531,274.8298645019531,8117600
2009-10-21,273.9282531738281,278.630615234375,273.4749450683594,274.5210266113281,274.5210266113281,7368600
2009-10-22,273.97308349609375,276.4637451171875,272.976806640625,276.01043701171875,276.01043701171875,4690400
2009-10-23,276.5882873535156,277.9033508300781,274.5708312988281,275.8111877441406,275.8111877441406,4803200
2009-10-26,276.83734130859375,279.7713623046875,274.4164123535156,276.0702209472656,276.0702209472656,5963000
2009-10-27,274.4562683105469,276.24456787109375,271.0639953613281,273.12127685546875,273.12127685546875,6457000
2009-10-28,272.91204833984375,273.97308349609375,268.1200256347656,269.1412048339844,269.1412048339844,5154800
2009-10-29,270.4911193847656,274.8846740722656,269.4898986816406,274.4961242675781,274.4961242675781,5064000
2009-10-30,273.97308349609375,274.0577697753906,266.12249755859375,267.0589904785156,267.0589904785156,6962900
2009-11-02,267.5372009277344,268.7227478027344,263.1336975097656,265.99798583984375,265.99798583984375,6428200
2009-11-03,264.0154113769531,267.7464294433594,263.1636047363281,267.6418151855469,267.6418151855469,4778100
2009-11-04,269.3902587890625,271.7314758300781,267.20843505859375,269.1561279296875,269.1561279296875,4682800
2009-11-05,270.730224609375,273.8585205078125,270.3167724609375,273.30059814453125,273.30059814453125,3709100
2009-11-06,272.83734130859375,274.8597717285156,271.7314758300781,274.5210266113281,274.5210266113281,3667000
2009-11-09,276.6878967285156,280.2395935058594,276.0801696777344,280.2047119140625,280.2047119140625,5319500
2009-11-10,280.3143005371094,283.3280029296875,279.95068359375,282.32177734375,282.32177734375,4478200
2009-11-11,284.1748352050781,285.67919921875,281.87347412109375,284.2146911621094,284.2146911621094,4656700
2009-11-12,283.716552734375,285.38031005859375,281.69415283203125,282.86474609375,282.86474609375,3786600
2009-11-13,283.5820617675781,285.1860656738281,282.2470703125,284.9569091796875,284.9569091796875,3346000
2009-11-16,286.4263916015625,287.4176940917969,285.320556640625,287.06402587890625,287.06402587890625,4414700
2009-11-17,286.36163330078125,287.6717224121094,285.7887878417969,287.666748046875,287.666748046875,3847700
2009-11-18,287.2483215332031,288.3093566894531,284.9668884277344,287.2483215332031,287.2483215332031,3110700
2009-11-19,285.8136901855469,285.92828369140625,283.93572998046875,285.4251708984375,285.4251708984375,4352200
2009-11-20,283.6866760253906,284.7327575683594,283.6368713378906,283.9158020019531,283.9158020019531,4027400
2009-11-23,287.1686096191406,292.2047424316406,286.85479736328125,290.0876770019531,290.0876770019531,5114000
2009-11-24,290.17236328125,291.0540466308594,287.19354248046875,290.456298828125,290.456298828125,3222400
2009-11-25,292.110107421875,292.43389892578125,290.2570495605469,291.7763366699219,291.7763366699219,2933300
2009-11-27,284.9320068359375,290.1424865722656,284.4189147949219,288.7975158691406,288.7975158691406,2779500
2009-11-30,289.23089599609375,290.7452087402344,287.47747802734375,290.4114685058594,290.4114685058594,3463000
2009-12-01,292.9668884277344,294.506103515625,290.4114685058594,293.8336486816406,293.8336486816406,4657900
2009-12-02,294.3965148925781,295.39776611328125,292.01544189453125,292.6580505371094,292.6580505371094,3338800
2009-12-03,293.4201965332031,294.6206970214844,291.4077453613281,291.7763366699219,291.7763366699219,2868000
2009-12-04,295.40277099609375,296.30438232421875,288.50860595703125,291.4127197265625,291.4127197265625,5046000
2009-12-07,291.01422119140625,293.245849609375,289.4151916503906,292.0303955078125,292.0303955078125,3284500
2009-12-08,290.6605224609375,294.2271728515625,289.913330078125,292.42889404296875,292.42889404296875,3059300
2009-12-09,292.653076171875,293.56463623046875,290.70037841796875,293.41021728515625,293.41021728515625,3575200
2009-12-10,294.1175842285156,296.2445983886719,294.1026306152344,294.6455993652344,294.6455993652344,3349000
2009-12-11,296.2296447753906,296.2645263671875,292.76763916015625,294.1524353027344,294.1524353027344,3452800
2009-12-14,296.56341552734375,297.53973388671875,295.1985168457031,296.752685546875,296.752685546875,3841100
2009-12-15,295.542236328125,297.07647705078125,294.39154052734375,295.4625244140625,295.4625244140625,4577800
2009-12-16,298.1823425292969,299.06402587890625,297.20599365234375,297.763916015625,297.763916015625,5639800
2009-12-17,297.10638427734375,297.7041320800781,295.7713623046875,295.8610534667969,295.8610534667969,5297300
2009-12-18,296.9021301269531,298.3467102050781,296.3890686035156,297.0964050292969,297.0964050292969,7089400
2009-12-21,297.6891784667969,298.8000183105469,296.7228088378906,298.2221984863281,298.2221984863281,5161600
2009-12-22,299.5472106933594,299.6269226074219,298.306884765625,299.4376220703125,299.4376220703125,3775600
2009-12-23,300.6231994628906,305.29071044921875,300.2994079589844,304.6979064941406,304.6979064941406,4160800
2009-12-24,305.3205871582031,308.603271484375,304.9918212890625,308.0852355957031,308.0852355957031,1723800
2009-12-28,309.6692810058594,311.8262023925781,308.0852355957031,310.27203369140625,310.27203369140625,3408400
2009-12-29,311.2035217285156,311.25335693359375,307.9905700683594,308.54351806640625,308.54351806640625,2860200
2009-12-30,308.0951843261719,310.2022705078125,307.8511047363281,310.2022705078125,310.2022705078125,2942100
2009-12-31,311.2085266113281,311.53228759765625,308.8324279785156,308.8324279785156,308.8324279785156,2448700
2010-01-04,312.3044128417969,313.5796203613281,310.9544677734375,312.20477294921875,312.20477294921875,3927000
2010-01-05,312.4189758300781,312.74774169921875,309.6094970703125,310.8299255371094,310.8299255371094,6031900
2010-01-06,311.7614440917969,311.7614440917969,302.0478515625,302.9942932128906,302.9942932128906,7987100
2010-01-07,303.5621643066406,303.8610534667969,295.21844482421875,295.94073486328125,295.94073486328125,12876600
2010-01-08,294.8946533203125,300.4986572265625,293.4550476074219,299.8859558105469,299.8859558105469,9483900
2010-01-11,301.1014099121094,301.1014099121094,295.9108581542969,299.4326477050781,299.4326477050781,14479800
2010-01-12,297.7091064453125,297.9631652832031,292.9021301269531,294.13751220703125,294.13751220703125,9742900
2010-01-13,287.1686096191406,293.0914306640625,285.8784484863281,292.4488220214844,292.4488220214844,13041800
2010-01-14,290.8597717285156,295.99053955078125,290.31683349609375,293.82366943359375,293.82366943359375,8511900
2010-01-15,295.5621643066406,295.6717529296875,287.94073486328125,288.91705322265625,288.91705322265625,10909600
2010-01-19,289.51483154296875,294.10760498046875,287.0690002441406,292.71282958984375,292.71282958984375,8665700
2010-01-20,291.8959045410156,291.8959045410156,286.57086181640625,289.1213073730469,289.1213073730469,6525700
2010-01-21,290.6306457519531,292.3143310546875,285.0565490722656,290.4014892578125,290.4014892578125,12662600
2010-01-22,281.1960144042969,284.234619140625,266.43133544921875,273.9780578613281,273.9780578613281,13651700
2010-01-25,272.2744445800781,273.9132995605469,266.755126953125,268.99176025390625,268.99176025390625,8872800
2010-01-26,267.98052978515625,273.7738342285156,267.1436767578125,270.1972351074219,270.1972351074219,8743600
2010-01-27,269.6243896484375,272.8024597167969,266.655517578125,270.037841796875,270.037841796875,7958400
2010-01-28,271.2283630371094,272.4786682128906,264.3092956542969,266.14739990234375,266.14739990234375,6482300
2010-01-29,268.23956298828125,269.4848937988281,261.8236083984375,263.98052978515625,263.98052978515625,8311900
2010-02-01,266.3018493652344,266.9045715332031,264.15985107421875,265.5147705078125,265.5147705078125,4518400
2010-02-02,266.4811706542969,266.4811706542969,262.81988525390625,264.5683288574219,264.5683288574219,8223000
2010-02-03,263.347900390625,270.037841796875,263.12872314453125,269.40020751953125,269.40020751953125,6020500
2010-02-04,267.4973449707031,267.9954833984375,261.7987060546875,262.40643310546875,262.40643310546875,6780600
2010-02-05,263.2134094238281,265.7538757324219,260.2545166015625,264.65301513671875,264.65301513671875,6335600
2010-02-08,265.2557678222656,269.9880065917969,264.7725524902344,265.73895263671875,265.73895263671875,5408700
2010-02-09,268.7626037597656,269.75390625,266.53594970703125,267.2184143066406,267.2184143066406,5660200
2010-02-10,266.0378112792969,267.890869140625,262.8597412109375,266.22711181640625,266.22711181640625,5369000
2010-02-11,265.6642150878906,269.23583984375,263.7613525390625,267.198486328125,267.198486328125,4838000
2010-02-12,265.4898681640625,267.57208251953125,264.2594909667969,265.5646057128906,265.5646057128906,4576400
2010-02-16,267.4325866699219,271.0490417480469,266.15240478515625,269.6393127441406,269.6393127441406,7336100
2010-02-17,269.9880065917969,270.6853942871094,267.80120849609375,268.10009765625,268.10009765625,4074500
2010-02-18,267.766357421875,271.4873962402344,267.0689697265625,270.5957336425781,270.5957336425781,4691200
2010-02-19,269.2557678222656,270.9992370605469,268.8423156738281,269.3703308105469,269.3703308105469,5125300
2010-02-22,272.65301513671875,272.7277526855469,269.4898986816406,270.38653564453125,270.38653564453125,4305100
2010-02-23,270.48614501953125,270.79998779296875,265.1511535644531,266.53594970703125,266.53594970703125,5766600
2010-02-24,265.99298095703125,268.21466064453125,264.26446533203125,264.74267578125,264.74267578125,4670500
2010-02-25,262.5758056640625,263.25823974609375,259.0290832519531,262.2320861816406,262.2320861816406,6643100
2010-02-26,262.7252502441406,264.8821716308594,260.7626037597656,262.4164123535156,262.4164123535156,4113800
2010-03-01,263.6119079589844,265.6492919921875,262.8846435546875,265.35040283203125,265.35040283203125,4492500
2010-03-02,266.7402038574219,271.8111877441406,266.5060729980469,269.519775390625,269.519775390625,8746200
2010-03-03,270.1673583984375,273.0365905761719,268.6181640625,271.6418151855469,271.6418151855469,6201800
2010-03-04,272.2296142578125,277.0266418457031,272.0801696777344,276.259521484375,276.259521484375,6391300
2010-03-05,279.62689208984375,282.77508544921875,278.90460205078125,281.0515441894531,281.0515441894531,7853700
2010-03-08,281.3354797363281,281.53472900390625,279.45751953125,280.1897888183594,280.1897888183594,4790600
2010-03-09,278.87969970703125,281.27569580078125,277.2109375,279.0490417480469,279.0490417480469,6376900
2010-03-10,280.827392578125,288.16986083984375,280.0552978515625,287.148681640625,287.148681640625,11352100
2010-03-11,286.05780029296875,292.0104675292969,286.02789306640625,289.48492431640625,289.48492431640625,8498200
2010-03-12,292.97186279296875,293.0415954589844,288.4986267089844,288.68792724609375,288.68792724609375,5527400
2010-03-15,282.2819519042969,283.6617736816406,276.9618835449219,280.5384826660156,280.5384826660156,9342600
2010-03-16,279.8659973144531,283.148681640625,279.3329772949219,281.5447082519531,281.5447082519531,6888600
2010-03-17,283.08892822265625,284.65802001953125,281.07147216796875,281.7240295410156,281.7240295410156,6668000
2010-03-18,281.30560302734375,283.1586608886719,280.42889404296875,282.1424560546875,282.1424560546875,3567600
2010-03-19,278.95440673828125,282.9394836425781,277.5994873046875,278.95440673828125,278.95440673828125,9624200
2010-03-22,277.01666259765625,282.3666076660156,276.1051025390625,277.7090759277344,277.7090759277344,8039600
2010-03-23,277.4799499511719,278.1125793457031,269.9880065917969,273.4749450683594,273.4749450683594,11043800
2010-03-24,271.7364501953125,278.87969970703125,268.8423156738281,277.6243896484375,277.6243896484375,13179500
2010-03-25,278.46624755859375,284.9320068359375,278.28692626953125,280.3890380859375,280.3890380859375,7891200
2010-03-26,281.5795593261719,282.6356201171875,278.9643859863281,280.2944030761719,280.2944030761719,5412500
2010-03-29,280.4488220214844,281.30560302734375,279.23834228515625,280.1748352050781,280.1748352050781,6232200
2010-03-30,280.3641357421875,282.7551574707031,279.0939025878906,282.296875,282.296875,3970500
2010-03-31,281.469970703125,283.80621337890625,280.3541564941406,282.5011291503906,282.5011291503906,6084200
2010-04-01,284.60821533203125,285.654296875,281.71905517578125,283.3379821777344,283.3379821777344,4221100
2010-04-05,284.3840637207031,286.36663818359375,283.4375915527344,284.4388427734375,284.4388427734375,3817200
2010-04-06,283.666748046875,284.37908935546875,281.6443176269531,283.049072265625,283.049072265625,4135600
2010-04-07,282.5907897949219,283.3130798339844,279.8809509277344,280.7178039550781,280.7178039550781,5181200
2010-04-08,280.60821533203125,283.86102294921875,278.97930908203125,282.6854248046875,282.6854248046875,3909500
2010-04-09,282.6854248046875,283.3230285644531,280.9469299316406,282.05279541015625,282.05279541015625,4128600
2010-04-12,282.6156921386719,285.92828369140625,282.05279541015625,285.295654296875,285.295654296875,4722400
2010-04-13,285.1960144042969,293.3404846191406,284.4986267089844,292.2894287109375,292.2894287109375,7853900
2010-04-14,293.92828369140625,295.06402587890625,290.9145812988281,293.4002685546875,293.4002685546875,6830900
2010-04-15,294.9793395996094,297.80377197265625,293.0466003417969,296.53851318359375,296.53851318359375,13574200
2010-04-16,280.4488220214844,283.34295654296875,273.78875732421875,274.04779052734375,274.04779052734375,24562600
2010-04-19,273.35040283203125,275.96063232421875,271.482421875,274.02288818359375,274.02288818359375,7817100
2010-04-20,276.05029296875,278.7850341796875,274.5010986328125,276.4836730957031,276.4836730957031,5977000
2010-04-21,277.1910095214844,279.0789489746094,275.0490417480469,276.11505126953125,276.11505126953125,4800800
2010-04-22,274.9693603515625,275.2184143066406,270.6604919433594,272.5085754394531,272.5085754394531,6585900
2010-04-23,272.60321044921875,273.63433837890625,270.1225280761719,271.4774475097656,271.4774475097656,4194300
2010-04-26,271.46746826171875,271.4774475097656,263.6169128417969,264.8273620605469,264.8273620605469,8770300
2010-04-27,263.4873962402344,268.1598815917969,262.6305847167969,263.54217529296875,263.54217529296875,7718100
2010-04-28,265.0564880371094,266.4164123535156,259.54217529296875,263.60693359375,263.60693359375,6837700
2010-04-29,265.6891174316406,267.248291015625,262.3516540527344,265.0066833496094,265.0066833496094,6140700
2010-04-30,264.57330322265625,267.8360900878906,261.73895263671875,261.8684387207031,261.8684387207031,4888900
2010-05-03,262.2669677734375,265.4649658203125,261.5596008300781,264.3092956542969,264.3092956542969,3729500
2010-05-04,262.27691650390625,262.3865051269531,251.16357421875,252.2395477294922,252.2395477294922,12198000
2010-05-05,249.5546112060547,256.8970947265625,249.30056762695312,253.92820739746094,253.92820739746094,9198600
2010-05-06,253.4250946044922,257.7937316894531,229.14112854003906,248.40391540527344,248.40391540527344,10037600
2010-05-07,249.05149841308594,251.7165069580078,239.76629638671875,245.6492462158203,245.6492462158203,10216000
2010-05-10,256.0253601074219,260.433837890625,255.34291076660156,259.85101318359375,259.85101318359375,8286800
2010-05-11,256.8721923828125,258.9693298339844,253.1610870361328,253.5745391845703,253.5745391845703,6670000
2010-05-12,255.06396484375,255.06396484375,250.0626983642578,251.75137329101562,251.75137329101562,7732400
2010-05-13,257.28564453125,260.0253601074219,254.23207092285156,254.4861297607422,254.4861297607422,6676400
2010-05-14,253.93319702148438,254.54092407226562,247.1984405517578,252.8173828125,252.8173828125,8262800
2010-05-17,252.4437713623047,253.2308349609375,248.24452209472656,253.03656005859375,253.03656005859375,5608400
2010-05-18,254.04776000976562,254.5309600830078,247.60690307617188,248.25448608398438,248.25448608398438,5672100
2010-05-19,247.2034149169922,248.78749084472656,242.95933532714844,246.29183959960938,246.29183959960938,6917100
2010-05-20,241.6293182373047,241.88336181640625,236.01535034179688,236.61810302734375,236.61810302734375,9863400
2010-05-21,233.65420532226562,241.59445190429688,231.33290100097656,235.1436309814453,235.1436309814453,19454100
2010-05-24,239.46742248535156,243.98049926757812,237.50975036621094,237.6890869140625,237.6890869140625,8723600
2010-05-25,233.20091247558594,237.8335418701172,231.13864135742188,237.64425659179688,237.64425659179688,6057300
2010-05-26,240.13491821289062,243.96556091308594,236.6131134033203,236.8472442626953,236.8472442626953,6977200
2010-05-27,241.5695343017578,245.2357940673828,239.62681579589844,244.3142547607422,244.3142547607422,5639200
2010-05-28,245.4499969482422,245.8036651611328,240.59817504882812,241.90826416015625,241.90826416015625,5811200
2010-06-01,239.31797790527344,244.61312866210938,239.16355895996094,240.28436279296875,240.28436279296875,5353500
2010-06-02,242.43130493164062,246.01287841796875,239.8310546875,245.76382446289062,245.76382446289062,5100500
2010-06-03,246.6305694580078,253.05149841308594,246.42633056640625,251.85598754882812,251.85598754882812,7328700
2010-06-04,248.9269561767578,253.67416381835938,247.42259216308594,248.4288330078125,248.4288330078125,7869900
2010-06-07,248.5981903076172,249.51974487304688,240.6728973388672,241.8534698486328,241.8534698486328,7292500
2010-06-08,243.01412963867188,243.5072784423828,237.8783721923828,241.48484802246094,241.48484802246094,5390200
2010-06-09,242.70030212402344,243.52720642089844,235.11871337890625,236.12493896484375,236.12493896484375,5478300
2010-06-10,239.2880859375,243.33790588378906,237.03155517578125,242.59568786621094,242.59568786621094,5175000
2010-06-11,240.34910583496094,243.44252014160156,239.91075134277344,243.33790588378906,243.33790588378906,3576600
2010-06-14,246.31674194335938,246.3267059326172,240.6928253173828,240.6928253173828,240.6928253173828,4096000
2010-06-15,240.63803100585938,249.26568603515625,240.18971252441406,248.065185546875,248.065185546875,8551100
2010-06-16,247.15858459472656,251.05897521972656,247.1287078857422,249.69906616210938,249.69906616210938,4595600
2010-06-17,250.78500366210938,251.990478515625,247.41761779785156,249.10629272460938,249.10629272460938,3969300
2010-06-18,250.31675720214844,250.79495239257812,248.1349334716797,249.0813751220703,249.0813751220703,5767200
2010-06-21,249.01663208007812,249.54962158203125,241.53965759277344,243.3677978515625,243.3677978515625,5989200
2010-06-22,244.03529357910156,247.37278747558594,241.9580841064453,242.2171173095703,242.2171173095703,4456000
2010-06-23,242.53591918945312,242.53591918945312,238.1872100830078,240.1249542236328,240.1249542236328,4073300
2010-06-24,238.93441772460938,240.47364807128906,235.74636840820312,236.66293334960938,236.66293334960938,3801300
2010-06-25,237.63926696777344,237.93316650390625,234.4014129638672,235.4574432373047,235.4574432373047,4507100
2010-06-28,235.41261291503906,237.88336181640625,233.62930297851562,235.1585693359375,235.1585693359375,3537700
2010-06-29,230.85470581054688,231.40762329101562,224.7176971435547,226.28184509277344,226.28184509277344,7030400
2010-06-30,226.6305389404297,228.0601806640625,221.52964782714844,221.64422607421875,221.64422607421875,7233400
2010-07-01,221.81358337402344,223.36277770996094,216.00535583496094,218.92442321777344,218.92442321777344,7053500
2010-07-02,219.98544311523438,220.314208984375,217.18592834472656,217.45989990234375,217.45989990234375,3886400
2010-07-06,221.17098999023438,222.9991455078125,216.00535583496094,217.22080993652344,217.22080993652344,5139300
2010-07-07,218.3366241455078,224.80238342285156,216.87709045410156,224.25941467285156,224.25941467285156,6282800
2010-07-08,225.92816162109375,227.8111114501953,223.9904327392578,227.42755126953125,227.42755126953125,5357700
2010-07-09,235.09878540039062,235.74636840820312,230.5259246826172,232.87213134765625,232.87213134765625,8695400
2010-07-12,235.3030242919922,238.8248291015625,234.66043090820312,237.0265655517578,237.0265655517578,6693700
2010-07-13,240.22457885742188,245.57452392578125,239.24325561523438,243.6865997314453,243.6865997314453,7982300
2010-07-14,244.02532958984375,245.99295043945312,242.32171630859375,244.7526092529297,244.7526092529297,6259300
2010-07-15,244.94688415527344,246.42633056640625,240.43878173828125,246.0876007080078,246.0876007080078,9752800
2010-07-16,233.68409729003906,234.4014129638672,228.9020233154297,228.9468536376953,228.9468536376953,15708200
2010-07-19,229.6442413330078,233.94810485839844,227.90574645996094,232.21958923339844,232.21958923339844,9134700
2010-07-20,229.65420532226562,240.59320068359375,229.44000244140625,239.89581298828125,239.89581298828125,8139300
2010-07-21,241.0963134765625,241.94313049316406,236.8273162841797,237.8584442138672,237.8584442138672,6583700
2010-07-22,240.71275329589844,243.57701110839844,240.3391571044922,241.4998016357422,241.4998016357422,4311400
2010-07-23,239.48733520507812,244.37901306152344,239.1087646484375,244.114990234375,244.114990234375,4545700
2010-07-26,243.63180541992188,244.45870971679688,241.53466796875,243.57203674316406,243.57203674316406,4005200
2010-07-27,244.3740234375,247.82110595703125,244.16978454589844,245.39520263671875,245.39520263671875,4920700
2010-07-28,246.54588317871094,246.70030212402344,240.4337921142578,241.27066040039062,241.27066040039062,5010600
2010-07-29,242.0676727294922,243.52720642089844,238.77003479003906,241.58946228027344,241.58946228027344,5371000
2010-07-30,238.92942810058594,242.77003479003906,238.67538452148438,241.5197296142578,241.5197296142578,4304100
2010-08-02,243.58200073242188,245.71897888183594,242.56082153320312,244.28933715820312,244.28933715820312,3731300
2010-08-03,244.3341827392578,245.31051635742188,242.47116088867188,244.00042724609375,244.00042724609375,3618100
2010-08-04,245.17103576660156,252.55337524414062,244.608154296875,252.21463012695312,252.21463012695312,7653500
2010-08-05,252.0004425048828,253.3503875732422,250.8397979736328,253.101318359375,253.101318359375,4858900
2010-08-06,251.75636291503906,251.92572021484375,247.09881591796875,249.176025390625,249.176025390625,6663800
2010-08-09,250.18724060058594,251.80616760253906,249.743896484375,251.7314453125,251.7314453125,3758300
2010-08-10,250.23704528808594,252.05523681640625,248.35411071777344,250.9145050048828,250.9145050048828,4163400
2010-08-11,247.9356689453125,248.07017517089844,244.83230590820312,244.9518585205078,244.9518585205078,4462600
2010-08-12,241.06642150878906,246.45123291015625,240.35409545898438,245.0863494873047,245.0863494873047,4425700
2010-08-13,243.58697509765625,244.67788696289062,242.09756469726562,242.2669219970703,242.2669219970703,3883800
2010-08-16,240.93690490722656,244.02035522460938,239.35284423828125,241.88833618164062,241.88833618164062,2619700
2010-08-17,243.3528594970703,246.42633056640625,242.10752868652344,244.34413146972656,244.34413146972656,3795400
2010-08-18,244.30429077148438,244.5184783935547,239.87588500976562,240.1747589111328,240.1747589111328,5392800
2010-08-19,239.6068878173828,240.35409545898438,232.75257873535156,233.11123657226562,233.11123657226562,7879300
2010-08-20,233.11123657226562,234.91448974609375,229.6492156982422,230.14735412597656,230.14735412597656,7864500
2010-08-23,229.88832092285156,233.25071716308594,228.01036071777344,231.16851806640625,231.16851806640625,5994700
2010-08-24,227.99542236328125,228.32916259765625,224.61807250976562,224.85220336914062,224.85220336914062,5546000
2010-08-25,224.1597900390625,228.0502166748047,224.1597900390625,226.46116638183594,226.46116638183594,5203500
2010-08-26,227.17848205566406,227.7762451171875,224.37896728515625,224.64796447753906,224.64796447753906,3567200
2010-08-27,225.4350128173828,229.13613891601562,222.9891815185547,228.5583038330078,228.5583038330078,4642100
2010-08-30,228.71771240234375,229.02157592773438,225.3652801513672,225.49977111816406,225.49977111816406,2471900
2010-08-31,224.21458435058594,226.58570861816406,223.1635284423828,224.1697540283203,224.1697540283203,3908100
2010-09-01,226.6405029296875,231.60189819335938,225.40512084960938,229.30551147460938,229.30551147460938,6480700
2010-09-02,230.55581665039062,231.3478546142578,229.29554748535156,230.72518920898438,230.72518920898438,3380900
2010-09-03,234.38148498535156,235.05894470214844,232.84722900390625,234.2718963623047,234.2718963623047,5099700
2010-09-07,231.38272094726562,232.9219512939453,230.64547729492188,231.33290100097656,231.33290100097656,3432500
2010-09-08,231.72642517089844,235.36778259277344,231.3876953125,234.41136169433594,234.41136169433594,4821600
2010-09-09,238.0228271484375,239.30303955078125,234.41136169433594,237.20091247558594,237.20091247558594,4879300
2010-09-10,238.61561584472656,238.99917602539062,236.65296936035156,237.1809844970703,237.1809844970703,3963300
2010-09-13,239.55209350585938,241.27066040039062,238.86965942382812,240.2345428466797,240.2345428466797,4499700
2010-09-14,240.1050262451172,241.46990966796875,239.1436309814453,239.31797790527344,239.31797790527344,4449500
2010-09-15,239.07887268066406,240.04525756835938,238.35658264160156,239.42259216308594,239.42259216308594,4823600
2010-09-16,239.07887268066406,240.32420349121094,238.80987548828125,239.63180541992188,239.63180541992188,3953700
2010-09-17,240.97177124023438,244.682861328125,239.6915740966797,244.1598358154297,244.1598358154297,11325400
2010-09-20,245.3304443359375,254.2519989013672,245.11126708984375,253.19097900390625,253.19097900390625,8840000
2010-09-21,253.88836669921875,259.0191345214844,253.5048065185547,255.77130126953125,255.77130126953125,8966000
2010-09-22,255.47242736816406,257.9232482910156,254.88462829589844,257.03656005859375,257.03656005859375,5093100
2010-09-23,256.3441467285156,258.8746643066406,254.69534301757812,255.78126525878906,255.78126525878906,4652100
2010-09-24,259.8958435058594,262.9294738769531,258.162353515625,262.6604919433594,262.6604919433594,6738900
2010-09-27,263.43756103515625,267.4226379394531,263.43756103515625,264.21466064453125,264.21466064453125,6238000
2010-09-28,265.7439270019531,265.7987060546875,258.2569885253906,262.6007080078125,262.6007080078125,7336700
2010-09-29,262.939453125,265.4749450683594,261.37530517578125,262.8597412109375,262.8597412109375,4360600
2010-09-30,263.59197998046875,264.9419250488281,258.4911193847656,261.9132995605469,261.9132995605469,6512400
2010-10-01,264.01043701171875,264.31927490234375,260.52349853515625,261.82861328125,261.82861328125,4466600
2010-10-04,261.4948425292969,263.1387023925781,258.45623779296875,260.19970703125,260.19970703125,3895400
2010-10-05,263.2034606933594,268.99176025390625,262.2918701171875,268.11004638671875,268.11004638671875,7040400
2010-10-06,268.6231384277344,268.96685791015625,263.98052978515625,266.17730712890625,266.17730712890625,5545200
2010-10-07,267.10382080078125,267.59698486328125,263.58203125,264.0154113769531,264.0154113769531,4809400
2010-10-08,265.3902587890625,267.7962341308594,262.8248596191406,267.1735534667969,267.1735534667969,5739800
2010-10-11,268.2345886230469,271.2831726074219,267.58203125,268.4139099121094,268.4139099121094,5272200
2010-10-12,269.051513671875,271.9755554199219,267.890869140625,269.68414306640625,269.68414306640625,7535300
2010-10-13,272.4786682128906,272.7227783203125,270.15240478515625,270.6355895996094,270.6355895996094,6134000
2010-10-14,271.0739440917969,271.6069641113281,267.5521545410156,269.45501708984375,269.45501708984375,13317800
2010-10-15,298.5160827636719,299.6966552734375,294.6954040527344,299.6020202636719,299.6020202636719,29760600
2010-10-18,299.1536865234375,308.6879577636719,299.1536865234375,307.70166015625,307.70166015625,14249500
2010-10-19,303.2882080078125,306.2620544433594,300.30438232421875,302.7801208496094,302.7801208496094,9210100
2010-10-20,302.9345397949219,307.5372619628906,302.61572265625,302.8548278808594,302.8548278808594,7076500
2010-10-21,304.61322021484375,306.849853515625,301.8685302734375,304.8523254394531,304.8523254394531,5862800
2010-10-22,304.8174743652344,306.2620544433594,303.8859558105469,305.121337890625,305.121337890625,4529100
2010-10-25,306.6456298828125,311.2035217285156,306.3367614746094,307.0989074707031,307.0989074707031,6340400
2010-10-26,305.4052734375,309.455078125,304.3741455078125,308.1449890136719,308.1449890136719,5044600
2010-10-27,306.73529052734375,308.8423767089844,305.0216979980469,307.083984375,307.083984375,4500500
2010-10-28,308.8672790527344,309.34051513671875,305.5048828125,308.1350402832031,308.1350402832031,4384900
2010-10-29,307.3828430175781,308.34423828125,305.3504638671875,305.7041320800781,305.7041320800781,4573600
2010-11-01,306.7153625488281,309.171142578125,304.46380615234375,306.3517150878906,306.3517150878906,6197200
2010-11-02,308.17987060546875,308.8423767089844,306.14251708984375,306.6506042480469,306.6506042480469,4010000
2010-11-03,307.5970458984375,309.75396728515625,305.6045227050781,308.9320373535156,308.9320373535156,6786200
2010-11-04,311.1537170410156,313.78387451171875,309.8884582519531,310.96942138671875,310.96942138671875,7168300
2010-11-05,310.42645263671875,311.5771179199219,309.39532470703125,311.3728942871094,311.3728942871094,3544600
2010-11-08,310.8448791503906,313.5696716308594,310.40155029296875,312.2147521972656,312.2147521972656,4218300
2010-11-09,313.8236999511719,314.24713134765625,309.096435546875,311.2433776855469,311.2433776855469,4491000
2010-11-10,309.8785095214844,310.3367919921875,307.6020202636719,310.2770080566406,310.2770080566406,5012600
2010-11-11,308.69293212890625,308.7676696777344,305.95819091796875,307.442626953125,307.442626953125,4540100
2010-11-12,305.8486022949219,307.29815673828125,299.4824523925781,300.5185852050781,300.5185852050781,6811300
2010-11-15,300.4139709472656,300.87225341796875,295.91583251953125,296.6231689453125,296.6231689453125,6983800
2010-11-16,295.27325439453125,297.82867431640625,290.6356201171875,290.7701110839844,290.7701110839844,6639500
2010-11-17,291.4077453613281,293.6493225097656,289.5995178222656,290.6854248046875,290.6854248046875,4903200
2010-11-18,293.4002685546875,298.8697509765625,293.18109130859375,297.1661376953125,297.1661376953125,5199300
2010-11-19,297.38531494140625,297.82867431640625,294.0677490234375,294.3118591308594,294.3118591308594,4612100
2010-11-22,292.63812255859375,295.6119689941406,290.28692626953125,294.506103515625,294.506103515625,4389500
2010-11-23,292.4089660644531,293.4052429199219,288.0204162597656,290.41644287109375,290.41644287109375,4341300
2010-11-24,292.55841064453125,297.1860656738281,292.42889404296875,296.3741149902344,296.3741149902344,4810600
2010-11-26,294.1275329589844,295.3828430175781,292.40399169921875,293.8984069824219,293.8984069824219,2632000
2010-11-29,293.4849548339844,293.79876708984375,288.89215087890625,289.9681396484375,289.9681396484375,5740800
2010-11-30,286.0876770019531,286.0876770019531,275.62188720703125,276.8174133300781,276.8174133300781,14288100
2010-12-01,280.4488220214844,284.7178039550781,280.1499328613281,281.12127685546875,281.12127685546875,7536300
2010-12-02,283.26824951171875,285.5945129394531,281.6194152832031,284.84234619140625,284.84234619140625,5114800
2010-12-03,283.6617736816406,287.16363525390625,282.9394836425781,285.4301452636719,285.4301452636719,5282000
2010-12-06,289.20098876953125,289.913330078125,287.2283935546875,288.1001281738281,288.1001281738281,4203200
2010-12-07,294.5310363769531,295.3927917480469,291.9058532714844,292.4737243652344,292.4737243652344,6107100
2010-12-08,294.8797302246094,295.1536865234375,290.75518798828125,294.1673889160156,294.1673889160156,3526900
2010-12-09,295.8311462402344,296.677978515625,293.4002685546875,294.6455993652344,294.6455993652344,3751700
2010-12-10,295.4625244140625,295.8859558105469,294.0428466796875,294.999267578125,294.999267578125,3422100
2010-12-13,297.4450988769531,300.3741149902344,295.9357604980469,296.19976806640625,296.19976806640625,4814800
2010-12-14,297.4301452636719,298.0279235839844,295.1337585449219,296.34423828125,296.34423828125,3298800
2010-12-15,295.99053955078125,297.1113586425781,293.4749755859375,294.0478515625,294.0478515625,4351600
2010-12-16,295.3180847167969,295.7763671875,292.93701171875,294.7502136230469,294.7502136230469,3205600
2010-12-17,294.3965148925781,295.1736145019531,292.73773193359375,294.2969055175781,294.2969055175781,6197200
2010-12-20,296.2147216796875,297.82366943359375,293.23089599609375,296.4189453125,296.4189453125,3961300
2010-12-21,298.1673889160156,301.2309265136719,297.6891784667969,300.40899658203125,300.40899658203125,3773000
2010-12-22,300.87225341796875,302.3666687011719,300.51361083984375,301.6144714355469,301.6144714355469,2424000
2010-12-23,301.5397644042969,301.8685302734375,299.89093017578125,300.98681640625,300.98681640625,2229900
2010-12-27,300.2445983886719,300.7626647949219,298.6306457519531,300.0652770996094,300.0652770996094,2425200
2010-12-28,299.9009094238281,300.8074951171875,297.888427734375,298.34173583984375,298.34173583984375,2137500
2010-12-29,299.8759765625,300.0802307128906,298.34173583984375,299.37786865234375,299.37786865234375,2046000
2010-12-30,297.8834533691406,299.542236328125,297.57958984375,298.3118591308594,298.3118591308594,1986300
2010-12-31,297.25579833984375,298.0926818847656,294.90960693359375,295.8759765625,295.8759765625,3090000
2011-01-03,297.1263122558594,301.6642761230469,297.1263122558594,301.0466003417969,301.0466003417969,4748100
2011-01-04,301.6792297363281,301.95819091796875,298.93951416015625,299.9357604980469,299.9357604980469,3662600
2011-01-05,298.9145812988281,304.02545166015625,298.9046325683594,303.3977966308594,303.3977966308594,5083500
2011-01-06,304.1997985839844,308.060302734375,303.8859558105469,305.6045227050781,305.6045227050781,4131000
2011-01-07,306.8050231933594,307.97064208984375,303.9258117675781,307.06903076171875,307.06903076171875,4218100
2011-01-10,306.2521057128906,306.5459899902344,303.14373779296875,305.95819091796875,305.95819091796875,3170100
2011-01-11,307.70166015625,308.24462890625,306.1026611328125,306.8548278808594,306.8548278808594,2889300
2011-01-12,308.5185852050781,308.5185852050781,306.2371520996094,307.2832336425781,307.2832336425781,3277500
2011-01-13,307.3330383300781,308.6780090332031,305.93328857421875,307.1935729980469,307.1935729980469,2677900
2011-01-14,307.5472412109375,310.96942138671875,307.3878479003906,310.9245910644531,310.9245910644531,4748900
2011-01-18,311.8610534667969,319.79632568359375,311.467529296875,318.6207275390625,318.6207275390625,7261000
2011-01-19,319.861083984375,320.2795104980469,313.65435791015625,314.6954345703125,314.6954345703125,6837700
2011-01-20,314.9245910644531,315.8560791015625,310.4812316894531,312.2147521972656,312.2147521972656,11012600
2011-01-21,318.5958251953125,319.66680908203125,304.53851318359375,304.77264404296875,304.77264404296875,17875500
2011-01-24,302.6506042480469,305.1014099121094,299.492431640625,304.3990478515625,304.3990478515625,9232700
2011-01-25,302.96441650390625,309.18609619140625,302.1275634765625,308.79754638671875,308.79754638671875,7320800
2011-01-26,309.00677490234375,310.0827331542969,306.4912109375,307.0989074707031,307.0989074707031,4091400
2011-01-27,307.79132080078125,308.69293212890625,305.47998046875,307.2433776855469,307.2433776855469,4053400
2011-01-28,308.3791198730469,309.0216979980469,298.7601623535156,299.37286376953125,299.37286376953125,8493800
2011-01-31,300.6730041503906,301.10638427734375,296.66302490234375,299.0590515136719,299.0590515136719,5630800
2011-02-01,301.1163330078125,305.52978515625,300.4289245605469,304.3791198730469,304.3791198730469,5511000
2011-02-02,304.35919189453125,306.02294921875,302.63067626953125,304.8573303222656,304.8573303222656,3534500
2011-02-03,303.6020202636719,304.5833435058594,301.93328857421875,303.9357604980469,303.9357604980469,3001300
2011-02-04,303.9357604980469,304.578369140625,302.1723937988281,304.3492126464844,304.3492126464844,3113200
2011-02-07,303.9407653808594,308.0403747558594,303.467529296875,305.998046875,305.998046875,3612500
2011-02-08,306.3168640136719,308.6580810546875,306.1076354980469,308.035400390625,308.035400390625,3402400
2011-02-09,307.2832336425781,308.56842041015625,305.02667236328125,307.0989074707031,307.0989074707031,3698700
2011-02-10,305.80377197265625,307.5970458984375,304.6381530761719,307.06903076171875,307.06903076171875,4686200
2011-02-11,305.7489929199219,311.3330383300781,305.3554382324219,311.083984375,311.083984375,5199100
2011-02-14,310.5061340332031,313.6443786621094,308.8623046875,312.90216064453125,312.90216064453125,4271800
2011-02-15,312.48870849609375,313.8685302734375,310.3865966796875,310.9096374511719,310.9096374511719,4199500
2011-02-16,311.6468811035156,312.08026123046875,309.8884582519531,310.9444885253906,310.9444885253906,3380500
2011-02-17,309.4650573730469,312.453857421875,308.98187255859375,311.4625549316406,311.4625549316406,2968600
2011-02-18,311.8311767578125,314.4114990234375,310.9245910644531,313.8635559082031,313.8635559082031,6459800
2011-02-22,308.8573303222656,311.2981872558594,302.7502136230469,303.9656677246094,303.9656677246094,7307000
2011-02-23,304.02545166015625,306.2022705078125,300.87225341796875,304.5185852050781,304.5185852050781,5800700
2011-02-24,304.553466796875,305.4002990722656,299.5522155761719,303.27325439453125,303.27325439453125,5443700
2011-02-25,304.7875671386719,306.2122497558594,303.61199951171875,303.8809814453125,303.8809814453125,3879200
2011-02-28,303.8610534667969,307.09393310546875,302.8697814941406,305.5547180175781,305.5547180175781,4580000
2011-03-01,307.7365417480469,308.4538269042969,298.5310363769531,299.25830078125,299.25830078125,6671200
2011-03-02,298.78009033203125,301.8685302734375,296.48370361328125,299.27325439453125,299.27325439453125,4068500
2011-03-03,302.05780029296875,304.603271484375,301.3703918457031,303.6418762207031,303.6418762207031,3905000
2011-03-04,303.0291748046875,303.35296630859375,298.9793395996094,299.1885681152344,299.1885681152344,6044500
2011-03-07,299.1536865234375,300.71783447265625,292.40399169921875,294.7253112792969,294.7253112792969,6951300
2011-03-08,295.3579406738281,297.8735046386719,293.9980163574219,295.049072265625,295.049072265625,4586800
2011-03-09,294.3965148925781,296.1449890136719,291.7813415527344,294.78009033203125,294.78009033203125,4318100
2011-03-10,291.6269226074219,292.2147216796875,288.6430969238281,289.0664978027344,289.0664978027344,6279500
2011-03-11,288.0303955078125,288.91705322265625,285.5945129394531,287.2781982421875,287.2781982421875,6086600
2011-03-14,285.33050537109375,288.06524658203125,282.9494323730469,283.9307556152344,283.9307556152344,5653200
2011-03-15,277.7090759277344,284.4338684082031,276.7127990722656,283.716552734375,283.716552734375,8041200
2011-03-16,282.9444580078125,283.8311462402344,274.6106872558594,277.50982666015625,277.50982666015625,7625300
2011-03-17,281.18603515625,283.4375915527344,279.223388671875,279.6318664550781,279.6318664550781,5820200
2011-03-18,281.2657470703125,282.9344787597656,278.82489013671875,279.482421875,279.482421875,6621800
2011-03-21,284.0453186035156,288.81744384765625,283.44757080078125,287.1736145019531,287.1736145019531,6064400
2011-03-22,287.5571594238281,288.53350830078125,285.1860656738281,287.5820617675781,287.5820617675781,3787800
2011-03-23,286.52105712890625,290.1374816894531,284.9320068359375,289.9930419921875,289.9930419921875,3645900
2011-03-24,291.6219177246094,293.0964050292969,288.3193054199219,292.3492126464844,292.3492126464844,4213000
2011-03-25,292.3442077636719,292.3591613769531,288.5384826660156,288.7875671386719,288.7875671386719,5738200
2011-03-28,289.9482116699219,291.4027404785156,286.2819519042969,286.6057434082031,286.6057434082031,4453300
2011-03-29,286.9245300292969,289.8585510253906,285.43511962890625,289.7788391113281,289.7788391113281,3221600
2011-03-30,291.098876953125,291.65679931640625,289.20599365234375,289.8336181640625,289.8336181640625,2855200
2011-03-31,290.4114685058594,292.9818420410156,289.7838134765625,292.2844543457031,292.2844543457031,4073900
2011-04-01,293.28070068359375,296.48370361328125,293.28070068359375,294.7950439453125,294.7950439453125,5245900
2011-04-04,295.3927917480469,296.2595520019531,290.4612731933594,292.74273681640625,292.74273681640625,4124300
2011-04-05,289.4550476074219,289.6592712402344,281.7838134765625,283.4824523925781,283.4824523925781,12140200
2011-04-06,285.02166748046875,286.506103515625,282.9394836425781,286.0179443359375,286.0179443359375,5356500
2011-04-07,286.7900390625,289.2358703613281,286.0229187011719,288.91705322265625,288.91705322265625,5081900
2011-04-08,291.3529357910156,291.3529357910156,287.95068359375,288.00048828125,288.00048828125,3817800
2011-04-11,287.024169921875,287.9706115722656,285.4301452636719,287.6069641113281,287.6069641113281,3730300
2011-04-12,286.4263916015625,287.3778381347656,282.9643859863281,284.2395935058594,284.2395935058594,4186700
2011-04-13,286.6804504394531,287.7215576171875,284.8074645996094,287.06402587890625,287.06402587890625,4154200
2011-04-14,286.52105712890625,288.6430969238281,284.9818115234375,288.1748352050781,288.1748352050781,10953400
2011-04-15,271.6268615722656,271.85601806640625,264.0403137207031,264.359130859375,264.359130859375,28192500
2011-04-18,262.22711181640625,262.84478759765625,258.5309753417969,262.4363098144531,262.4363098144531,10117300
2011-04-19,263.9855041503906,264.44879150390625,259.4774169921875,259.7912292480469,259.7912292480469,5388200
2011-04-20,261.96807861328125,262.4263610839844,259.72149658203125,261.8833923339844,261.8833923339844,6142900
2011-04-21,262.7601013183594,263.15362548828125,260.2196350097656,261.569580078125,261.569580078125,4958600
2011-04-25,261.644287109375,262.5160217285156,260.03033447265625,261.544677734375,261.544677734375,3273700
2011-04-26,262.27691650390625,267.7165222167969,261.6243591308594,265.4151611328125,265.4151611328125,7026100
2011-04-27,267.9954833984375,268.05029296875,266.17730712890625,267.8759460449219,267.8759460449219,4613900
2011-04-28,268.0253601074219,268.6181640625,266.0428161621094,267.98052978515625,267.98052978515625,4014800
2011-04-29,268.99176025390625,271.0340881347656,268.2495422363281,271.0340881347656,271.0340881347656,8488600
2011-05-02,271.83111572265625,271.8460693359375,267.55712890625,268.2744445800781,268.2744445800781,4283300
2011-05-03,267.5621032714844,269.9930114746094,263.82611083984375,265.9481506347656,265.9481506347656,4178500
2011-05-04,266.5857849121094,268.4936218261719,265.5147705078125,266.8946228027344,266.8946228027344,4249800
2011-05-05,265.9332275390625,268.7028503417969,264.75762939453125,266.137451171875,266.137451171875,4010400
2011-05-06,268.0702209472656,269.7190246582031,266.59075927734375,266.6505432128906,266.6505432128906,4127600
2011-05-09,266.5010986328125,268.23956298828125,264.5583801269531,267.8360900878906,267.8360900878906,3911900
2011-05-10,268.99176025390625,271.198486328125,267.766357421875,270.3167724609375,270.3167724609375,4101000
2011-05-11,269.0614929199219,270.7601318359375,265.8485412597656,266.7252502441406,266.7252502441406,4695000
2011-05-12,266.6206359863281,267.46746826171875,264.4637145996094,266.5260009765625,266.5260009765625,2907300
2011-05-13,266.30682373046875,266.9593811035156,263.5372009277344,263.7862548828125,263.7862548828125,4233100
2011-05-16,262.17230224609375,262.6505126953125,257.2358093261719,258.2420349121094,258.2420349121094,5938500
2011-05-17,256.75262451171875,264.6181335449219,256.5533752441406,264.23956298828125,264.23956298828125,6631900
2011-05-18,263.7812805175781,264.1748046875,261.8684387207031,263.915771484375,263.915771484375,3921000
2011-05-19,265.3703308105469,267.2682189941406,263.8709411621094,264.6330871582031,264.6330871582031,4955800
2011-05-20,264.9070739746094,265.001708984375,260.5882568359375,261.03656005859375,261.03656005859375,4652300
2011-05-23,257.33544921875,259.0290832519531,255.74142456054688,258.22711181640625,258.22711181640625,4617100
2011-05-24,259.2134094238281,261.001708984375,258.1075439453125,258.162353515625,258.162353515625,3814100
2011-05-25,257.6990661621094,260.408935546875,257.65924072265625,258.8647155761719,258.8647155761719,2612900
2011-05-26,257.8833923339844,260.08514404296875,256.5384216308594,258.09759521484375,258.09759521484375,4252800
2011-05-27,258.2719421386719,259.9207458496094,257.1860046386719,259.4774169921875,259.4774169921875,3504500
2011-05-31,261.5197448730469,263.5372009277344,260.7725524902344,263.5222473144531,263.5222473144531,5394600
2011-06-01,263.0340881347656,265.6044616699219,261.6741943359375,261.8186340332031,261.8186340332031,5933900
2011-06-02,262.7999572753906,264.15985107421875,260.26446533203125,263.0440368652344,263.0440368652344,4425500
2011-06-03,260.0253601074219,262.8149108886719,259.77630615234375,260.5633544921875,260.5633544921875,3510000
2011-06-06,260.79248046875,262.4263610839844,258.6554870605469,259.55712890625,259.55712890625,3898600
2011-06-07,260.46868896484375,261.33544921875,258.5259704589844,258.5458984375,258.5458984375,3829400
2011-06-08,257.3005676269531,259.64678955078125,256.9269714355469,258.6156311035156,258.6156311035156,3319100
2011-06-09,259.0290832519531,259.0290832519531,256.85723876953125,257.40020751953125,257.40020751953125,3390700
2011-06-10,256.08013916015625,257.3802795410156,253.694091796875,253.80368041992188,253.80368041992188,4898000
2011-06-13,254.04776000976562,254.14739990234375,250.1473846435547,251.422607421875,251.422607421875,4872700
2011-06-14,253.126220703125,256.08013916015625,252.5483856201172,253.23580932617188,253.23580932617188,4700400
2011-06-15,251.57205200195312,253.22584533691406,249.37030029296875,250.5359344482422,250.5359344482422,4162000
2011-06-16,250.4661865234375,252.33917236328125,247.40765380859375,249.25074768066406,249.25074768066406,5534600
2011-06-17,252.1448974609375,252.39894104003906,241.49481201171875,241.60440063476562,241.60440063476562,10530000
2011-06-20,241.59445190429688,242.2071533203125,238.72021484375,241.38522338867188,241.38522338867188,6079800
2011-06-21,242.6853485107422,246.04776000976562,241.45994567871094,245.5795135498047,245.5795135498047,5551400
2011-06-22,244.80740356445312,245.25572204589844,242.45620727539062,242.59568786621094,242.59568786621094,4832200
2011-06-23,240.16481018066406,240.5284423828125,235.98048400878906,239.21336364746094,239.21336364746094,9639300
2011-06-24,239.4425048828125,239.47738647460938,235.62681579589844,236.5533447265625,236.5533447265625,7639700
2011-06-27,236.114990234375,243.28810119628906,235.9157257080078,240.49855041503906,240.49855041503906,6915100
2011-06-28,241.1062774658203,247.1785125732422,241.1062774658203,245.90328979492188,245.90328979492188,5450500
2011-06-29,247.3428955078125,249.1909637451172,245.27066040039062,247.85597229003906,247.85597229003906,4703400
2011-06-30,250.05772399902344,252.38897705078125,249.8136444091797,252.24452209472656,252.24452209472656,4874900
2011-07-01,252.42385864257812,259.61688232421875,252.24452209472656,259.54217529296875,259.54217529296875,7300500
2011-07-05,261.669189453125,266.7003479003906,261.669189453125,265.2258605957031,265.2258605957031,7727100
2011-07-06,265.7538757324219,268.2495422363281,265.5247497558594,266.680419921875,266.680419921875,5411300
2011-07-07,269.4898986816406,274.3117980957031,266.939453125,272.2794189453125,272.2794189453125,7900400
2011-07-08,265.47991943359375,267.8211364746094,262.6505126953125,265.001708984375,265.001708984375,9576100
2011-07-11,263.10382080078125,266.9892578125,261.7688293457031,262.655517578125,262.655517578125,5699800
2011-07-12,263.0938720703125,268.7028503417969,262.01788330078125,266.0079345703125,266.0079345703125,5703600
2011-07-13,267.4973449707031,270.9842834472656,267.2383117675781,268.125,268.125,5601200
2011-07-14,268.55340576171875,269.9880065917969,262.38153076171875,263.4823913574219,263.4823913574219,13348700
2011-07-15,297.6343994140625,299.0042724609375,292.9818420410156,297.6941833496094,297.6941833496094,27567000
2011-07-18,295.13873291015625,299.9009094238281,294.8946533203125,296.3591613769531,296.3591613769531,8970000
2011-07-19,296.9569396972656,301.21099853515625,296.653076171875,300.14996337890625,300.14996337890625,5957200
2011-07-20,299.9656677246094,300.2894287109375,296.56341552734375,296.56341552734375,296.56341552734375,4472200
2011-07-21,295.9058837890625,302.8946838378906,295.8959045410156,302.3616638183594,302.3616638183594,6964900
2011-07-22,301.5646667480469,308.59332275390625,301.0067443847656,307.960693359375,307.960693359375,7082700
2011-07-25,305.5347900390625,311.53729248046875,305.3554382324219,308.33428955078125,308.33428955078125,6286600
2011-07-26,307.87103271484375,312.578369140625,307.45758056640625,310.0976867675781,310.0976867675781,4703200
2011-07-27,307.4376525878906,309.31561279296875,301.245849609375,302.47625732421875,302.47625732421875,7898200
2011-07-28,301.46502685546875,306.8398742675781,300.3741149902344,304.32928466796875,304.32928466796875,6240000
2011-07-29,300.98681640625,306.331787109375,300.71783447265625,300.71783447265625,300.71783447265625,8305700
2011-08-01,304.4687805175781,306.6007995605469,298.47125244140625,302.2520751953125,302.2520751953125,7961800
2011-08-02,301.8685302734375,303.6966552734375,294.6804504394531,295.0939025878906,295.0939025878906,6425100
2011-08-03,296.0254211425781,300.3741149902344,290.72528076171875,299.4625549316406,299.4625549316406,7680000
2011-08-04,296.1399841308594,298.306884765625,287.65679931640625,287.68170166015625,287.68170166015625,9866000
2011-08-05,290.18231201171875,293.8984069824219,279.95068359375,288.4388732910156,288.4388732910156,11902500
2011-08-08,280.4388427734375,283.4375915527344,271.15863037109375,271.9905090332031,271.9905090332031,15049300
2011-08-09,279.4525451660156,286.23211669921875,269.494873046875,285.6343688964844,285.6343688964844,12987800
2011-08-10,279.641845703125,281.0067138671875,272.8423156738281,273.47991943359375,273.47991943359375,10779400
2011-08-11,275.8759460449219,283.18853759765625,273.1810607910156,280.01544189453125,280.01544189453125,9697300
2011-08-12,283.6866760253906,284.184814453125,279.1536560058594,280.8323669433594,280.8323669433594,6332200
2011-08-15,275.6816711425781,281.4400939941406,272.0054626464844,277.5745849609375,277.5745849609375,14343200
2011-08-16,275.18353271484375,275.18853759765625,264.15985107421875,268.4936218261719,268.4936218261719,13930700
2011-08-17,269.0066833496094,270.8298645019531,264.39398193359375,265.57952880859375,265.57952880859375,8188700
2011-08-18,260.75762939453125,261.4649658203125,249.31051635742188,251.49732971191406,251.49732971191406,12628400
2011-08-19,248.7376708984375,256.4736633300781,244.5135040283203,244.54339599609375,244.54339599609375,10860500
2011-08-22,251.05897521972656,252.55337524414062,246.34164428710938,248.1548614501953,248.1548614501953,9848500
2011-08-23,250.80990600585938,259.7314758300781,248.5981903076172,258.4412841796875,258.4412841796875,8726000
2011-08-24,258.6953430175781,264.01043701171875,257.6492614746094,260.6679382324219,260.6679382324219,7215800
2011-08-25,264.19970703125,267.6318359375,258.1822814941406,259.04901123046875,259.04901123046875,6610500
2011-08-26,259.02410888671875,264.2345886230469,255.61190795898438,262.4462890625,262.4462890625,7219400
2011-08-29,266.28192138671875,268.7177734375,265.7837829589844,268.5334777832031,268.5334777832031,4689000
2011-08-30,268.0901184082031,270.4811706542969,264.4139099121094,269.3404541015625,269.3404541015625,6000300
2011-08-31,271.3529052734375,272.1300048828125,266.99920654296875,269.469970703125,269.469970703125,5406700
2011-09-01,269.3653564453125,270.89959716796875,264.6181335449219,265.2557678222656,265.2557678222656,4849000
2011-09-02,261.2557373046875,262.97430419921875,259.3927307128906,261.4400634765625,261.4400634765625,4820300
2011-09-06,254.44627380371094,260.4039306640625,254.2968292236328,260.1150207519531,260.1150207519531,5451900
2011-09-07,264.2345886230469,266.9693298339844,262.71527099609375,266.0179138183594,266.0179138183594,5532200
2011-09-08,265.9033203125,268.5434265136719,264.9568786621094,266.4811706542969,266.4811706542969,4778700
2011-09-09,264.70782470703125,266.3267517089844,259.62188720703125,261.4450378417969,261.4450378417969,6562000
2011-09-12,258.0129089355469,265.001708984375,257.78375244140625,264.0701904296875,264.0701904296875,5360700
2011-09-13,265.0066833496094,265.94317626953125,260.7227478027344,263.7713317871094,263.7713317871094,4726000
2011-09-14,265.30059814453125,267.4724426269531,261.92822265625,265.04156494140625,265.04156494140625,5408900
2011-09-15,266.7501525878906,271.4724426269531,266.28192138671875,270.2669677734375,270.2669677734375,5943700
2011-09-16,271.3827819824219,272.39898681640625,270.5558776855469,272.31927490234375,272.31927490234375,7095000
2011-09-19,269.1661071777344,273.92327880859375,266.69036865234375,272.3143005371094,272.3143005371094,4955200
2011-09-20,273.6741943359375,278.2171630859375,270.32177734375,272.29437255859375,272.29437255859375,5578900
2011-09-21,272.8223876953125,276.4637451171875,268.42388916015625,268.59326171875,268.59326171875,5047400
2011-09-22,262.1424255371094,263.4027099609375,256.040283203125,259.35784912109375,259.35784912109375,8833500
2011-09-23,257.3155212402344,262.22711181640625,256.28936767578125,261.7738037109375,261.7738037109375,5575300
2011-09-26,262.64056396484375,265.4699401855469,255.6667022705078,264.951904296875,264.951904296875,5288000
2011-09-27,268.0951232910156,272.50360107421875,267.0241394042969,268.6629943847656,268.6629943847656,6044300
2011-09-28,269.73895263671875,270.9942321777344,262.8647155761719,263.4325866699219,263.4325866699219,4543500
2011-09-29,267.0191345214844,267.64678955078125,258.7351989746094,262.7651062011719,262.7651062011719,5834900
2011-09-30,259.1336975097656,261.0216369628906,256.2295837402344,256.558349609375,256.558349609375,5467500
2011-10-03,253.97305297851562,255.04403686523438,246.57577514648438,246.83480834960938,246.83480834960938,8982200
2011-10-04,244.1000518798828,250.78001403808594,239.4026641845703,250.0128936767578,250.0128936767578,8348700
2011-10-05,247.2482452392578,252.95187377929688,239.48733520507812,251.4076690673828,251.4076690673828,9102100
2011-10-06,252.80242919921875,256.65301513671875,250.36158752441406,256.39398193359375,256.39398193359375,6874200
2011-10-07,257.45001220703125,259.2781677246094,254.19720458984375,256.59820556640625,256.59820556640625,5733100
2011-10-10,261.60943603515625,267.7314758300781,260.62310791015625,267.58203125,267.58203125,4661700
2011-10-11,265.7339782714844,272.3790588378906,265.7339782714844,270.5758056640625,270.5758056640625,5728100
2011-10-12,273.04156494140625,276.57830810546875,271.298095703125,273.22589111328125,273.22589111328125,6379300
2011-10-13,273.988037109375,278.4562683105469,272.9867858886719,278.4512939453125,278.4512939453125,11417700
2011-10-14,298.61572265625,298.68048095703125,292.68792724609375,294.7352600097656,294.7352600097656,17123600
2011-10-17,290.7701110839844,294.8099670410156,287.9208068847656,290.1175537109375,290.1175537109375,8046400
2011-10-18,289.01171875,295.1736145019531,287.6219177246094,294.1524353027344,294.1524353027344,7630000
2011-10-19,292.5733642578125,294.924560546875,288.5285339355469,289.2657470703125,289.2657470703125,5884900
2011-10-20,289.863525390625,293.345458984375,288.6729736328125,290.7452087402344,290.7452087402344,6783200
2011-10-21,293.654296875,295.26824951171875,292.2545471191406,294.1424865722656,294.1424865722656,6807300
2011-10-24,292.2645263671875,298.8647766113281,292.1549377441406,297.0964050292969,297.0964050292969,6879400
2011-10-25,295.4425964355469,296.3890686035156,290.3367614746094,290.4911804199219,290.4911804199219,5099900
2011-10-26,293.6742248535156,293.9880676269531,285.36041259765625,292.0602722167969,292.0602722167969,5767600
2011-10-27,298.0926818847656,300.22467041015625,295.542236328125,298.2171936035156,298.2171936035156,7588800
2011-10-28,296.14996337890625,300.0254211425781,296.0154724121094,298.949462890625,298.949462890625,5034700
2011-10-31,296.43389892578125,298.7253112792969,294.73028564453125,295.2134704589844,295.2134704589844,5134700
2011-11-01,288.9668884277344,291.6617736816406,287.2981262207031,288.2445983886719,288.2445983886719,6273500
2011-11-02,291.35791015625,292.8822021484375,289.1561584472656,291.31805419921875,291.31805419921875,4257600
2011-11-03,292.40399169921875,297.6343994140625,290.7701110839844,297.6343994140625,297.6343994140625,5359500
2011-11-04,295.6418762207031,298.7502136230469,295.1088562011719,296.9569396972656,296.9569396972656,5690700
2011-11-07,295.55218505859375,303.2533264160156,295.0092468261719,303.0291748046875,303.0291748046875,6739900
2011-11-08,303.3629150390625,306.03790283203125,300.6730041503906,305.02667236328125,305.02667236328125,6081400
2011-11-09,301.00177001953125,303.55718994140625,298.21221923828125,299.35296630859375,299.35296630859375,7449700
2011-11-10,301.8336486816406,301.8436279296875,294.67547607421875,296.4289245605469,296.4289245605469,5758200
2011-11-11,299.5273132324219,304.90216064453125,298.1823425292969,303.03912353515625,303.03912353515625,7983700
2011-11-14,302.8647766113281,307.8859558105469,302.75518798828125,305.3554382324219,305.3554382324219,6401200
2011-11-15,305.2558288574219,307.8859558105469,304.110107421875,307.1288146972656,307.1288146972656,5372000
2011-11-16,304.89715576171875,307.99554443359375,304.1649169921875,304.59332275390625,304.59332275390625,5236500
2011-11-17,303.8859558105469,305.00177001953125,297.2757263183594,299.3131103515625,299.3131103515625,7012700
2011-11-18,299.8759765625,301.121337890625,295.7663879394531,296.32928466796875,296.32928466796875,6599900
2011-11-21,292.7825927734375,293.15118408203125,284.9768371582031,289.38531494140625,289.38531494140625,6025000
2011-11-22,288.91705322265625,291.3927917480469,286.54595947265625,288.91705322265625,288.91705322265625,4828600
2011-11-23,286.6007385253906,289.0415954589844,283.99053955078125,283.99053955078125,283.99053955078125,4668900
2011-11-25,281.53973388671875,286.0627746582031,279.6169128417969,280.4488220214844,280.4488220214844,3136400
2011-11-28,288.6032409667969,293.31060791015625,287.1736145019531,292.99676513671875,292.99676513671875,5678900
2011-11-29,292.84234619140625,294.0777282714844,289.57958984375,290.3765869140625,290.3765869140625,3677200
2011-11-30,297.8585510253906,298.6356506347656,294.9394836425781,298.57586669921875,298.57586669921875,6819300
2011-12-01,298.8797302246094,306.849853515625,298.381591796875,305.739013671875,305.739013671875,7268300
2011-12-02,307.3728942871094,310.83489990234375,306.9793701171875,309.0216979980469,309.0216979980469,8201900
2011-12-05,312.64813232421875,314.7701721191406,310.03790283203125,311.6568298339844,311.6568298339844,6418800
2011-12-06,310.331787109375,313.13629150390625,308.9619445800781,310.7203369140625,310.7203369140625,4670300
2011-12-07,309.67926025390625,311.66180419921875,307.89593505859375,310.53106689453125,310.53106689453125,4531500
2011-12-08,309.3604431152344,312.553466796875,306.50115966796875,306.874755859375,306.874755859375,4844200
2011-12-09,307.84613037109375,313.3903503417969,307.35296630859375,312.5385437011719,312.5385437011719,5553100
2011-12-12,309.77886962890625,311.92083740234375,308.9868469238281,311.5273132324219,311.5273132324219,4384100
2011-12-13,313.2060241699219,317.0914611816406,310.2620544433594,311.6468811035156,311.6468811035156,8086500
2011-12-14,309.763916015625,310.99432373046875,305.1014099121094,307.8809814453125,307.8809814453125,7836600
2011-12-15,310.0976867675781,310.83489990234375,308.1898193359375,308.6132507324219,308.6132507324219,4835200
2011-12-16,310.99432373046875,313.4849853515625,309.57464599609375,311.8112487792969,311.8112487792969,8952000
2011-12-19,312.8324279785156,313.0765075683594,308.8423767089844,309.75396728515625,309.75396728515625,4302900
2011-12-20,312.82745361328125,314.7402648925781,312.8224792480469,314.0080261230469,314.0080261230469,4794200
2011-12-21,313.8287048339844,314.7303161621094,308.3243103027344,311.74151611328125,311.74151611328125,5014400
2011-12-22,312.80255126953125,314.68548583984375,312.33428955078125,313.6742858886719,313.6742858886719,3658200
2011-12-23,314.8199768066406,316.15496826171875,314.1026611328125,315.3878479003906,315.3878479003906,2918200
2011-12-27,314.8448791503906,321.0416564941406,314.8199768066406,318.9295654296875,318.9295654296875,3224800
2011-12-28,320.1748962402344,321.29571533203125,317.85858154296875,318.6556091308594,318.6556091308594,4270200
2011-12-29,319.5472717285156,320.2994384765625,316.41400146484375,320.00054931640625,320.00054931640625,3162500
2011-12-30,319.811279296875,322.17242431640625,319.811279296875,321.7440185546875,321.7440185546875,3577800
2012-01-03,325.2508850097656,332.8274841308594,324.9669494628906,331.46258544921875,331.46258544921875,7380500
2012-01-04,331.2733154296875,333.8735656738281,329.0765380859375,332.8922424316406,332.8922424316406,5749400
2012-01-05,329.8287353515625,330.74530029296875,326.8897399902344,328.2745361328125,328.2745361328125,6590300
2012-01-06,328.34429931640625,328.7677001953125,323.6817626953125,323.79632568359375,323.79632568359375,5405900
2012-01-09,322.04290771484375,322.2919616699219,309.455078125,310.0677795410156,310.0677795410156,11688800
2012-01-10,313.6991882324219,315.71661376953125,307.30316162109375,310.4065246582031,310.4065246582031,8824000
2012-01-11,310.5858459472656,313.51983642578125,309.4002990722656,311.8112487792969,311.8112487792969,4817800
2012-01-12,314.4314270019531,315.2633056640625,312.08026123046875,313.6443786621094,313.6443786621094,3764400
2012-01-13,311.960693359375,312.3044128417969,309.3703918457031,311.32806396484375,311.32806396484375,4631800
2012-01-17,314.8100280761719,314.8100280761719,311.6717834472656,313.1163635253906,313.1163635253906,3832800
2012-01-18,312.1449890136719,315.8162536621094,309.8984375,315.2732849121094,315.2732849121094,5544000
2012-01-19,319.2981872558594,319.2981872558594,314.5509948730469,318.5908508300781,318.5908508300781,12657800
2012-01-20,294.16241455078125,294.3965148925781,289.7638854980469,291.90087890625,291.90087890625,21231800
2012-01-23,291.9058532714844,293.23089599609375,290.4911804199219,291.666748046875,291.666748046875,6851300
2012-01-24,292.0652770996094,292.74273681640625,287.9208068847656,289.3803405761719,289.3803405761719,6134400
2012-01-25,287.6767272949219,288.27447509765625,282.13250732421875,283.68170166015625,283.68170166015625,10012700
2012-01-26,284.9220275878906,286.1673889160156,281.2209167480469,282.9892883300781,282.9892883300781,6476500
2012-01-27,284.32427978515625,289.07647705078125,283.60198974609375,288.9071044921875,288.9071044921875,7262000
2012-01-30,287.9457092285156,288.91705322265625,285.62939453125,287.7663879394531,287.7663879394531,4678400
2012-01-31,290.4114685058594,290.90960693359375,286.5011291503906,288.97186279296875,288.97186279296875,4300700
2012-02-01,291.3778381347656,291.65679931640625,288.4886779785156,289.33050537109375,289.33050537109375,4658700
2012-02-02,291.3429870605469,292.110107421875,289.95318603515625,291.4625244140625,291.4625244140625,4847400
2012-02-03,294.2271728515625,297.4201965332031,292.9270324707031,297.05157470703125,297.05157470703125,6360700
2012-02-06,296.39404296875,304.2745056152344,295.8959045410156,303.4077453613281,303.4077453613281,7386700
2012-02-07,302.4413757324219,303.55718994140625,300.7527160644531,302.2520751953125,302.2520751953125,4199700
2012-02-08,303.18359375,304.5335388183594,301.2408752441406,303.7863464355469,303.7863464355469,3686400
2012-02-09,304.8672790527344,306.1026611328125,303.3629150390625,304.58831787109375,304.58831787109375,4546300
2012-02-10,302.8050231933594,302.9295349121094,300.87225341796875,301.8236999511719,301.8236999511719,4667700
2012-02-13,304.110107421875,305.7738952636719,303.8710021972656,304.9569396972656,304.9569396972656,3646100
2012-02-14,304.628173828125,304.8573303222656,301.2508239746094,303.74151611328125,303.74151611328125,3620900
2012-02-15,305.3205871582031,305.3205871582031,300.1549377441406,301.64935302734375,301.64935302734375,4869900
2012-02-16,300.2844543457031,303.2682800292969,297.74896240234375,302.1275634765625,302.1275634765625,5080700
2012-02-17,301.3554382324219,302.68048095703125,300.07525634765625,301.1910705566406,301.1910705566406,4916400
2012-02-21,300.8074951171875,307.7863464355469,300.3143615722656,305.85357666015625,305.85357666015625,4980100
2012-02-22,304.83740234375,307.2384033203125,302.2221984863281,302.83489990234375,302.83489990234375,3948700
2012-02-23,302.3666687011719,302.83489990234375,299.0540771484375,301.9233093261719,301.9233093261719,4125300
2012-02-24,302.541015625,304.6829833984375,301.62445068359375,303.8112487792969,303.8112487792969,3885600
2012-02-27,302.16241455078125,305.0366516113281,301.4002685546875,303.517333984375,303.517333984375,3641300
2012-02-28,303.8610534667969,308.7278137207031,302.70538330078125,308.0403747558594,308.0403747558594,5716400
2012-02-29,308.1449890136719,311.6319274902344,306.6007995605469,307.97064208984375,307.97064208984375,6297200
2012-03-01,309.9681701660156,311.6817321777344,307.92083740234375,310.03790283203125,310.03790283203125,4492000
2012-03-02,309.8386535644531,310.83489990234375,309.0018005371094,309.4650573730469,309.4650573730469,3158300
2012-03-05,309.05657958984375,310.0827331542969,304.5484924316406,305.9781188964844,305.9781188964844,3198400
2012-03-06,302.88970947265625,303.2682800292969,295.81121826171875,301.3504638671875,301.3504638671875,6372500
2012-03-07,303.3878173828125,304.4538269042969,301.7987976074219,302.26702880859375,302.26702880859375,2538400
2012-03-08,303.8809814453125,304.6082458496094,302.0428771972656,302.4364013671875,302.4364013671875,2700900
2012-03-09,302.8398742675781,304.8074951171875,298.8797302246094,299.0042724609375,299.0042724609375,5361100
2012-03-12,298.8797302246094,302.3666687011719,298.5111083984375,301.4450988769531,301.4450988769531,3350400
2012-03-13,303.2384033203125,307.7713928222656,301.64434814453125,307.7365417480469,307.7365417480469,4508300
2012-03-14,306.3517150878906,310.2272033691406,305.5845947265625,306.8448791503906,306.8448791503906,5895700
2012-03-15,307.14874267578125,310.5858459472656,306.26702880859375,309.4052734375,309.4052734375,4888300
2012-03-16,309.2857360839844,311.7863464355469,308.8672790527344,311.35296630859375,311.35296630859375,6123800
2012-03-19,310.39654541015625,317.44512939453125,309.4600524902344,315.8062744140625,315.8062744140625,4361800
2012-03-20,314.281982421875,316.8424072265625,312.46380615234375,315.56219482421875,315.56219482421875,3092400
2012-03-21,316.1201171875,322.4862365722656,315.07403564453125,318.7950744628906,318.7950744628906,4957600
2012-03-22,318.0578308105469,323.1885986328125,314.32183837890625,321.8187561035156,321.8187561035156,4838400
2012-03-23,322.09271240234375,323.0391845703125,319.25335693359375,320.09521484375,320.09521484375,3894800
2012-03-26,321.29571533203125,323.5323181152344,318.5758972167969,323.4526062011719,323.4526062011719,3651900
2012-03-27,322.3069152832031,325.52984619140625,321.1960754394531,322.30194091796875,322.30194091796875,4029400
2012-03-28,324.7975769042969,328.0653381347656,324.3243408203125,326.6556091308594,326.6556091308594,5096700
2012-03-29,325.49993896484375,327.0690612792969,320.947021484375,322.99432373046875,322.99432373046875,3862900
2012-03-30,324.6581115722656,325.52484130859375,319.30316162109375,319.4227294921875,319.4227294921875,4638700
2012-04-02,319.1885986328125,322.5410461425781,316.23468017578125,322.2521057128906,322.2521057128906,4585400
2012-04-03,321.49993896484375,322.76519775390625,318.1275939941406,320.1101379394531,320.1101379394531,4105000
2012-04-04,318.0329284667969,318.3069152832031,314.37164306640625,316.38909912109375,316.38909912109375,3267300
2012-04-05,314.93951416015625,317.0267028808594,313.11138916015625,314.9793701171875,314.9793701171875,4654700
2012-04-09,313.0665588378906,316.478759765625,311.4775085449219,314.2421569824219,314.2421569824219,4381600
2012-04-10,315.5771484375,316.0653076171875,311.10888671875,312.25958251953125,312.25958251953125,4982500
2012-04-11,315.8013000488281,316.8125,314.4712829589844,316.7925720214844,316.7925720214844,4414300
2012-04-12,319.97564697265625,325.3504943847656,318.9345397949219,324.28948974609375,324.28948974609375,11556300
2012-04-13,322.5659484863281,323.28326416015625,310.60577392578125,311.1337890625,311.1337890625,16379700
2012-04-16,310.3367919921875,310.7402648925781,299.7066345214844,301.90338134765625,301.90338134765625,11426700
2012-04-17,303.14373779296875,307.6916809082031,302.37164306640625,303.6468505859375,303.6468505859375,6070400
2012-04-18,302.88970947265625,305.2558288574219,300.27947998046875,302.5908203125,302.5908203125,5358900
2012-04-19,301.714111328125,306.9793701171875,298.381591796875,298.5310363769531,298.5310363769531,6613800
2012-04-20,300.9967956542969,303.2882080078125,296.8025207519531,296.9170837402344,296.9170837402344,6139700
2012-04-23,295.3429870605469,298.10760498046875,293.9980163574219,297.6842041015625,297.6842041015625,4411900
2012-04-24,298.0030212402344,302.1823425292969,297.54473876953125,299.5123596191406,299.5123596191406,3872600
2012-04-25,300.87225341796875,304.5335388183594,300.3143615722656,303.7215881347656,303.7215881347656,3655800
2012-04-26,304.3143615722656,307.84613037109375,303.71160888671875,306.5858459472656,306.5858459472656,4200600
2012-04-27,306.3616943359375,307.2184753417969,304.1599426269531,306.3417663574219,306.3417663574219,3284900
2012-04-30,305.3504638671875,306.88970947265625,299.18359375,301.2956848144531,301.2956848144531,4832600
2012-05-01,300.76763916015625,304.6580810546875,298.974365234375,301.0864562988281,301.0864562988281,4019600
2012-05-02,299.47747802734375,302.9195861816406,299.18359375,302.4961853027344,302.4961853027344,3235000
2012-05-03,303.6717529296875,306.26702880859375,303.3380126953125,304.369140625,304.369140625,3749900
2012-05-04,301.82867431640625,302.80999755859375,297.2906799316406,297.3703918457031,297.3703918457031,4431300
2012-05-07,296.3890686035156,304.1449890136719,296.3890686035156,302.640625,302.640625,4003800
2012-05-08,301.6343994140625,307.29815673828125,299.2284240722656,305.2508544921875,305.2508544921875,5374600
2012-05-09,302.2769775390625,307.0391540527344,299.7813415527344,303.4376525878906,303.4376525878906,4675000
2012-05-10,305.3355407714844,306.9444885253906,303.9756164550781,305.6842346191406,305.6842346191406,3083200
2012-05-11,304.035400390625,306.1275634765625,301.2558288574219,301.4849548339844,301.4849548339844,4214400
2012-05-14,299.2682800292969,303.1138610839844,299.16864013671875,300.87225341796875,300.87225341796875,3662400
2012-05-15,301.54473876953125,306.3517150878906,300.7477111816406,304.4139709472656,304.4139709472656,4219900
2012-05-16,307.8262023925781,313.87353515625,306.8199768066406,313.29071044921875,313.29071044921875,9706300
2012-05-17,315.7315673828125,317.73406982421875,309.455078125,310.3616943359375,310.3616943359375,6732700
2012-05-18,311.38287353515625,315.0292053222656,297.23590087890625,299.0789794921875,299.0789794921875,11991700
2012-05-21,299.1337585449219,306.6954345703125,298.8797302246094,305.90838623046875,305.90838623046875,6173800
2012-05-22,305.57464599609375,305.7589416503906,296.88720703125,299.2782287597656,299.2782287597656,6126600
2012-05-23,299.7016296386719,303.66180419921875,297.4450988769531,303.5920715332031,303.5920715332031,6379900
2012-05-24,303.442626953125,304.8174743652344,298.31683349609375,300.702880859375,300.702880859375,3796600
2012-05-25,299.37786865234375,299.7414855957031,293.0415954589844,294.6605529785156,294.6605529785156,7190500
2012-05-29,296.79254150390625,298.44635009765625,293.0615234375,296.060302734375,296.060302734375,5230900
2012-05-30,292.9818420410156,294.8448486328125,290.67547607421875,293.0166931152344,293.0166931152344,3827600
2012-05-31,293.2607727050781,293.8984069824219,288.4189453125,289.345458984375,289.345458984375,5958800
2012-06-01,284.827392578125,285.25579833984375,283.11383056640625,284.4239196777344,284.4239196777344,6138700
2012-06-04,284.0453186035156,289.1611633300781,283.94073486328125,288.2146911621094,288.2146911621094,4883500
2012-06-05,286.65057373046875,287.9855651855469,282.1773376464844,284.1399841308594,284.1399841308594,4697200
2012-06-06,287.16363525390625,289.89837646484375,285.7340087890625,289.20098876953125,289.20098876953125,4207200
2012-06-07,292.702880859375,292.84735107421875,287.5472106933594,288.0353698730469,288.0353698730469,3530100
2012-06-08,286.8498229980469,289.4151916503906,286.2171936035156,289.1412353515625,289.1412353515625,2831300
2012-06-11,291.01422119140625,291.567138671875,282.28692626953125,283.18853759765625,283.18853759765625,5342100
2012-06-12,283.8211669921875,284.0851745605469,278.2470703125,281.494873046875,281.494873046875,6472500
2012-06-13,279.8111877441406,282.44134521484375,278.296875,279.49737548828125,279.49737548828125,3923000
2012-06-14,279.60198974609375,281.4799499511719,277.2209167480469,278.4811706542969,278.4811706542969,4707200
2012-06-15,279.123779296875,281.2059631347656,277.5048522949219,281.20098876953125,281.20098876953125,6024800
2012-06-18,280.259521484375,286.0328674316406,278.580810546875,284.3591613769531,284.3591613769531,5012400
2012-06-19,285.7240295410156,291.049072265625,285.4898986816406,289.67919921875,289.67919921875,4167900
2012-06-20,288.8224182128906,288.91705322265625,285.6841735839844,287.6767272949219,287.6767272949219,4710800
2012-06-21,288.8373718261719,288.8373718261719,280.81243896484375,281.5496826171875,281.5496826171875,4037600
2012-06-22,282.9394836425781,284.6729736328125,281.8535461425781,284.6729736328125,284.6729736328125,4472400
2012-06-25,282.605712890625,282.98431396484375,277.6343688964844,279.3031005859375,279.3031005859375,3174900
2012-06-26,280.3292541503906,282.2420959472656,278.69537353515625,281.2856750488281,281.2856750488281,2710500
2012-06-27,282.7900390625,285.92327880859375,281.9531555175781,283.5870361328125,283.5870361328125,3397200
2012-06-28,281.8934020996094,282.0577697753906,277.5646057128906,281.1013488769531,281.1013488769531,3856100
2012-06-29,286.4064636230469,288.9818115234375,285.0316467285156,288.9519348144531,288.9519348144531,5057800
2012-07-02,289.82366943359375,290.4114685058594,287.1736145019531,289.15118408203125,289.15118408203125,3323300
2012-07-03,288.92205810546875,293.1063537597656,287.9208068847656,292.81744384765625,292.81744384765625,2387800
2012-07-05,293.28070068359375,298.90960693359375,293.1711120605469,296.84735107421875,296.84735107421875,4709200
2012-07-06,295.11883544921875,295.6518249511719,290.3218078613281,291.8959045410156,291.8959045410156,4339700
2012-07-09,291.3828125,293.2010192871094,289.53973388671875,291.9108581542969,291.9108581542969,3443000
2012-07-10,293.9930419921875,295.1088562011719,288.2894287109375,289.7638854980469,289.7638854980469,3860500
2012-07-11,287.073974609375,287.8460693359375,281.4151916503906,284.52850341796875,284.52850341796875,7024700
2012-07-12,282.5011291503906,284.8971252441406,279.9955139160156,284.1748352050781,284.1748352050781,4636800
2012-07-13,285.0067138671875,288.49365234375,283.21343994140625,287.1835632324219,287.1835632324219,3966700
2012-07-16,287.1088562011719,288.5135803222656,284.8224182128906,286.3865661621094,286.3865661621094,2936100
2012-07-17,288.135009765625,289.2508239746094,283.13873291015625,287.2881774902344,287.2881774902344,3372700
2012-07-18,287.4127197265625,290.75518798828125,286.9892883300781,289.295654296875,289.295654296875,3107900
2012-07-19,291.9756164550781,298.12255859375,291.9058532714844,295.42266845703125,295.42266845703125,9384300
2012-07-20,303.2433776855469,305.3255615234375,297.9731140136719,304.26953125,304.26953125,12975800
2012-07-23,299.11883544921875,308.0204772949219,298.00799560546875,306.60577392578125,306.60577392578125,7150000
2012-07-24,306.3517150878906,307.8112487792969,301.0416259765625,302.6506042480469,302.6506042480469,4033800
2012-07-25,303.0242004394531,305.54473876953125,301.5546875,302.85980224609375,302.85980224609375,3659600
2012-07-26,306.3517150878906,307.2832336425781,303.8760070800781,305.5347900390625,305.5347900390625,3382900
2012-07-27,308.2894592285156,316.3143615722656,307.5970458984375,316.2944641113281,316.2944641113281,7125900
2012-07-30,316.83740234375,320.1001892089844,313.57464599609375,314.96942138671875,314.96942138671875,4389700
2012-07-31,312.95697021484375,317.06158447265625,312.9370422363281,315.30316162109375,315.30316162109375,3745100
2012-08-01,317.4600830078125,318.5609436035156,314.5111389160156,315.1587219238281,315.1587219238281,3702900
2012-08-02,311.58709716796875,317.82373046875,310.541015625,313.2010498046875,313.2010498046875,3970100
2012-08-03,318.8050537109375,320.6580810546875,316.8822326660156,319.4675598144531,319.4675598144531,3808300
2012-08-06,318.61077880859375,323.4775390625,318.41650390625,320.20977783203125,320.20977783203125,3578000
2012-08-07,319.6966857910156,320.9270935058594,317.046630859375,319.07403564453125,319.07403564453125,3978300
2012-08-08,318.3318176269531,321.7290954589844,318.0578308105469,319.9158630371094,319.9158630371094,2654200
2012-08-09,321.0516052246094,321.9781494140625,319.56219482421875,319.97564697265625,319.97564697265625,2148500
2012-08-10,318.1026611328125,319.9208679199219,316.87725830078125,319.8013000488281,319.8013000488281,2879800
2012-08-13,322.5011901855469,328.8424072265625,322.132568359375,328.7726745605469,328.7726745605469,6560200
2012-08-14,328.39410400390625,335.168701171875,328.2695617675781,333.08154296875,333.08154296875,7350800
2012-08-15,333.88848876953125,335.8660888671875,330.8100280761719,332.52362060546875,332.52362060546875,4839400
2012-08-16,332.5086669921875,336.06036376953125,332.2944641113281,335.1786804199219,335.1786804199219,3448200
2012-08-17,335.80133056640625,337.3605041503906,334.5958557128906,337.3056945800781,337.3056945800781,4371600
2012-08-20,336.48876953125,338.16748046875,335.0740661621094,336.5086975097656,336.5086975097656,3529300
2012-08-21,335.2982177734375,337.7341003417969,329.8486328125,333.50494384765625,333.50494384765625,4461000
2012-08-22,332.44390869140625,339.02923583984375,332.1051940917969,337.32562255859375,337.32562255859375,3832600
2012-08-23,335.8760681152344,338.9694519042969,334.2471618652344,337.1363220214844,337.1363220214844,3581700
2012-08-24,336.53857421875,338.95452880859375,335.7814025878906,338.04791259765625,338.04791259765625,2863800
2012-08-27,330.2571105957031,334.74530029296875,328.3891296386719,333.3604736328125,333.3604736328125,5246900
2012-08-28,331.25836181640625,337.5447998046875,331.12884521484375,337.3605041503906,337.3605041503906,4132600
2012-08-29,337.4202575683594,343.20855712890625,336.8125305175781,342.72039794921875,342.72039794921875,6002900
2012-08-30,340.8424377441406,342.41156005859375,338.82000732421875,339.5672302246094,339.5672302246094,3265900
2012-08-31,340.722900390625,343.00433349609375,338.7502746582031,341.2658386230469,341.2658386230469,4270000
2012-09-04,340.9968566894531,341.22100830078125,335.49249267578125,339.2484130859375,339.2484130859375,3793200
2012-09-05,338.7303466796875,341.9682312011719,338.3019714355469,339.0890197753906,339.0890197753906,3429100
2012-09-06,341.69921875,348.6382141113281,341.0865173339844,348.3941345214844,348.3941345214844,6109700
2012-09-07,348.6930236816406,354.7951354980469,347.5323486328125,351.75653076171875,351.75653076171875,6490100
2012-09-10,353.5547790527344,355.0740966796875,347.8910217285156,349.0765686035156,349.0765686035156,5139100
2012-09-11,347.67681884765625,349.01678466796875,344.2098083496094,344.8025817871094,344.8025817871094,3761500
2012-09-12,343.41778564453125,346.15753173828125,339.168701171875,344.1500549316406,344.1500549316406,5304300
2012-09-13,345.25091552734375,353.17620849609375,343.9806823730469,351.70172119140625,351.70172119140625,5337900
2012-09-14,353.47509765625,355.1687316894531,352.1849365234375,353.51495361328125,353.51495361328125,5256500
2012-09-17,352.7328796386719,355.1089782714844,351.1836853027344,353.66436767578125,353.66436767578125,3027800
2012-09-18,352.5684814453125,357.9881591796875,352.0703430175781,357.79888916015625,357.79888916015625,4149000
2012-09-19,357.41033935546875,362.919677734375,356.86737060546875,362.39166259765625,362.39166259765625,6219700
2012-09-20,360.88232421875,364.3244323730469,359.2633972167969,362.70050048828125,362.70050048828125,5836500
2012-09-21,364.7378845214844,366.0877990722656,363.69677734375,365.6245422363281,365.6245422363281,12765800
2012-09-24,364.1351318359375,373.61956787109375,363.76153564453125,373.2908020019531,373.2908020019531,7154200
2012-09-25,375.11895751953125,381.016845703125,372.43402099609375,373.18121337890625,373.18121337890625,12162400
2012-09-26,373.5249328613281,379.19866943359375,369.116455078125,375.3232116699219,375.3232116699219,11388200
2012-09-27,378.55609130859375,379.9956970214844,374.42156982421875,376.8375244140625,376.8375244140625,7891600
2012-09-28,375.6669006347656,378.2322998046875,374.1725158691406,375.84124755859375,375.84124755859375,5587700
2012-10-01,378.1077575683594,381.0716552734375,376.69305419921875,379.4676513671875,379.4676513671875,6359700
2012-10-02,381.1712646484375,381.5647888183594,373.7341613769531,377.08160400390625,377.08160400390625,5601200
2012-10-03,376.448974609375,380.5336608886719,374.695556640625,379.8263244628906,379.8263244628906,4433100
2012-10-04,379.9508361816406,383.50750732421875,378.2821044921875,382.5909423828125,382.5909423828125,4926700
2012-10-05,383.9159851074219,385.744140625,381.0766296386719,382.3916931152344,382.3916931152344,5492200
2012-10-08,379.0791320800781,380.3642883300781,375.6669006347656,377.5050048828125,377.5050048828125,3931800
2012-10-09,378.4165954589844,379.238525390625,369.87860107421875,370.65570068359375,370.65570068359375,6028900
2012-10-10,369.54486083984375,372.3692626953125,367.7665100097656,370.8898010253906,370.8898010253906,4095000
2012-10-11,375.04425048828125,377.83380126953125,373.7441101074219,374.3368835449219,374.3368835449219,4785600
2012-10-12,374.5212097167969,376.02557373046875,370.6606750488281,370.9844665527344,370.9844665527344,4826400
2012-10-15,369.584716796875,370.52618408203125,363.9856872558594,369.10650634765625,369.10650634765625,6060700
2012-10-16,368.6830749511719,372.10028076171875,366.8549499511719,370.9595642089844,370.9595642089844,4131800
2012-10-17,370.5859680175781,376.7578125,368.7478332519531,376.33441162109375,376.33441162109375,4602900
2012-10-18,376.35931396484375,378.29205322265625,336.7378234863281,346.2023620605469,346.2023620605469,24977900
2012-10-19,351.47259521484375,352.030517578125,334.74530029296875,339.62200927734375,339.62200927734375,23050400
2012-10-22,339.23345947265625,341.0367126464844,333.5995788574219,338.0678405761719,338.0678405761719,8141500
2012-10-23,334.7502746582031,342.3816833496094,334.74530029296875,338.9046936035156,338.9046936035156,5855000
2012-10-24,342.1176452636719,342.21728515625,336.3741760253906,337.3854064941406,337.3854064941406,5011600
2012-10-25,338.7303466796875,339.72662353515625,335.4974670410156,337.6145324707031,337.6145324707031,4820100
2012-10-26,336.98687744140625,340.23968505859375,334.3467712402344,336.3144226074219,336.3144226074219,3916200
2012-10-31,338.6606140136719,339.2284851074219,336.23968505859375,338.8797912597656,338.8797912597656,3085400
2012-11-01,338.4812927246094,344.1600036621094,338.0927429199219,342.51116943359375,342.51116943359375,4115500
2012-11-02,346.0977478027344,346.476318359375,342.4015808105469,342.6755676269531,342.6755676269531,4666100
2012-11-05,340.9719543457031,342.1475524902344,336.5186462402344,340.204833984375,340.204833984375,3283900
2012-11-06,341.4601135253906,341.9682312011719,337.5099182128906,339.587158203125,339.587158203125,3177300
2012-11-07,336.23968505859375,337.8486633300781,332.0005798339844,332.31439208984375,332.31439208984375,4481200
2012-11-08,333.8486633300781,334.4912414550781,324.3990783691406,324.9270935058594,324.9270935058594,5213300
2012-11-09,326.1026916503906,332.922119140625,323.9358215332031,330.27703857421875,330.27703857421875,6251500
2012-11-12,330.63568115234375,333.6494140625,329.2010803222656,331.7066955566406,331.7066955566406,2822300
2012-11-13,330.2620849609375,332.5534973144531,327.8860168457031,328.2944641113281,328.2944641113281,3200200
2012-11-14,329.0964660644531,329.8536376953125,324.0354309082031,325.0566101074219,325.0566101074219,3349200
2012-11-15,323.786376953125,328.7677001953125,320.7477722167969,322.4214782714844,322.4214782714844,3711500
2012-11-16,321.7888488769531,325.2907409667969,316.8125,322.3816223144531,322.3816223144531,6902000
2012-11-19,326.625732421875,333.2110290527344,326.5410461425781,332.85736083984375,332.85736083984375,4754100
2012-11-20,333.50494384765625,337.7341003417969,331.0441589355469,333.73406982421875,333.73406982421875,4192900
2012-11-21,333.24591064453125,333.6494140625,328.9669494628906,331.6917419433594,331.6917419433594,4240200
2012-11-23,333.73406982421875,333.7490234375,331.8063049316406,332.7378234863281,332.7378234863281,1851800
2012-11-26,331.9756774902344,332.254638671875,328.279541015625,329.3405456542969,329.3405456542969,4425700
2012-11-27,328.8523864746094,336.23968505859375,327.77142333984375,334.1026916503906,334.1026916503906,5036100
2012-11-28,332.75775146484375,341.1761779785156,330.7054443359375,340.5585021972656,340.5585021972656,6106700
2012-11-29,342.6058349609375,345.6543884277344,339.72662353515625,344.6531677246094,344.6531677246094,5573700
2012-11-30,344.3642272949219,348.3044738769531,341.5647277832031,347.88104248046875,347.88104248046875,6350800
2012-12-03,349.808837890625,351.62701416015625,345.7590026855469,346.3268737792969,346.3268737792969,4401300
2012-12-04,346.2023620605469,346.4563903808594,341.5697021484375,344.2247619628906,344.2247619628906,3998200
2012-12-05,344.7826843261719,345.9532775878906,339.8909912109375,342.6257629394531,342.6257629394531,3738700
2012-12-06,342.51116943359375,346.5061950683594,340.9769287109375,344.2745666503906,344.2745666503906,2935500
2012-12-07,346.2023620605469,347.1388244628906,339.93585205078125,340.8274841308594,340.8274841308594,3852900
2012-12-10,341.415283203125,344.5335998535156,340.6182861328125,341.43023681640625,341.43023681640625,2743600
2012-12-11,343.711669921875,349.6494140625,342.575927734375,347.1388244628906,347.1388244628906,5395200
2012-12-12,348.3094482421875,350.44146728515625,345.4451904296875,347.4775695800781,347.4775695800781,4870100
2012-12-13,356.623291015625,356.8972473144531,348.4688415527344,350.0379638671875,350.0379638671875,6915500
2012-12-14,348.2795715332031,352.5884094238281,347.91094970703125,349.6693420410156,349.6693420410156,4276100
2012-12-17,351.4327392578125,359.6120910644531,350.69549560546875,359.0442199707031,359.0442199707031,6093400
2012-12-18,356.9620056152344,363.1886901855469,356.1899108886719,359.18865966796875,359.18865966796875,6032300
2012-12-19,359.00933837890625,360.1500549316406,357.0018615722656,358.7104797363281,358.7104797363281,3851500
2012-12-20,360.2795715332031,360.97198486328125,357.1463317871094,359.8312683105469,359.8312683105469,3326400
2012-12-21,355.65191650390625,358.06787109375,353.9333801269531,356.47882080078125,356.47882080078125,7078300
2012-12-24,355.9209289550781,356.2546691894531,352.4140625,353.4252624511719,353.4252624511719,1688000
2012-12-26,352.71295166015625,355.1089782714844,349.8935241699219,353.1114501953125,353.1114501953125,2373500
2012-12-27,352.24969482421875,353.09649658203125,348.0006103515625,351.8262634277344,351.8262634277344,3307000
2012-12-28,349.53485107421875,352.1351013183594,348.697998046875,348.697998046875,348.697998046875,2814500
2012-12-31,348.6930236816406,353.9582824707031,346.7004699707031,352.3692321777344,352.3692321777344,4009600
2013-01-02,358.36676025390625,362.1426086425781,356.9371032714844,360.27459716796875,360.27459716796875,5101500
2013-01-03,361.1114807128906,364.598388671875,359.0143127441406,360.48382568359375,360.48382568359375,4653700
2013-01-04,363.3082275390625,369.3505859375,362.4813232421875,367.60711669921875,367.60711669921875,5547600
2013-01-07,366.3518371582031,368.3094787597656,363.9259033203125,366.0031433105469,366.0031433105469,3323800
2013-01-08,366.39666748046875,366.7752380371094,360.8623962402344,365.28082275390625,365.28082275390625,3364700
2013-01-09,364.76776123046875,367.7964172363281,362.9396057128906,367.68182373046875,367.68182373046875,4064500
2013-01-10,370.0280456542969,371.1089782714844,365.3804626464844,369.3555603027344,369.3555603027344,3685000
2013-01-11,369.6145935058594,369.82879638671875,366.7752380371094,368.61334228515625,368.61334228515625,2579900
2013-01-14,367.1239318847656,369.7142333984375,359.8262939453125,360.27459716796875,360.27459716796875,5749200
2013-01-15,358.3219299316406,366.1276550292969,354.7204284667969,361.1114807128906,361.1114807128906,7884700
2013-01-16,359.8511962890625,360.81756591796875,355.50250244140625,356.2596435546875,356.2596435546875,4061900
2013-01-17,357.51495361328125,358.4763488769531,354.18243408203125,354.3318786621094,354.3318786621094,4439500
2013-01-18,353.8536682128906,355.0541687011719,349.35552978515625,350.9396057128906,350.9396057128906,6477700
2013-01-22,351.0143127441406,351.35302734375,346.46136474609375,350.1226501464844,350.1226501464844,7613100
2013-01-23,366.6208190917969,373.1015319824219,366.52117919921875,369.36553955078125,369.36553955078125,11862400
2013-01-24,369.23602294921875,377.00189208984375,368.87237548828125,375.6968078613281,375.6968078613281,6790600
2013-01-25,373.98321533203125,377.8238220214844,373.72418212890625,375.42779541015625,375.42779541015625,4468400
2013-01-28,374.47637939453125,376.3891906738281,372.548583984375,373.9632873535156,373.9632873535156,3266300
2013-01-29,371.980712890625,377.0616760253906,371.8761291503906,375.43280029296875,375.43280029296875,3507200
2013-01-30,375.4626770019531,379.05419921875,375.0492248535156,375.50750732421875,375.50750732421875,3478900
2013-01-31,373.85369873046875,377.3954162597656,373.72418212890625,376.43402099609375,376.43402099609375,3280500
2013-02-01,377.6843566894531,386.8500061035156,377.634521484375,386.35186767578125,386.35186767578125,7520100
2013-02-04,382.41162109375,383.79644775390625,377.7192077636719,378.0928039550781,378.0928039550781,6103700
2013-02-05,379.1438903808594,384.115234375,378.3169860839844,381.4402770996094,381.4402770996094,3755300
2013-02-06,378.11773681640625,385.0367736816406,377.83380126953125,383.6470031738281,383.6470031738281,4171700
2013-02-07,383.4128723144531,387.95086669921875,381.3207092285156,385.5299377441406,385.5299377441406,5701600
2013-02-08,388.6083984375,391.8661804199219,388.324462890625,391.2186279296875,391.2186279296875,6062700
2013-02-11,387.74664306640625,390.0380554199219,385.4302978515625,389.7491149902344,389.7491149902344,4351800
2013-02-12,389.4153747558594,392.4788818359375,388.2298278808594,388.892333984375,388.892333984375,3731900
2013-02-13,388.6083984375,391.2086486816406,388.5286865234375,389.9682922363281,389.9682922363281,2405200
2013-02-14,388.4091491699219,392.8973388671875,387.43280029296875,392.4390563964844,392.4390563964844,3483500
2013-02-15,392.2298278808594,395.1488952636719,392.0654296875,394.9645690917969,394.9645690917969,5480000
2013-02-19,396.5087890625,401.99322509765625,396.1551208496094,401.91851806640625,401.91851806640625,5885500
2013-02-20,401.1463928222656,402.97454833984375,394.4166259765625,394.7503662109375,394.7503662109375,5549000
2013-02-21,397.5100402832031,401.22113037109375,394.1326904296875,396.2796325683594,396.2796325683594,7039000
2013-02-22,398.1376953125,399.12896728515625,395.4178771972656,398.3618469238281,398.3618469238281,4123100
2013-02-25,399.6520080566406,402.6955871582031,393.76904296875,393.9085388183594,393.9085388183594,4625000
2013-02-26,396.015625,396.4888610839844,390.73541259765625,393.5897216796875,393.5897216796875,4421500
2013-02-27,395.916015625,400.8724365234375,394.0779113769531,398.3966979980469,398.3966979980469,4067300
2013-02-28,399.05426025390625,401.9882507324219,399.0193786621094,399.10406494140625,399.10406494140625,4548500
2013-03-01,397.410400390625,402.0629577636719,396.5885009765625,401.5897521972656,401.5897521972656,4367000
2013-03-04,401.1463928222656,409.8836669921875,400.9969787597656,409.2161560058594,409.2161560058594,5571900
2013-03-05,412.91729736328125,418.50634765625,412.90234375,417.7342224121094,417.7342224121094,8118400
2013-03-06,418.9447021484375,420.42413330078125,412.8575134277344,414.1376953125,414.1376953125,5767400
2013-03-07,415.47271728515625,416.7479248046875,413.2410583496094,414.74542236328125,414.74542236328125,4120700
2013-03-08,415.69189453125,415.9010925292969,410.9845275878906,414.20745849609375,414.20745849609375,5845600
2013-03-11,414.2921447753906,418.28216552734375,414.1974792480469,415.8512878417969,415.8512878417969,3201200
2013-03-12,413.803955078125,414.3917541503906,410.297119140625,412.2597351074219,412.2597351074219,4031600
2013-03-13,412.4042053222656,413.79400634765625,409.6196594238281,411.1140441894531,411.1140441894531,3294800
2013-03-14,411.9508972167969,411.9508972167969,407.1688232421875,409.236083984375,409.236083984375,3314700
2013-03-15,407.7217712402344,408.618408203125,405.1513977050781,405.6296081542969,405.6296081542969,6222500
2013-03-18,400.9969787597656,404.86248779296875,399.2385559082031,402.3867492675781,402.3867492675781,3690300
2013-03-19,404.1053161621094,408.0953674316406,401.7192687988281,404.1451721191406,404.1451721191406,4212000
2013-03-20,406.8898620605469,407.2286071777344,404.2049255371094,405.8338317871094,405.8338317871094,2938500
2013-03-21,404.1302185058594,406.9347229003906,403.41290283203125,404.1152648925781,404.1152648925781,2966200
2013-03-22,405.8487854003906,406.09783935546875,403.30828857421875,403.6420593261719,403.6420593261719,2987400
2013-03-25,404.6881408691406,408.08538818359375,401.903564453125,403.30828857421875,403.30828857421875,3436800
2013-03-26,405.2311096191406,405.48016357421875,402.3867492675781,404.693115234375,404.693115234375,2392600
2013-03-27,401.8338317871094,401.99322509765625,399.1688232421875,399.8313293457031,399.8313293457031,4342500
2013-03-28,400.4938659667969,401.1812744140625,395.1688232421875,395.6121520996094,395.6121520996094,4592600
2013-04-01,396.0206298828125,399.6271057128906,395.1438903808594,399.0990905761719,399.0990905761719,3628100
2013-04-02,400.767822265625,405.89361572265625,400.49884033203125,405.001953125,405.001953125,4098200
2013-04-03,405.211181640625,405.57977294921875,398.8400573730469,401.5947265625,401.5947265625,3489900
2013-04-04,400.62335205078125,401.3705749511719,394.17254638671875,396.0505065917969,396.0505065917969,4913400
2013-04-05,391.56231689453125,392.0256042480469,386.7503662109375,390.0629577636719,390.0629577636719,6893400
2013-04-08,387.9209899902344,388.3194885253906,382.7652893066406,385.978271484375,385.978271484375,5685300
2013-04-09,386.3020324707031,390.4116516113281,385.11151123046875,387.3730163574219,387.3730163574219,4330700
2013-04-10,389.9981994628906,394.6955871582031,386.5511169433594,393.6146240234375,393.6146240234375,3971900
2013-04-11,394.9595947265625,395.0691833496094,390.5660705566406,393.71923828125,393.71923828125,4072500
2013-04-12,394.5162658691406,394.571044921875,390.003173828125,393.54986572265625,393.54986572265625,3285500
2013-04-15,391.5075378417969,397.01190185546875,387.0592041015625,389.5050354003906,389.5050354003906,4924500
2013-04-16,391.8263244628906,396.5137634277344,390.496337890625,395.20367431640625,395.20367431640625,3496900
2013-04-17,391.9060363769531,393.9433898925781,387.5971984863281,389.8188781738281,389.8188781738281,4089100
2013-04-18,391.2086486816406,391.43280029296875,379.2086181640625,381.52496337890625,381.52496337890625,6669800
2013-04-19,383.1438903808594,400.2198791503906,381.6993103027344,398.4415283203125,398.4415283203125,11649800
2013-04-22,398.80517578125,400.4789123535156,386.052978515625,398.56109619140625,398.56109619140625,5788300
2013-04-23,399.0044250488281,406.22735595703125,398.6856384277344,402.4415588378906,402.4415588378906,4601600
2013-04-24,402.5461730957031,407.4726867675781,402.4913635253906,405.2061767578125,405.2061767578125,3671800
2013-04-25,406.6009521484375,406.7105407714844,402.30706787109375,403.039306640625,403.039306640625,3999200
2013-04-26,402.2921142578125,402.3618469238281,396.80267333984375,399.2136535644531,399.2136535644531,4993900
2013-04-29,400.125244140625,409.81390380859375,400.0007019042969,408.0007019042969,408.0007019042969,4618800
2013-04-30,407.9708251953125,412.2746887207031,407.31329345703125,410.74542236328125,410.74542236328125,4630600
2013-05-01,410.0928649902344,410.8201599121094,406.65576171875,408.68316650390625,408.68316650390625,2920800
2013-05-02,408.5187683105469,415.716796875,407.9957275390625,413.2560119628906,413.2560119628906,4051600
2013-05-03,416.91729736328125,421.81890869140625,416.4390869140625,421.28094482421875,421.28094482421875,5044000
2013-05-06,422.54620361328125,429.3158264160156,422.54620361328125,429.1663818359375,429.1663818359375,4298500
2013-05-07,429.8936462402344,430.3220520019531,423.7467041015625,427.0144348144531,427.0144348144531,3932600
2013-05-08,426.8998718261719,435.308349609375,424.8625183105469,435.183837890625,435.183837890625,4955000
2013-05-09,433.7940368652344,438.18756103515625,432.493896484375,434.1128234863281,434.1128234863281,4417600
2013-05-10,436.02069091796875,438.62591552734375,434.4515686035156,438.47149658203125,438.47149658203125,3809500
2013-05-13,437.80401611328125,439.5873107910156,435.0592956542969,437.1265563964844,437.1265563964844,2907700
2013-05-14,437.1116027832031,442.6856994628906,436.9322814941406,441.8936767578125,441.8936767578125,3170300
2013-05-15,446.0780029296875,456.47900390625,445.34075927734375,456.23492431640625,456.23492431640625,8001600
2013-05-16,457.78411865234375,458.27227783203125,449.3208312988281,450.24737548828125,450.24737548828125,6443200
2013-05-17,453.3108825683594,455.0393981933594,448.57861328125,452.8924560546875,452.8924560546875,5604800
2013-05-20,450.81024169921875,458.58111572265625,450.81024169921875,452.56866455078125,452.56866455078125,4562300
2013-05-21,452.3146057128906,454.1278076171875,447.1290588378906,451.79156494140625,451.79156494140625,3980700
2013-05-22,449.5948181152344,452.95721435546875,441.7840881347656,443.0493469238281,443.0493469238281,5140300
2013-05-23,436.8625183105469,443.3183288574219,435.3681335449219,439.7467346191406,439.7467346191406,4567200
2013-05-24,435.99578857421875,437.7691345214844,433.87872314453125,435.0293884277344,435.0293884277344,4610700
2013-05-28,440.10040283203125,444.4042663574219,438.5561828613281,438.98956298828125,438.98956298828125,4531900
2013-05-29,436.2199401855469,437.3556823730469,430.53125,432.53375244140625,432.53375244140625,4041800
2013-05-30,433.33575439453125,437.8089904785156,431.5873107910156,433.7541809082031,433.7541809082031,4257200
2013-05-31,432.4391174316406,436.8625183105469,432.1402282714844,433.98333740234375,433.98333740234375,3953500
2013-06-03,434.8699951171875,435.3531799316406,425.91357421875,432.1950378417969,432.1950378417969,4969900
2013-06-04,432.30462646484375,433.66949462890625,425.4403381347656,427.9459533691406,427.9459533691406,3751100
2013-06-05,429.64459228515625,433.10162353515625,426.9646301269531,428.2448425292969,428.2448425292969,4229300
2013-06-06,430.5362548828125,431.5474548339844,422.02813720703125,430.7055969238281,430.7055969238281,5177400
2013-06-07,433.5848083496094,438.35693359375,431.0443420410156,438.2224426269531,438.2224426269531,5369200
2013-06-10,439.40301513671875,443.8363952636719,438.4017639160156,443.4478454589844,443.4478454589844,4693000
2013-06-11,440.3345031738281,441.8438720703125,438.1178283691406,438.2622985839844,438.2622985839844,3528300
2013-06-12,441.07672119140625,441.3457336425781,433.2012634277344,434.3619079589844,434.3619079589844,4426100
2013-06-13,432.86749267578125,438.18756103515625,431.1340026855469,436.8625183105469,436.8625183105469,4155200
2013-06-14,438.40673828125,440.6981506347656,435.4328918457031,435.8861999511719,435.8861999511719,4506700
2013-06-17,437.9733581542969,443.0543212890625,437.5001525878906,441.47027587890625,441.47027587890625,4308500
2013-06-18,442.665771484375,448.8177185058594,442.5163269042969,448.62841796875,448.62841796875,4350000
2013-06-19,449.0020446777344,453.7193603515625,447.0742492675781,448.6583251953125,448.6583251953125,5853600
2013-06-20,445.3258056640625,448.8177185058594,440.0057373046875,440.71807861328125,440.71807861328125,6769200
2013-06-21,442.5113525390625,443.2784729003906,434.9048767089844,438.8201904296875,438.8201904296875,7994300
2013-06-24,434.3121032714844,436.5238037109375,430.0132141113281,433.27099609375,433.27099609375,6056300
2013-06-25,436.9920349121094,438.1975402832031,430.6408386230469,431.4826965332031,431.4826965332031,5125500
2013-06-26,435.24359130859375,437.36065673828125,433.6595458984375,435.19378662109375,435.19378662109375,3676400
2013-06-27,437.7591857910156,440.69317626953125,436.68817138671875,436.89739990234375,436.89739990234375,3867300
2013-06-28,435.81646728515625,439.27349853515625,435.4627685546875,438.5412292480469,438.5412292480469,4716100
2013-07-01,441.56988525390625,444.3743896484375,440.84759521484375,442.2822265625,442.2822265625,3462400
2013-07-02,443.4378967285156,443.8363952636719,436.9970397949219,439.50762939453125,439.50762939453125,3797000
2013-07-03,438.30712890625,442.9248046875,437.6097412109375,441.5599365234375,441.5599365234375,2101700
2013-07-05,443.3432312011719,446.0331726074219,442.0132141113281,445.0767517089844,445.0767517089844,3416500
2013-07-08,447.9260559082031,451.44287109375,446.86505126953125,450.8550720214844,450.8550720214844,3953700
2013-07-09,453.7990417480469,454.7704162597656,447.3133544921875,450.9298095703125,450.9298095703125,3973500
2013-07-10,450.03814697265625,453.8687744140625,448.5088806152344,451.30340576171875,451.30340576171875,3429500
2013-07-11,454.7953186035156,458.68572998046875,452.5636901855469,458.40179443359375,458.40179443359375,5187700
2013-07-12,458.2822570800781,459.7766418457031,455.9111328125,459.7766418457031,459.7766418457031,5155600
2013-07-15,460.4242248535156,462.2673034667969,456.46905517578125,460.6184997558594,460.6184997558594,3935600
2013-07-16,461.83392333984375,462.2523498535156,455.2436218261719,458.0879821777344,458.0879821777344,3980700
2013-07-17,458.7803649902344,461.6994323730469,456.43914794921875,457.5599670410156,457.5599670410156,3023400
2013-07-18,457.7791442871094,458.2822570800781,449.90863037109375,453.6396484375,453.6396484375,7296100
2013-07-19,441.64959716796875,449.7890930175781,436.1701354980469,446.6259460449219,446.6259460449219,14773700
2013-07-22,449.31585693359375,454.63092041015625,446.8251953125,453.64959716796875,453.64959716796875,5828100
2013-07-23,453.64959716796875,454.7953186035156,448.1053771972656,450.2124938964844,450.2124938964844,4106600
2013-07-24,451.93603515625,453.4503479003906,448.66827392578125,449.76416015625,449.76416015625,4172500
2013-07-25,445.2660217285156,446.7504577636719,441.3855895996094,442.19256591796875,442.19256591796875,6024600
2013-07-26,441.8388671875,443.3332824707031,439.35321044921875,441.0219421386719,441.0219421386719,3568600
2013-07-29,440.79779052734375,445.7392578125,438.8002624511719,439.4877014160156,439.4877014160156,3797800
2013-07-30,441.07672119140625,446.1327819824219,438.7903137207031,443.7965393066406,443.7965393066406,3524300
2013-07-31,444.8276672363281,446.58111572265625,441.4353942871094,442.21746826171875,442.21746826171875,4363200
2013-08-01,445.82891845703125,450.5860900878906,445.82891845703125,450.4217224121094,450.4217224121094,4292700
2013-08-02,450.0331726074219,451.8065185546875,448.7280578613281,451.5923156738281,451.5923156738281,3440600
2013-08-05,451.0045166015625,451.06927490234375,447.92108154296875,450.81024169921875,450.81024169921875,2629100
2013-08-06,450.65582275390625,453.1564636230469,446.19256591796875,446.6109924316406,446.6109924316406,3023400
2013-08-07,445.8488464355469,447.5474853515625,442.88494873046875,443.66204833984375,443.66204833984375,2768600
2013-08-08,446.072998046875,446.2473449707031,440.9920654296875,444.6632995605469,444.6632995605469,2987000
2013-08-09,443.6172180175781,446.08795166015625,443.3382568359375,443.54248046875,443.54248046875,2657200
2013-08-12,441.7940368652344,441.8438720703125,439.1788635253906,441.1016540527344,441.1016540527344,2764200
2013-08-13,441.7591857910156,442.591064453125,436.4640197753906,438.9795837402344,438.9795837402344,2850200
2013-08-14,437.54498291015625,438.47149658203125,431.9609069824219,433.28094482421875,433.28094482421875,4179900
2013-08-15,430.6059875488281,430.8450927734375,427.39801025390625,428.22491455078125,428.22491455078125,3752300
2013-08-16,429.0318908691406,429.6097106933594,426.6707458496094,426.85504150390625,426.85504150390625,3362700
2013-08-19,427.2535400390625,434.3718566894531,427.1240234375,431.2087097167969,431.2087097167969,3635300
2013-08-20,432.5536804199219,434.4266662597656,430.15765380859375,431.0941467285156,431.0941467285156,2475100
2013-08-21,433.69940185546875,436.81768798828125,431.63214111328125,433.0418395996094,433.0418395996094,3527700
2013-08-22,434.7205505371094,435.7417297363281,433.5001220703125,435.2236633300781,435.2236633300781,1746200
2013-08-23,437.2759704589844,437.36065673828125,433.2510681152344,433.480224609375,433.480224609375,2162200
2013-08-26,433.3756103515625,435.81646728515625,431.4079895019531,431.57733154296875,431.57733154296875,2112800
2013-08-27,428.2049865722656,430.2523193359375,422.3668518066406,423.4876708984375,423.4876708984375,3481100
2013-08-28,423.5374755859375,426.10784912109375,422.3020935058594,422.6906433105469,422.6906433105469,2669700
2013-08-29,422.9496765136719,428.58355712890625,422.7105712890625,426.1177978515625,426.1177978515625,2968000
2013-08-30,426.2821960449219,427.4179382324219,421.20123291015625,421.8687438964844,421.8687438964844,3737100
2013-09-03,425.5848083496094,431.47772216796875,425.38055419921875,428.58355712890625,428.58355712890625,4110400
2013-09-04,428.5686340332031,435.11907958984375,425.98828125,434.18756103515625,434.18756103515625,4097600
2013-09-05,435.11907958984375,438.2971496582031,434.1775817871094,438.13775634765625,438.13775634765625,2592100
2013-09-06,439.5723876953125,440.2398681640625,435.2386169433594,438.147705078125,438.147705078125,3134800
2013-09-09,440.2149658203125,443.2137145996094,439.5624084472656,442.3669128417969,442.3669128417969,2478300
2013-09-10,443.3482360839844,444.33453369140625,440.3494567871094,442.6757507324219,442.6757507324219,2584700
2013-09-11,442.6109924316406,446.81024169921875,441.3855895996094,446.42169189453125,446.42169189453125,3233200
2013-09-12,447.0244445800781,447.27349853515625,443.3432312011719,444.862548828125,444.862548828125,2199100
2013-09-13,445.5798645019531,446.16766357421875,440.76788330078125,442.875,442.875,2660600
2013-09-16,446.42669677734375,446.8251953125,440.7828369140625,442.2224426269531,442.2224426269531,2682900
2013-09-17,442.048095703125,442.5362548828125,438.8550720214844,441.4005126953125,441.4005126953125,2528200
2013-09-18,441.52008056640625,450.29718017578125,439.8861999511719,449.973388671875,449.973388671875,3883800
2013-09-19,451.30340576171875,451.30340576171875,446.0281677246094,447.5176086425781,447.5176086425781,3207600
2013-09-20,447.5176086425781,450.37689208984375,446.13775634765625,449.8687744140625,449.8687744140625,8723000
2013-09-23,446.4017639160156,449.11163330078125,440.9472351074219,441.59478759765625,441.59478759765625,3568000
2013-09-24,441.59478759765625,443.3880615234375,439.0543212890625,441.76416015625,441.76416015625,2984600
2013-09-25,441.61968994140625,441.61968994140625,436.1651611328125,436.97711181640625,436.97711181640625,3310200
2013-09-26,437.5101013183594,439.726806640625,435.86627197265625,437.4453430175781,437.4453430175781,2529200
2013-09-27,435.776611328125,437.1215515136719,434.0281677246094,436.5586853027344,436.5586853027344,2527000
2013-09-30,432.9173278808594,438.7753601074219,432.53375244140625,436.319580078125,436.319580078125,3457600
2013-10-01,438.4814758300781,442.1776123046875,438.3818359375,441.8438720703125,441.8438720703125,3382100
2013-10-02,439.7168273925781,443.0194396972656,437.27099609375,442.3370056152344,442.3370056152344,3001700
2013-10-03,442.34197998046875,445.380615234375,434.42169189453125,436.40924072265625,436.40924072265625,4249800
2013-10-04,435.86627197265625,437.1165771484375,433.3756103515625,434.54620361328125,434.54620361328125,2726100
2013-10-07,432.1053771972656,435.3631591796875,430.44158935546875,431.2535705566406,431.2535705566406,2596800
2013-10-08,431.0443420410156,431.37310791015625,424.22491455078125,425.2410888671875,425.2410888671875,3901800
2013-10-09,426.5412292480469,429.7143249511719,419.9160461425781,426.3320007324219,426.3320007324219,5322400
2013-10-10,430.3070983886719,432.79278564453125,428.4988708496094,432.4989013671875,432.4989013671875,4527400
2013-10-11,431.39801025390625,435.1091003417969,431.03436279296875,434.36688232421875,434.36688232421875,2828300
2013-10-14,431.71185302734375,436.4889221191406,431.0792236328125,436.419189453125,436.419189453125,2496400
2013-10-15,436.2448425292969,441.1614074707031,435.3681335449219,439.3581848144531,439.3581848144531,3195600
2013-10-16,441.2809753417969,447.4877014160156,440.35443115234375,447.3382568359375,447.3382568359375,4030200
2013-10-17,444.8276672363281,446.775390625,441.21124267578125,442.7355041503906,442.7355041503906,8545000
2013-10-18,486.46661376953125,505.8340148925781,485.1814270019531,503.8165588378906,503.8165588378906,23219400
2013-10-21,503.84149169921875,507.597412109375,497.9087219238281,499.7767028808594,499.7767028808594,7283700
2013-10-22,500.62353515625,504.6086120605469,496.0357360839844,501.61981201171875,501.61981201171875,4433700
2013-10-23,498.6310119628906,515.4429931640625,498.4466857910156,513.7792358398438,513.7792358398438,5346300
2013-10-24,514.0083618164062,518.3421020507812,510.486572265625,510.86016845703125,510.86016845703125,4199700
2013-10-25,512.4890747070312,512.4890747070312,503.4828186035156,505.7044982910156,505.7044982910156,4076100
2013-10-28,505.7044982910156,509.80413818359375,504.6036071777344,505.6048583984375,505.6048583984375,2326000
2013-10-29,507.647216796875,516.5338745117188,504.857666015625,516.1851806640625,516.1851806640625,3222000
2013-10-30,516.7780151367188,516.8178100585938,511.0843200683594,513.2860717773438,513.2860717773438,2658000
2013-10-31,512.5438842773438,518.8153686523438,510.0731201171875,513.3657836914062,513.3657836914062,3292200
2013-11-01,513.968505859375,516.065673828125,510.6360168457031,511.6023864746094,511.6023864746094,2576100
2013-11-04,513.8240356445312,514.2574462890625,509.10675048828125,511.1391296386719,511.1391296386719,2286000
2013-11-05,508.2698669433594,513.8988037109375,506.81036376953125,508.8526916503906,508.8526916503906,2371500
2013-11-06,510.88507080078125,511.58245849609375,505.7891845703125,509.46539306640625,509.46539306640625,1832600
2013-11-07,509.3956604003906,510.0531921386719,501.9385986328125,502.093017578125,502.093017578125,3371700
2013-11-08,502.4915466308594,507.34832763671875,502.36700439453125,506.1179504394531,506.1179504394531,2591100
2013-11-11,502.8701171875,506.0681457519531,502.1179504394531,503.4081115722656,503.4081115722656,2233500
2013-11-12,501.968505859375,506.8800964355469,500.62353515625,504.0008850097656,504.0008850097656,2445200
2013-11-13,501.4952697753906,514.4965209960938,501.3707275390625,514.3072509765625,514.3072509765625,3170500
2013-11-14,515.029541015625,517.9336547851562,513.251220703125,515.6820678710938,515.6820678710938,2342100
2013-11-15,515.5027465820312,517.0619506835938,513.2312622070312,514.8502197265625,514.8502197265625,2562100
2013-11-18,515.9411010742188,522.411865234375,512.6983032226562,513.8489379882812,513.8489379882812,3532500
2013-11-19,513.9336547851562,515.4429931640625,509.6148376464844,510.6858215332031,510.6858215332031,2271600
2013-11-20,513.0519409179688,514.7506103515625,508.2748718261719,509.2462158203125,509.2462158203125,1934500
2013-11-21,511.58245849609375,517.2163696289062,511.0843200683594,515.104248046875,515.104248046875,2191700
2013-11-22,514.7804565429688,516.1503295898438,512.6882934570312,514.018310546875,514.018310546875,2517700
2013-11-25,516.6434936523438,524.6285400390625,515.5775146484375,521.0121459960938,521.0121459960938,3238000
2013-11-26,522.3421630859375,528.76806640625,519.522705078125,527.2288208007812,527.2288208007812,4589600
2013-11-27,529.0320434570312,532.0059204101562,528.0208740234375,529.570068359375,529.570068359375,2255500
2013-11-29,529.0968017578125,531.3184814453125,527.7468872070312,527.8165893554688,527.8165893554688,2394400
2013-12-02,529.769287109375,531.1840209960938,523.4180908203125,525.2711791992188,525.2711791992188,2756600
2013-12-03,523.5127563476562,529.7344360351562,522.5513305664062,524.6634521484375,524.6634521484375,3364700
2013-12-04,523.7219848632812,530.00341796875,523.0394897460938,527.1142578125,527.1142578125,2392000
2013-12-05,526.6260986328125,527.8515014648438,523.5824584960938,526.69580078125,526.69580078125,2275800
2013-12-06,532.8975830078125,533.002197265625,528.0606689453125,532.9374389648438,532.9374389648438,2868200
2013-12-09,533.4953002929688,539.1342163085938,532.015869140625,537.0570068359375,537.0570068359375,2976200
2013-12-10,536.065673828125,544.1155395507812,535.816650390625,540.3048095703125,540.3048095703125,3721600
2013-12-11,541.669677734375,543.6223754882812,535.5775146484375,536.633544921875,536.633544921875,3436400
2013-12-12,537.769287109375,539.447998046875,532.5040283203125,532.9822387695312,532.9822387695312,3204800
2013-12-13,535.6920776367188,536.1354370117188,526.9697875976562,528.4143676757812,528.4143676757812,4340900
2013-12-16,530.0133666992188,535.3384399414062,529.0220947265625,534.4866333007812,534.4866333007812,3216000
2013-12-17,534.4069213867188,538.362060546875,532.1951904296875,532.9324340820312,532.9324340820312,3082800
2013-12-18,533.9237060546875,540.4492797851562,527.5426635742188,540.349609375,540.349609375,4437100
2013-12-19,538.3670654296875,543.9561157226562,537.5252075195312,541.0819091796875,541.0819091796875,3343800
2013-12-20,542.1179809570312,548.5289916992188,541.9685668945312,548.2550048828125,548.2550048828125,6547600
2013-12-23,551.8515014648438,555.816650390625,550.49658203125,555.4679565429688,555.4679565429688,3456000
2013-12-24,555.4031982421875,555.5377197265625,551.9810180664062,553.8440551757812,553.8440551757812,1473800
2013-12-26,554.9249877929688,557.4107055664062,552.2749633789062,556.6435546875,556.6435546875,2685500
2013-12-27,557.9088134765625,558.0482788085938,554.3920288085938,557.11181640625,557.11181640625,3151100
2013-12-30,558.0781860351562,558.1578979492188,552.4393310546875,552.6585083007812,552.6585083007812,2481300
2013-12-31,554.0433349609375,558.406982421875,551.064453125,558.2625122070312,558.2625122070312,2725900
2014-01-02,555.6472778320312,556.7880249023438,552.0607299804688,554.481689453125,554.481689453125,3656400
2014-01-03,555.4181518554688,556.3795776367188,550.4019775390625,550.4368286132812,550.4368286132812,3345800
2014-01-06,554.4268798828125,557.3409423828125,551.1541137695312,556.5738525390625,556.5738525390625,3551800
2014-01-07,560.3994750976562,567.717041015625,558.4866333007812,567.3035888671875,567.3035888671875,5124300
2014-01-08,570.8602905273438,571.517822265625,564.5289916992188,568.4841918945312,568.4841918945312,4501700
2014-01-09,569.5850830078125,569.9735717773438,560.678466796875,563.0097045898438,563.0097045898438,4184500
2014-01-10,567.4132080078125,567.4132080078125,559.0296020507812,562.9797973632812,562.9797973632812,4302900
2014-01-13,561.1317138671875,571.3135986328125,556.4990844726562,559.3932495117188,559.3932495117188,4855800
2014-01-14,566.8502807617188,573.3509521484375,561.938720703125,572.553955078125,572.553955078125,4983700
2014-01-15,574.3422241210938,575.3434448242188,569.7593994140625,572.1654052734375,572.1654052734375,3915000
2014-01-16,572.4044799804688,576.802978515625,571.8565673828125,575.951171875,575.951171875,3380300
2014-01-17,576.2650146484375,578.14794921875,569.963623046875,573.1168212890625,573.1168212890625,5422800
2014-01-21,578.2974243164062,579.82666015625,573.5003662109375,579.67724609375,579.67724609375,3974500
2014-01-22,581.1267700195312,581.764404296875,577.2662353515625,580.3347778320312,580.3347778320312,3154500
2014-01-23,577.8341064453125,579.074462890625,575.0296630859375,577.8839721679688,577.8839721679688,3912700
2014-01-24,573.3558959960938,574.6211547851562,559.4031982421875,559.816650390625,559.816650390625,7814000
2014-01-27,560.9474487304688,561.1466674804688,539.1142578125,548.558837890625,548.558837890625,8739800
2014-01-28,553.0869140625,560.7730712890625,552.8975830078125,559.408203125,559.408203125,4436900
2014-01-29,557.470458984375,558.7805786132812,547.6572265625,551.3932495117188,551.3932495117188,4777500
2014-01-30,570.3621215820312,574.0931396484375,561.520263671875,565.5750732421875,565.5750732421875,10220800
2014-01-31,583.4879150390625,591.0545654296875,573.4157104492188,588.2799682617188,588.2799682617188,11174200
2014-02-03,587.3983154296875,588.653564453125,563.8914184570312,564.5987548828125,564.5987548828125,9172400
2014-02-04,566.8702392578125,575.3434448242188,566.382080078125,566.9548950195312,566.9548950195312,5644800
2014-02-05,569.55517578125,573.2363891601562,561.9038696289062,569.4655151367188,569.4655151367188,4806800
2014-02-06,573.4157104492188,577.913818359375,571.6323852539062,577.814208984375,577.814208984375,3907600
2014-02-07,581.6348876953125,586.750732421875,578.1130981445312,586.5215454101562,586.5215454101562,5292000
2014-02-10,583.7120971679688,588.9923095703125,582.3272705078125,584.2749633789062,584.2749633789062,3904800
2014-02-11,587.8814697265625,593.7096557617188,583.9163208007812,592.8677978515625,592.8677978515625,4116900
2014-02-12,592.2799682617188,592.7781372070312,588.4841918945312,591.1292724609375,591.1292724609375,3461800
2014-02-13,588.17041015625,597.7096557617188,587.62744140625,597.7096557617188,597.7096557617188,3686400
2014-02-14,595.5726318359375,599.9462280273438,594.1729125976562,599.1542358398438,599.1542358398438,4389700
2014-02-18,598.4617919921875,604.17041015625,597.7594604492188,603.1791381835938,603.1791381835938,4233500
2014-02-19,600.3995361328125,602.3522338867188,596.5140991210938,598.9251098632812,598.9251098632812,4222900
2014-02-20,599.3236083984375,601.1915893554688,597.8690185546875,599.8067626953125,599.8067626953125,3414300
2014-02-21,601.6498413085938,602.676025390625,599.1741333007812,599.6473999023438,599.6473999023438,3738500
2014-02-24,600.429443359375,607.8018188476562,600.2999267578125,603.9910888671875,603.9910888671875,3361100
2014-02-25,605.69970703125,609.9636840820312,602.9500122070312,607.7221069335938,607.7221069335938,2888100
2014-02-26,609.7146606445312,612.1455078125,604.61376953125,607.8067626953125,607.8067626953125,3979100
2014-02-27,606.9201049804688,609.8292236328125,606.232666015625,607.32861328125,607.32861328125,2529400
2014-02-28,607.8914794921875,609.8092651367188,600.8578491210938,605.5552368164062,605.5552368164062,4644500
2014-03-03,601.121826171875,601.664794921875,593.8441162109375,599.0994262695312,599.0994262695312,4225300
2014-03-04,605.2314453125,605.7295532226562,602.49169921875,605.1865844726562,605.1865844726562,2946300
2014-03-05,605.25634765625,609.25634765625,603.4431762695312,606.8553466796875,606.8553466796875,2479700
2014-03-06,608.8578491210938,610.78564453125,607.0247192382812,607.52783203125,607.52783203125,2545600
2014-03-07,611.1094360351562,611.2040405273438,603.4580688476562,605.1268310546875,605.1268310546875,3041500
2014-03-10,605.5751342773438,606.5465087890625,599.7968139648438,603.5228271484375,603.5228271484375,2438200
2014-03-11,604.6187133789062,604.8927001953125,596.0857543945312,597.7544555664062,597.7544555664062,3438800
2014-03-12,595.9661865234375,601.6697998046875,589.8839721679688,601.3958129882812,601.3958129882812,3943200
2014-03-13,601.7196044921875,602.9898681640625,590.1679077148438,592.3098754882812,592.3098754882812,4708600
2014-03-14,588.7880859375,593.2114868164062,584.0757446289062,584.2102661132812,584.2102661132812,4604900
2014-03-17,587.4232177734375,596.2999267578125,586.8553466796875,593.82421875,593.82421875,4340300
2014-03-18,595.1044311523438,603.5029296875,594.3024291992188,603.368408203125,603.368408203125,3643500
2014-03-19,603.6373901367188,603.7320556640625,594.9749145507812,597.3858642578125,597.3858642578125,3237800
2014-03-20,597.7345581054688,602.5465087890625,595.4481201171875,596.3447265625,596.3447265625,3381900
2014-03-21,600.9026489257812,602.5564575195312,589.0172119140625,589.3110961914062,589.3110961914062,6441000
2014-03-24,589.8839721679688,590.2376708984375,570.8353881835938,576.802978515625,576.802978515625,6096800
2014-03-25,580.8229370117188,582.7357788085938,571.3583984375,577.196533203125,577.196533203125,4838400
2014-03-26,578.8353881835938,583.5975341796875,563.6373291015625,563.8714599609375,563.8714599609375,5179200
2014-03-27,566.44482421875,566.44482421875,551.4061279296875,556.9309692382812,556.9309692382812,13100
2014-03-28,559.6634521484375,564.879150390625,557.140380859375,558.456787109375,558.456787109375,41200
2014-03-31,565.337890625,565.4475708007812,555.4051513671875,555.4450073242188,555.4450073242188,10800
2014-04-01,557.1802368164062,566.8936157226562,557.1802368164062,565.6071166992188,565.6071166992188,7900
2014-04-02,598.3472290039062,603.1740112304688,560.6507568359375,565.4475708007812,565.4475708007812,147100
2014-04-03,568.2897338867188,585.6720581054688,562.58544921875,568.1800537109375,568.1800537109375,5099100
2014-04-04,573.0765991210938,576.1880493164062,541.5133056640625,541.6528930664062,541.6528930664062,6369300
2014-04-07,539.2594604492188,546.978271484375,525.7066650390625,536.6765747070312,536.6765747070312,4401600
2014-04-08,541.1143798828125,553.4804077148438,540.1270751953125,553.3806762695312,553.3806762695312,3151200
2014-04-09,558.0877685546875,563.822021484375,551.43603515625,562.5953979492188,562.5953979492188,3330800
2014-04-10,563.4530639648438,563.4530639648438,538.4217529296875,539.4688720703125,539.4688720703125,4036800
2014-04-11,531.0918579101562,538.521484375,525.08837890625,529.147216796875,529.147216796875,3924800
2014-04-14,536.7763061523438,542.6102905273438,528.1100463867188,531.0619506835938,531.0619506835938,2575000
2014-04-15,535.3502197265625,536.9757080078125,517.0404663085938,534.9712524414062,534.9712524414062,3855000
2014-04-16,541.5133056640625,555.4749145507812,538.521484375,555.0161743164062,555.0161743164062,4893200
2014-04-17,547.307373046875,547.9954833984375,529.6957397460938,534.6321411132812,534.6321411132812,6809500
2014-04-21,534.6321411132812,535.2305297851562,524.160888671875,527.1726684570312,527.1726684570312,2566700
2014-04-22,527.1925659179688,535.7590942382812,526.065673828125,533.345703125,533.345703125,2365300
2014-04-23,532.3284912109375,532.4082641601562,524.8091430664062,525.4972534179688,525.4972534179688,2052300
2014-04-24,528.61865234375,530.1943359375,520.6904296875,523.7221069335938,523.7221069335938,1883100
2014-04-25,521.0794067382812,523.2633666992188,514.0087890625,514.7667236328125,514.7667236328125,2100300
2014-04-28,515.7639770507812,517.1800537109375,501.42333984375,515.7340698242188,515.7340698242188,3335500
2014-04-29,515.4847412109375,528.0103759765625,514.9063110351562,526.2551879882812,526.2551879882812,2699000
2014-04-30,526.1554565429688,526.5543212890625,521.08935546875,525.218017578125,525.218017578125,1751100
2014-05-01,525.6668090820312,531.4708251953125,522.4456176757812,529.8952026367188,529.8952026367188,1905500
2014-05-02,532.298583984375,532.5379028320312,524.1708984375,526.4845581054688,526.4845581054688,1688500
2014-05-05,523.383056640625,527.451904296875,519.8926391601562,526.3648681640625,526.3648681640625,1024100
2014-05-06,523.7919311523438,525.3676147460938,513.6497802734375,513.7295532226562,513.7295532226562,1689000
2014-05-07,514.3777465820312,515.2653198242188,501.9219665527344,508.5637512207031,508.5637512207031,3224300
2014-05-08,507.0678405761719,515.8138427734375,505.0633544921875,509.60089111328125,509.60089111328125,2021300
2014-05-09,509.3515625,518.4765014648438,502.81951904296875,517.3097534179688,517.3097534179688,2439400
2014-05-12,522.07666015625,528.7383422851562,517.5889892578125,528.4691162109375,528.4691162109375,1912500
2014-05-13,529.4364624023438,534.6022338867188,528.0601806640625,531.6304321289062,531.6304321289062,1653400
2014-05-14,531.5406494140625,531.5406494140625,523.8517456054688,525.2080688476562,525.2080688476562,1191700
2014-05-15,524.2606201171875,524.43017578125,516.0032958984375,518.5562744140625,518.5562744140625,1704300
2014-05-16,519.9624633789062,520.371337890625,514.0287475585938,519.2045288085938,519.2045288085938,1485200
2014-05-19,518.277099609375,528.3294677734375,516.1658935546875,527.4119873046875,527.4119873046875,1277700
2014-05-20,528.28955078125,534.7618408203125,524.8590087890625,528.3195190429688,528.3195190429688,1784700
2014-05-21,531.44091796875,537.7067260742188,530.45361328125,537.4644165039062,537.4644165039062,1196200
2014-05-22,539.6483764648438,546.1007080078125,539.2993774414062,543.567626953125,543.567626953125,1615800
2014-05-23,545.7615966796875,552.1241455078125,542.2113647460938,551.1867065429688,551.1867065429688,1932100
2014-05-27,554.4776611328125,564.4503173828125,552.8322143554688,564.4004516601562,564.4004516601562,2104100
2014-05-28,563.0242309570312,566.2852783203125,559.4639892578125,560.1421508789062,560.1421508789062,1652000
2014-05-29,561.8075561523438,562.4557495117188,557.1802368164062,558.5465087890625,558.5465087890625,1354100
2014-05-30,559.2645263671875,559.8130493164062,554.387939453125,558.3570556640625,558.3570556640625,1771100
2014-06-02,559.164794921875,559.3642578125,544.2357788085938,552.413330078125,552.413330078125,1435000
2014-06-03,549.4813842773438,550.8276977539062,541.0645141601562,543.4479370117188,543.4479370117188,1866600
2014-06-04,540.0173950195312,547.10791015625,537.27490234375,543.168701171875,543.168701171875,1816400
2014-06-05,544.9039916992188,553.4305419921875,542.9592895507812,552.3834228515625,552.3834228515625,1689100
2014-06-06,556.5320434570312,556.5320434570312,547.4270629882812,554.8067626953125,554.8067626953125,1736700
2014-06-09,555.62451171875,561.3587646484375,554.517578125,560.5809326171875,560.5809326171875,1467500
2014-06-10,558.975341796875,562.056884765625,556.3724975585938,559.0151977539062,559.0151977539062,1351700
2014-06-11,556.4722290039062,558.3470458984375,553.5003662109375,557.3098754882812,557.3098754882812,1100100
2014-06-12,555.7741088867188,556.4622192382812,546.9583129882812,549.8403930664062,549.8403930664062,1458400
2014-06-13,550.7479248046875,550.787841796875,544.0662841796875,550.249267578125,550.249267578125,1220500
2014-06-16,547.7561645507812,548.1151733398438,540.037353515625,542.789794921875,542.789794921875,1702500
2014-06-17,542.7099609375,543.826904296875,537.8533325195312,541.5232543945312,541.5232543945312,1444500
2014-06-18,543.3681640625,552.0443725585938,542.5105590820312,551.8548583984375,551.8548583984375,1741700
2014-06-19,552.7224731445312,553.4804077148438,547.0081787109375,553.3806762695312,553.3806762695312,2456800
2014-06-20,555.3253784179688,556.0533447265625,548.885009765625,554.836669921875,554.836669921875,4508300
2014-06-23,553.6300048828125,563.4530639648438,552.7324829101562,563.4031982421875,563.4031982421875,1536800
2014-06-24,563.6425170898438,571.078125,559.4739379882812,563.0740966796875,563.0740966796875,2207100
2014-06-25,563.7123413085938,578.3720703125,563.6724243164062,577.065673828125,577.065673828125,1969300
2014-06-26,579.4092407226562,580.8552856445312,570.2843017578125,574.4229125976562,574.4229125976562,1741900
2014-06-27,575.5996704101562,578.2823486328125,572.2289428710938,575.6595458984375,575.6595458984375,2236900
2014-06-30,577.0756225585938,577.983154296875,573.1763305664062,573.7048950195312,573.7048950195312,1313700
2014-07-01,576.736572265625,582.7999267578125,575.0711669921875,581.0746459960938,581.0746459960938,1447900
2014-07-02,581.7528076171875,583.8370971679688,578.8009033203125,580.7406005859375,580.7406005859375,1056300
2014-07-03,581.7528076171875,583.4082641601562,579.3294677734375,583.1290283203125,583.1290283203125,714100
2014-07-07,582.1616821289062,584.8243408203125,578.0031127929688,580.6558227539062,580.6558227539062,1064600
2014-07-08,576.078369140625,577.9412841796875,564.5849609375,569.5263671875,569.5263671875,1909500
2014-07-09,570.0150146484375,575.1409301757812,567.8170776367188,574.502685546875,574.502685546875,1116700
2014-07-10,564.3605346679688,575.0112915039062,563.4630126953125,569.5363159179688,569.5363159179688,1356700
2014-07-11,570.3441162109375,579.2596435546875,569.85546875,577.59423828125,577.59423828125,1621700
2014-07-14,581.0048217773438,583.6077270507812,576.4473876953125,583.2686157226562,583.2686157226562,1854000
2014-07-15,584.13623046875,584.2010498046875,574.9813842773438,583.1788940429688,583.1788940429688,1623000
2014-07-16,586.3900756835938,586.7889404296875,580.60595703125,581.064697265625,581.064697265625,1397100
2014-07-17,577.9432373046875,579.3992309570312,567.0531616210938,572.1591186523438,572.1591186523438,3016500
2014-07-18,591.3764038085938,595.1659545898438,580.406494140625,593.45068359375,593.45068359375,4014100
2014-07-21,590.1298217773438,592.7725219726562,583.630615234375,587.8560180664062,587.8560180664062,2062100
2014-07-22,589.1026000976562,598.0081787109375,588.9829711914062,593.1116333007812,593.1116333007812,1699100
2014-07-23,591.6057739257812,596.2130737304688,590.8777465820312,594.3482055664062,594.3482055664062,1233100
2014-07-24,594.8169555664062,597.8585815429688,590.1497192382812,591.7254028320312,591.7254028320312,1035100
2014-07-25,588.7835083007812,590.239501953125,585.4227294921875,587.4072875976562,587.4072875976562,932400
2014-07-28,586.4598999023438,590.8777465820312,583.1519775390625,588.9829711914062,588.9829711914062,986800
2014-07-29,587.1380004882812,588.0853881835938,581.9173583984375,584.006591796875,584.006591796875,1349800
2014-07-30,584.9440307617188,587.885986328125,582.4010009765625,585.8116455078125,585.8116455078125,1016400
2014-07-31,579.0103149414062,582.052001953125,568.4393310546875,570.0349731445312,570.0349731445312,2102700
2014-08-01,568.8382568359375,574.383056640625,561.3088989257812,564.5200805664062,564.5200805664062,1955200
2014-08-04,567.4819946289062,573.7747192382812,562.5554809570312,571.5807495117188,571.5807495117188,1427300
2014-08-05,568.4891967773438,570.4139404296875,561.069580078125,563.5228271484375,563.5228271484375,1551200
2014-08-06,560.2418823242188,569.137451171875,558.4667358398438,564.8233032226562,564.8233032226562,1334300
2014-08-07,566.44482421875,568.3296508789062,559.563720703125,561.8175048828125,561.8175048828125,1110900
2014-08-08,562.0169677734375,568.6886596679688,558.8157958984375,567.2127075195312,567.2127075195312,1494700
2014-08-11,568.4293823242188,568.927978515625,564.4503173828125,566.3251342773438,566.3251342773438,1214700
2014-08-12,562.974365234375,564.3505859375,559.3442993164062,561.1892700195312,561.1892700195312,1542000
2014-08-13,565.7567138671875,573.4256591796875,564.2009887695312,573.2062377929688,573.2062377929688,1439200
2014-08-14,574.6024169921875,576.3177490234375,569.3169555664062,573.0765991210938,573.0765991210938,985400
2014-08-15,576.27783203125,577.7936401367188,568.9579467773438,571.9098510742188,571.9098510742188,1519100
2014-08-18,574.5325927734375,582.9096069335938,574.4229125976562,580.5660400390625,580.5660400390625,1284100
2014-08-19,583.3982543945312,585.7318725585938,582.4010009765625,585.253173828125,585.253173828125,978600
2014-08-20,584.27587890625,585.0936279296875,580.9749145507812,582.8896484375,582.8896484375,1036700
2014-08-21,582.2214965820312,582.899658203125,579.548828125,581.7727661132812,581.7727661132812,914800
2014-08-22,581.9921264648438,583.6336059570312,579.0502319335938,580.9649658203125,580.9649658203125,789000
2014-08-25,583.1190185546875,583.3982543945312,577.4147338867188,578.6114501953125,578.6114501953125,1361400
2014-08-26,579.6685180664062,580.20703125,575.0013427734375,576.27783203125,576.27783203125,1639600
2014-08-27,575.689453125,576.9061279296875,568.5420532226562,569.4365844726562,569.4365844726562,1703300
2014-08-28,568.0005493164062,571.6804809570312,565.5473022460938,567.6415405273438,567.6415405273438,1292900
2014-08-29,569.7656860351562,570.4737548828125,565.516357421875,570.0349731445312,570.0349731445312,1083700
2014-09-02,570.2843017578125,576.2479248046875,569.6260986328125,575.749267578125,575.749267578125,1578400
2014-09-03,578.4119873046875,581.393798828125,573.4256591796875,576.3576049804688,576.3576049804688,1215100
2014-09-04,578.4119873046875,584.3955688476562,577.6340942382812,580.3865356445312,580.3865356445312,1458100
2014-09-05,582.3810424804688,584.9440307617188,580.3566284179688,584.475341796875,584.475341796875,1632300
2014-09-08,584.993896484375,590.1497192382812,584.6947021484375,588.1053466796875,588.1053466796875,1431000
2014-09-09,587.28759765625,587.3873291015625,578.4119873046875,579.419189453125,579.419189453125,1287200
2014-09-10,579.9078369140625,581.9024047851562,575.3603515625,581.5034790039062,581.5034790039062,977300
2014-09-11,578.77099609375,580.217041015625,574.6821899414062,579.75830078125,579.75830078125,1221000
2014-09-12,579.4092407226562,580.0474853515625,572.8871459960938,574.0439453125,574.0439453125,1601600
2014-09-15,571.3712768554688,573.3757934570312,566.6542358398438,571.5308837890625,571.5308837890625,1597500
2014-09-16,571.1917724609375,579.9078369140625,571.092041015625,578.3621215820312,578.3621215820312,1480300
2014-09-17,578.4219360351562,585.911376953125,577.1903076171875,583.1688842773438,583.1688842773438,1692800
2014-09-18,585.392822265625,587.9258422851562,583.3982543945312,587.6566162109375,587.6566162109375,1444500
2014-09-19,589.8804931640625,594.8468627929688,587.885986328125,594.4479370117188,594.4479370117188,3736600
2014-09-22,592.1941528320312,592.32275390625,581.8624877929688,585.7617797851562,585.7617797851562,1689500
2014-09-23,585.2432250976562,585.2432250976562,579.4092407226562,579.5388793945312,579.5388793945312,1471400
2014-09-24,579.8679809570312,588.015625,578.9305419921875,586.3800659179688,586.3800659179688,1728100
2014-09-25,585.9412841796875,586.3701171875,572.60791015625,573.4854736328125,573.4854736328125,1925900
2014-09-26,574.4827880859375,577.6640014648438,573.0866088867188,575.5198974609375,575.5198974609375,1443600
2014-09-29,570.1845703125,576.60693359375,569.6061401367188,574.7819213867188,574.7819213867188,1282400
2014-09-30,575.3504028320312,578.2623901367188,571.2815551757812,575.7791748046875,575.7791748046875,1621700
2014-10-01,574.4329223632812,575.9985961914062,565.45751953125,566.714111328125,566.714111328125,1445400
2014-10-02,565.7567138671875,570.3441162109375,561.7776489257812,568.5191040039062,568.5191040039062,1178400
2014-10-03,571.4810180664062,575.6445922851562,570.9324951171875,573.7048950195312,573.7048950195312,1141700
2014-10-06,577.2152709960938,579.4092407226562,572.8671875,575.7692260742188,575.7692260742188,1214600
2014-10-07,572.8273315429688,573.6949462890625,562.1964721679688,562.1964721679688,562.1964721679688,1911300
2014-10-08,564.021484375,572.3087158203125,555.963623046875,570.9324951171875,570.9324951171875,1990800
2014-10-09,569.6160888671875,569.92529296875,557.529296875,559.3442993164062,559.3442993164062,2524800
2014-10-10,556.1929931640625,563.5827026367188,542.5604248046875,542.9992065429688,542.9992065429688,3081900
2014-10-13,543.497802734375,547.9954833984375,531.640380859375,531.7500610351562,531.7500610351562,2581600
2014-10-14,537.4244995117188,545.6918334960938,531.710205078125,536.4671020507812,536.4671020507812,2222500
2014-10-15,529.5560913085938,531.3411865234375,516.8809204101562,528.5787963867188,528.5787963867188,3719300
2014-10-16,517.5789794921875,527.9804077148438,513.5899658203125,523.0739135742188,523.0739135742188,3708500
2014-10-17,525.806396484375,529.5261840820312,507.1376647949219,509.7704162597656,509.7704162597656,5539300
2014-10-20,508.0551452636719,520.3314208984375,506.7088317871094,519.4139404296875,519.4139404296875,2607500
2014-10-21,523.7520141601562,525.34765625,517.6886596679688,525.0983276367188,525.0983276367188,2336200
2014-10-22,528.4391479492188,538.322021484375,527.3521728515625,531.25146484375,531.25146484375,2919200
2014-10-23,537.8433227539062,545.7217407226562,534.3828735351562,542.4906005859375,542.4906005859375,2348800
2014-10-24,542.8695678710938,543.3881225585938,534.322998046875,538.3020629882812,538.3020629882812,1973100
2014-10-27,535.5596313476562,542.91943359375,535.5596313476562,539.2893676757812,539.2893676757812,1185300
2014-10-28,541.5133056640625,547.4769287109375,540.1370239257812,547.3970947265625,547.3970947265625,1270900
2014-10-29,548.4940795898438,552.672607421875,545.4823608398438,547.825927734375,547.825927734375,1770500
2014-10-30,547.4469604492188,551.2864379882812,542.0218505859375,548.8032836914062,548.8032836914062,1455600
2014-10-31,557.8184814453125,558.0379028320312,553.2310791015625,557.5492553710938,557.5492553710938,2035000
2014-11-03,553.9790649414062,556.3724975585938,551.7152709960938,553.6998291015625,553.6998291015625,1382200
2014-11-04,551.4859008789062,553.9790649414062,547.7960205078125,552.5928344726562,552.5928344726562,1244200
2014-11-05,555.2755126953125,555.2755126953125,542.5604248046875,544.42529296875,544.42529296875,2032200
2014-11-06,544.0064086914062,545.3876342773438,539.4888305664062,540.555908203125,540.555908203125,1333200
2014-11-07,544.7144775390625,544.7144775390625,537.1951293945312,539.5287475585938,539.5287475585938,1633700
2014-11-10,539.9774780273438,548.085205078125,539.5386962890625,545.990966796875,545.990966796875,1134600
2014-11-11,546.9882202148438,550.4287719726562,544.8042602539062,548.7833251953125,548.7833251953125,965500
2014-11-12,548.883056640625,548.9528198242188,543.6773071289062,545.8114624023438,545.8114624023438,1129600
2014-11-13,548.294677734375,548.294677734375,541.991943359375,543.8867797851562,543.8867797851562,1339300
2014-11-14,545.1832275390625,545.1832275390625,540.6655883789062,542.909423828125,542.909423828125,1289500
2014-11-17,542.0916748046875,542.3010864257812,532.5987548828125,535.041015625,535.041015625,1726000
2014-11-18,536.0283203125,540.4561767578125,532.7074584960938,533.5651245117188,533.5651245117188,1962600
2014-11-19,533.53515625,536.7662963867188,528.628662109375,535.5197143554688,535.5197143554688,1392200
2014-11-20,529.7954711914062,533.6448974609375,529.6259155273438,533.3656616210938,533.3656616210938,1563300
2014-11-21,540.1270751953125,540.6556396484375,535.0908813476562,536.0283203125,536.0283203125,2224200
2014-11-24,536.1779174804688,541.214111328125,534.1535034179688,537.7935180664062,537.7935180664062,1706300
2014-11-25,537.5242309570312,542.4906005859375,537.1273193359375,539.5985107421875,539.5985107421875,1789900
2014-11-26,539.3991088867188,540.0672607421875,535.5715942382812,538.8905029296875,538.8905029296875,1522900
2014-11-28,539.1397705078125,540.5159912109375,535.1307983398438,540.3464965820312,540.3464965820312,1148300
2014-12-01,537.4244995117188,539.9276123046875,530.4037475585938,532.3384399414062,532.3384399414062,2115300
2014-12-02,532.0492553710938,534.0338134765625,528.3494262695312,532.28857421875,532.28857421875,1526600
2014-12-03,529.9849243164062,534.5284423828125,527.8109130859375,529.865234375,529.865234375,1277900
2014-12-04,529.7056884765625,535.8687744140625,527.1427001953125,535.8388671875,535.8388671875,1392100
2014-12-05,529.546142578125,531.4309692382812,522.8445434570312,523.8218383789062,523.8218383789062,2565600
2014-12-08,525.6867065429688,529.546142578125,522.3558959960938,525.537109375,525.537109375,2329300
2014-12-09,520.7103881835938,532.7274169921875,519.0748901367188,531.90966796875,531.90966796875,1871300
2014-12-10,531.6204223632812,534.8615112304688,524.1210327148438,524.61962890625,524.61962890625,1712200
2014-12-11,526.3549194335938,532.4581298828125,525.6567993164062,526.8934326171875,526.8934326171875,1610800
2014-12-12,522.07666015625,527.052978515625,517.2399291992188,517.2399291992188,517.2399291992188,1994500
2014-12-15,521.3087768554688,521.6677856445312,511.86468505859375,512.3932495117188,512.3932495117188,2813400
2014-12-16,510.15936279296875,511.645263671875,487.6611328125,494.03363037109375,494.03363037109375,3964200
2014-12-17,495.63922119140625,505.6118469238281,495.4497375488281,503.50762939453125,503.50762939453125,2883100
2014-12-18,511.5455627441406,512.4630126953125,503.3181457519531,509.70062255859375,509.70062255859375,2926700
2014-12-19,510.1094970703125,516.302490234375,505.5230712890625,514.9362182617188,514.9362182617188,3690200
2014-12-22,514.6669921875,525.0185546875,514.6669921875,523.4329223632812,523.4329223632812,2723700
2014-12-23,525.5570678710938,533.0963745117188,524.8489990234375,529.1372680664062,529.1372680664062,2197600
2014-12-24,529.0574951171875,530.3030395507812,525.5770263671875,527.322265625,527.322265625,705900
2014-12-26,527.322265625,532.7872314453125,525.8662109375,532.5678100585938,532.5678100585938,1040500
2014-12-29,530.7328491210938,534.0138549804688,528.559814453125,528.8779907226562,528.8779907226562,2278500
2014-12-30,526.6441040039062,529.6957397460938,525.6867065429688,528.9677124023438,528.9677124023438,876200
2014-12-31,529.7954711914062,531.1417236328125,524.3603515625,524.958740234375,524.958740234375,1368200
2015-01-02,527.5615844726562,529.8153686523438,522.6650390625,523.3731079101562,523.3731079101562,1447500
2015-01-05,521.8273315429688,522.8944091796875,511.6552429199219,512.4630126953125,512.4630126953125,2059800
2015-01-06,513.5899658203125,514.76171875,499.6781311035156,500.58563232421875,500.58563232421875,2899900
2015-01-07,505.6118469238281,505.85516357421875,498.2819519042969,499.7279968261719,499.7279968261719,2065000
2015-01-08,496.62652587890625,502.1014709472656,489.6556396484375,501.3036804199219,501.3036804199219,3353500
2015-01-09,503.37799072265625,503.53753662109375,493.4352722167969,494.8114929199219,494.8114929199219,2071300
2015-01-12,493.5848693847656,494.6180114746094,486.2250671386719,491.201416015625,491.201416015625,2326700
2015-01-13,497.47418212890625,501.60284423828125,491.0418395996094,494.82147216796875,494.82147216796875,2370400
2015-01-14,493.295654296875,501.8521728515625,491.6501770019531,499.4986267089844,499.4986267089844,2235700
2015-01-15,504.1857604980469,504.29547119140625,496.39715576171875,500.4161071777344,500.4161071777344,2715800
2015-01-16,498.6409912109375,506.798583984375,498.6310119628906,506.6888732910156,506.6888732910156,2298200
2015-01-20,509.60089111328125,511.0967712402344,504.6305236816406,505.5121154785156,505.5121154785156,2232000
2015-01-21,505.86114501953125,517.8582153320312,504.81402587890625,516.6216430664062,516.6216430664062,2268700
2015-01-22,520.0521850585938,534.8615112304688,518.277099609375,532.9268188476562,532.9268188476562,2676900
2015-01-23,534.12353515625,540.685546875,531.5406494140625,538.4716186523438,538.4716186523438,2281700
2015-01-26,537.0555419921875,537.5242309570312,528.2197875976562,533.74462890625,533.74462890625,1543700
2015-01-27,528.5189208984375,529.2469482421875,516.7711791992188,517.2100219726562,517.2100219726562,1904000
2015-01-28,521.3486328125,521.5580444335938,508.6036376953125,508.6036376953125,508.6036376953125,1683800
2015-01-29,509.60089111328125,509.6906433105469,499.8277282714844,509.2618103027344,509.2618103027344,4186300
2015-01-30,514.4475708007812,538.391845703125,514.1085205078125,533.0565185546875,533.0565185546875,5606300
2015-02-02,530.2741088867188,531.5406494140625,517.1302490234375,527.0330200195312,527.0330200195312,2849800
2015-02-03,526.5543212890625,531.9395751953125,521.8273315429688,527.7909545898438,527.7909545898438,2038600
2015-02-04,527.7909545898438,531.2135620117188,519.8427734375,521.3286743164062,521.3286743164062,1663600
2015-02-05,522.3558959960938,527.052978515625,520.6605224609375,526.135498046875,526.135498046875,1849700
2015-02-06,526.1953125,535.7291259765625,524.9686889648438,529.546142578125,529.546142578125,1763500
2015-02-09,526.5543212890625,530.5433959960938,524.5797729492188,526.3848266601562,526.3848266601562,1267700
2015-02-10,527.8507690429688,536.227783203125,525.477294921875,535.4698486328125,535.4698486328125,1749800
2015-02-11,533.8343505859375,536.9757080078125,531.9176025390625,534.5025024414062,534.5025024414062,1377700
2015-02-12,535.7789916992188,543.3283081054688,533.2090454101562,541.4434814453125,541.4434814453125,1620200
2015-02-13,541.8623046875,548.4043579101562,541.6429443359375,547.5068359375,547.5068359375,1900300
2015-02-17,545.332763671875,548.4940795898438,539.6085205078125,541.3536987304688,541.3536987304688,1616800
2015-02-18,539.9176635742188,543.9964599609375,536.038330078125,538.2222900390625,538.2222900390625,1453000
2015-02-19,536.5668334960938,541.6229858398438,536.5369262695312,541.3836059570312,541.3836059570312,989100
2015-02-20,541.6429443359375,542.26123046875,534.3330078125,537.474365234375,537.474365234375,1444300
2015-02-23,534.582275390625,534.97021484375,527.9605102539062,530.45361328125,530.45361328125,1457800
2015-02-24,528.5488891601562,535.3202514648438,526.8036499023438,534.6221923828125,534.6221923828125,1005000
2015-02-25,534.4327392578125,544.7244873046875,533.9789428710938,542.3809204101562,542.3809204101562,1825900
2015-02-26,541.7227172851562,554.6173095703125,540.0173950195312,553.9591064453125,553.9591064453125,2311500
2015-02-27,552.7224731445312,563.163818359375,551.3861694335938,556.87109375,556.87109375,2410100
2015-03-02,558.9953002929688,570.5834350585938,557.2201538085938,569.7756958007812,569.7756958007812,2129600
2015-03-03,568.8881225585938,573.8145751953125,564.9688720703125,572.0693969726562,572.0693969726562,1704700
2015-03-04,570.3042602539062,575.5299072265625,566.4547729492188,571.8001098632812,571.8001098632812,1876800
2015-03-05,573.4456176757812,576.3276977539062,571.8400268554688,573.7547607421875,573.7547607421875,1389600
2015-03-06,573.3059692382812,575.10107421875,565.2081909179688,566.1306762695312,566.1306762695312,1659100
2015-03-09,565.3079223632812,568.7086181640625,561.9920654296875,567.29248046875,567.29248046875,1062100
2015-03-10,562.705078125,563.303466796875,553.211181640625,553.4904174804688,553.4904174804688,1792300
2015-03-11,553.6200561523438,556.61181640625,549.1722412109375,549.6708984375,549.6708984375,1820700
2015-03-12,551.9945068359375,554.8466796875,548.9528198242188,553.989013671875,553.989013671875,1389600
2015-03-13,551.9844970703125,556.87109375,542.7299194335938,545.8214721679688,545.8214721679688,1703500
2015-03-16,549.4415283203125,555.3253784179688,544.5050659179688,552.9917602539062,552.9917602539062,1640900
2015-03-17,550.1994018554688,552.28369140625,546.4995727539062,549.331787109375,549.331787109375,1805500
2015-03-18,550.9872436523438,558.247314453125,545.5023193359375,557.9680786132812,557.9680786132812,2134500
2015-03-19,557.8583984375,559.2645263671875,554.622314453125,556.4622192382812,556.4622192382812,1197200
2015-03-20,560.1121826171875,560.1820068359375,557.5193481445312,558.8257446289062,558.8257446289062,2616800
2015-03-23,558.8955688476562,560.8202514648438,554.3081665039062,557.2799682617188,557.2799682617188,1643800
2015-03-24,561.0197143554688,573.0167846679688,559.6734008789062,568.6288452148438,568.6288452148438,2583200
2015-03-25,568.93798828125,570.6931762695312,557.210205078125,557.2550659179688,557.2550659179688,2152200
2015-03-26,556.0633544921875,557.3697509765625,549.142333984375,553.6499633789062,553.6499633789062,1572600
2015-03-27,551.4859008789062,553.7596435546875,546.6292114257812,546.8386840820312,546.8386840820312,1897400
2015-03-30,550.1096801757812,551.95458984375,546.6691284179688,550.5185546875,550.5185546875,1287500
2015-03-31,548.4940795898438,553.1912231445312,545.2230834960938,546.4995727539062,546.4995727539062,1588000
2015-04-01,547.0979614257812,549.6309814453125,538.0228881835938,541.074462890625,541.074462890625,1963000
2015-04-02,539.369140625,539.369140625,532.3853149414062,534.063720703125,534.063720703125,1716300
2015-04-06,530.7628173828125,536.9358520507812,528.1200561523438,535.2953491210938,535.2953491210938,1324400
2015-04-07,536.6067504882812,541.2041015625,534.532470703125,535.5496215820312,535.5496215820312,1302800
2015-04-08,536.9059448242188,542.3609619140625,536.9059448242188,540.1270751953125,540.1270751953125,1178500
2015-04-09,539.5486450195312,540.4661254882812,534.0238647460938,539.2993774414062,539.2993774414062,1557800
2015-04-10,540.8052368164062,540.8052368164062,535.8388671875,538.5314331054688,538.5314331054688,1409400
2015-04-13,536.9358520507812,542.5703735351562,535.8388671875,537.6937866210938,537.6937866210938,1645300
2015-04-14,534.78173828125,536.09814453125,526.6461181640625,528.9378051757812,528.9378051757812,2604100
2015-04-15,527.25244140625,533.2659301757812,521.7874145507812,531.0719604492188,531.0719604492188,2318800
2015-04-16,528.4491577148438,534.12353515625,528.159912109375,532.3384399414062,532.3384399414062,1299800
2015-04-17,527.2125244140625,528.3892822265625,519.58349609375,522.6151733398438,522.6151733398438,2151800
2015-04-20,524.160888671875,534.6221923828125,523.0639038085938,533.9141235351562,533.9141235351562,1679200
2015-04-21,536.038330078125,537.9131469726562,532.2138061523438,532.5079956054688,532.5079956054688,1844700
2015-04-22,532.9368286132812,539.5985107421875,530.2940673828125,537.8882446289062,537.8882446289062,1593500
2015-04-23,539.5187377929688,549.4514770507812,538.7508544921875,545.5023193359375,545.5023193359375,4184800
2015-04-24,564.550048828125,569.5762329101562,555.7242431640625,563.5128784179688,563.5128784179688,4932500
2015-04-27,563.3900146484375,565.9500122070312,553.2000122070312,555.3699951171875,555.3699951171875,2398000
2015-04-28,554.6400146484375,556.02001953125,550.3660278320312,553.6799926757812,553.6799926757812,1491000
2015-04-29,550.469970703125,553.6799926757812,546.905029296875,549.0800170898438,549.0800170898438,1698800
2015-04-30,547.8699951171875,548.5900268554688,535.0499877929688,537.3400268554688,537.3400268554688,2082200
2015-05-01,538.4299926757812,539.5399780273438,532.0999755859375,537.9000244140625,537.9000244140625,1768200
2015-05-04,538.530029296875,544.0700073242188,535.0599975585938,540.780029296875,540.780029296875,1308000
2015-05-05,538.2100219726562,539.739990234375,530.3909912109375,530.7999877929688,530.7999877929688,1383100
2015-05-06,531.239990234375,532.3800048828125,521.0850219726562,524.219970703125,524.219970703125,1567000
2015-05-07,523.989990234375,533.4600219726562,521.75,530.7000122070312,530.7000122070312,1546300
2015-05-08,536.6500244140625,541.1500244140625,525.0,538.219970703125,538.219970703125,1527600
2015-05-11,538.3699951171875,541.97998046875,535.4000244140625,535.7000122070312,535.7000122070312,905300
2015-05-12,531.5999755859375,533.208984375,525.260009765625,529.0399780273438,529.0399780273438,1634200
2015-05-13,530.5599975585938,534.322021484375,528.655029296875,529.6199951171875,529.6199951171875,1252300
2015-05-14,533.77001953125,539.0,532.4099731445312,538.4000244140625,538.4000244140625,1403900
2015-05-15,539.1799926757812,539.2739868164062,530.3800048828125,533.8499755859375,533.8499755859375,1971300
2015-05-18,532.010009765625,534.8200073242188,528.8499755859375,532.2999877929688,532.2999877929688,2003400
2015-05-19,533.97998046875,540.6599731445312,533.0399780273438,537.3599853515625,537.3599853515625,1966900
2015-05-20,538.489990234375,542.9199829101562,532.9719848632812,539.27001953125,539.27001953125,1430800
2015-05-21,537.9500122070312,543.8400268554688,535.97998046875,542.510009765625,542.510009765625,1462700
2015-05-22,540.1500244140625,544.1900024414062,539.510009765625,540.1099853515625,540.1099853515625,1176200
2015-05-26,538.1199951171875,539.0,529.8800048828125,532.3200073242188,532.3200073242188,2406500
2015-05-27,532.7999877929688,540.5499877929688,531.7100219726562,539.7899780273438,539.7899780273438,1525000
2015-05-28,538.010009765625,540.6099853515625,536.25,539.780029296875,539.780029296875,1029800
2015-05-29,537.3699951171875,538.6300048828125,531.4500122070312,532.1099853515625,532.1099853515625,2597400
2015-06-01,536.7899780273438,536.7899780273438,529.760009765625,533.989990234375,533.989990234375,1904300
2015-06-02,532.9299926757812,543.0,531.3300170898438,539.1799926757812,539.1799926757812,1939000
2015-06-03,539.9099731445312,543.5,537.1099853515625,540.3099975585938,540.3099975585938,1717000
2015-06-04,537.760009765625,540.5900268554688,534.3200073242188,536.7000122070312,536.7000122070312,1348300
2015-06-05,536.3499755859375,537.2000122070312,532.52001953125,533.3300170898438,533.3300170898438,1388200
2015-06-08,533.3099975585938,534.1199951171875,526.239990234375,526.8300170898438,526.8300170898438,1520600
2015-06-09,527.5599975585938,529.2000122070312,523.010009765625,526.6900024414062,526.6900024414062,1455300
2015-06-10,529.3599853515625,538.3599853515625,529.3499755859375,536.6900024414062,536.6900024414062,1815000
2015-06-11,538.4249877929688,538.97998046875,533.02001953125,534.6099853515625,534.6099853515625,1217500
2015-06-12,531.5999755859375,533.1199951171875,530.1599731445312,532.3300170898438,532.3300170898438,955800
2015-06-15,528.0,528.2999877929688,524.0,527.2000122070312,527.2000122070312,1632700
2015-06-16,528.4000244140625,529.6400146484375,525.5599975585938,528.1500244140625,528.1500244140625,1071800
2015-06-17,529.3699951171875,530.97998046875,525.0999755859375,529.260009765625,529.260009765625,1294200
2015-06-18,531.0,538.1500244140625,530.7899780273438,536.72998046875,536.72998046875,1833100
2015-06-19,537.2100219726562,538.25,533.010009765625,536.6900024414062,536.6900024414062,1893500
2015-06-22,539.5900268554688,543.739990234375,537.530029296875,538.1900024414062,538.1900024414062,1250300
2015-06-23,539.6400146484375,541.4990234375,535.25,540.47998046875,540.47998046875,1197500
2015-06-24,540.0,540.0,535.6599731445312,537.8400268554688,537.8400268554688,1286600
2015-06-25,538.8699951171875,540.9000244140625,535.22998046875,535.22998046875,535.22998046875,1335700
2015-06-26,537.260009765625,537.760009765625,531.3499755859375,531.6900024414062,531.6900024414062,2109100
2015-06-29,525.010009765625,528.6099853515625,520.5399780273438,521.52001953125,521.52001953125,1937800
2015-06-30,526.02001953125,526.25,520.5,520.510009765625,520.510009765625,2217200
2015-07-01,524.72998046875,525.6900024414062,518.22998046875,521.8400268554688,521.8400268554688,1961000
2015-07-02,521.0800170898438,524.6500244140625,521.0800170898438,523.4000244140625,523.4000244140625,1235900
2015-07-06,519.5,525.25,519.0,522.8599853515625,522.8599853515625,1280500
2015-07-07,523.1300048828125,526.1799926757812,515.1799926757812,525.02001953125,525.02001953125,1597200
2015-07-08,521.0499877929688,522.7340087890625,516.1099853515625,516.8300170898438,516.8300170898438,1296700
2015-07-09,523.1199951171875,523.77001953125,520.3499755859375,520.6799926757812,520.6799926757812,1842300
2015-07-10,526.2899780273438,532.5599975585938,525.5499877929688,530.1300048828125,530.1300048828125,1956700
2015-07-13,532.8800048828125,547.1099853515625,532.4000244140625,546.5499877929688,546.5499877929688,2206500
2015-07-14,546.760009765625,565.8489990234375,546.7100219726562,561.0999755859375,561.0999755859375,3244100
2015-07-15,560.1300048828125,566.5029907226562,556.7899780273438,560.219970703125,560.219970703125,1784600
2015-07-16,565.1199951171875,580.6799926757812,565.0,579.8499755859375,579.8499755859375,4768300
2015-07-17,649.0,674.468017578125,645.0,672.9299926757812,672.9299926757812,11164900
2015-07-20,659.239990234375,668.8800048828125,653.010009765625,663.02001953125,663.02001953125,5860900
2015-07-21,655.2100219726562,673.0,654.2999877929688,662.2999877929688,662.2999877929688,3377200
2015-07-22,660.8900146484375,678.6400146484375,659.0,662.0999755859375,662.0999755859375,3929300
2015-07-23,661.27001953125,663.6300048828125,641.0,644.280029296875,644.280029296875,3029100
2015-07-24,647.0,648.1699829101562,622.52001953125,623.5599975585938,623.5599975585938,3625700
2015-07-27,621.0,634.2999877929688,620.5,627.260009765625,627.260009765625,2675400
2015-07-28,632.8300170898438,632.8300170898438,623.3099975585938,628.0,628.0,1727300
2015-07-29,628.7999877929688,633.3599853515625,622.6500244140625,631.9299926757812,631.9299926757812,1575100
2015-07-30,630.0,635.219970703125,622.0499877929688,632.5900268554688,632.5900268554688,1474200
2015-07-31,631.3800048828125,632.9099731445312,625.5,625.6099853515625,625.6099853515625,1706100
2015-08-03,625.3400268554688,633.0560302734375,625.3400268554688,631.2100219726562,631.2100219726562,1304500
2015-08-04,628.4199829101562,634.8099975585938,627.1599731445312,629.25,629.25,1490900
2015-08-05,634.3300170898438,647.8599853515625,633.1599731445312,643.780029296875,643.780029296875,2334300
2015-08-06,645.0,645.3790283203125,632.25,642.6799926757812,642.6799926757812,1572600
2015-08-07,640.22998046875,642.6799926757812,629.7100219726562,635.2999877929688,635.2999877929688,1403900
2015-08-10,639.47998046875,643.4400024414062,631.2490234375,633.72998046875,633.72998046875,1809200
2015-08-11,669.2000122070312,674.9000244140625,654.27001953125,660.780029296875,660.780029296875,5029200
2015-08-12,663.0800170898438,665.0,652.2899780273438,659.5599975585938,659.5599975585938,2936700
2015-08-13,659.322021484375,664.5,651.6610107421875,656.4500122070312,656.4500122070312,1810700
2015-08-14,655.010009765625,659.85498046875,652.6599731445312,657.1199951171875,657.1199951171875,1072100
2015-08-17,656.7999877929688,661.3800048828125,651.239990234375,660.8699951171875,660.8699951171875,1051700
2015-08-18,661.9000244140625,664.0,653.4600219726562,656.1300048828125,656.1300048828125,1456100
2015-08-19,656.5999755859375,667.0,654.1900024414062,660.9000244140625,660.9000244140625,2134100
2015-08-20,655.4600219726562,662.989990234375,642.9000244140625,646.8300170898438,646.8300170898438,2855300
2015-08-21,639.780029296875,640.0499877929688,612.3300170898438,612.47998046875,612.47998046875,4265200
2015-08-24,573.0,599.3300170898438,565.0499877929688,589.6099853515625,589.6099853515625,5770300
2015-08-25,614.9099731445312,617.4500122070312,581.1099853515625,582.0599975585938,582.0599975585938,3538000
2015-08-26,610.3499755859375,631.7100219726562,599.0499877929688,628.6199951171875,628.6199951171875,4235900
2015-08-27,639.4000244140625,643.5900268554688,622.0,637.6099853515625,637.6099853515625,3491300
2015-08-28,632.8200073242188,636.8800048828125,624.5599975585938,630.3800048828125,630.3800048828125,1978700
2015-08-31,627.5399780273438,635.7999877929688,617.6799926757812,618.25,618.25,2176700
2015-09-01,602.3599853515625,612.8599853515625,594.0999755859375,597.7899780273438,597.7899780273438,3702100
2015-09-02,605.5900268554688,614.3400268554688,599.7100219726562,614.3400268554688,614.3400268554688,2575600
2015-09-03,617.0,619.7100219726562,602.8209838867188,606.25,606.25,1759600
2015-09-04,600.0,603.469970703125,595.25,600.7000122070312,600.7000122070312,2089000
2015-09-08,612.489990234375,616.3099975585938,604.1199951171875,614.6599731445312,614.6599731445312,2279500
2015-09-09,621.219970703125,626.52001953125,609.5999755859375,612.719970703125,612.719970703125,1702100
2015-09-10,613.0999755859375,624.1599731445312,611.4299926757812,621.3499755859375,621.3499755859375,1905300
2015-09-11,619.75,625.780029296875,617.4199829101562,625.77001953125,625.77001953125,1373500
2015-09-14,625.7000122070312,625.8599853515625,619.4299926757812,623.239990234375,623.239990234375,1702300
2015-09-15,626.7000122070312,638.7000122070312,623.780029296875,635.1400146484375,635.1400146484375,2084400
2015-09-16,635.469970703125,637.9500122070312,632.3200073242188,635.97998046875,635.97998046875,1286500
2015-09-17,637.7899780273438,650.9000244140625,635.02001953125,642.9000244140625,642.9000244140625,2274700
2015-09-18,636.7899780273438,640.0,627.02001953125,629.25,629.25,5133400
2015-09-21,634.4000244140625,636.489990234375,625.9400024414062,635.4400024414062,635.4400024414062,1788500
2015-09-22,627.0,627.5499877929688,615.4299926757812,622.6900024414062,622.6900024414062,2562900
2015-09-23,622.0499877929688,628.9299926757812,620.0,622.3599853515625,622.3599853515625,1470900
2015-09-24,616.6400146484375,627.3200073242188,612.4000244140625,625.7999877929688,625.7999877929688,2240100
2015-09-25,629.77001953125,629.77001953125,611.0,611.969970703125,611.969970703125,2174000
2015-09-28,610.3400268554688,614.60498046875,589.3800048828125,594.8900146484375,594.8900146484375,3127700
2015-09-29,597.280029296875,605.0,590.219970703125,594.969970703125,594.969970703125,2309500
2015-09-30,603.280029296875,608.760009765625,600.72998046875,608.4199829101562,608.4199829101562,2413400
2015-10-01,608.3699951171875,612.0900268554688,599.8499755859375,611.2899780273438,611.2899780273438,1867600
2015-10-02,607.2000122070312,627.3400268554688,603.1300048828125,626.9099731445312,626.9099731445312,2684800
2015-10-05,632.0,643.010009765625,627.0,641.469970703125,641.469970703125,1803600
2015-10-06,638.8400268554688,649.25,636.530029296875,645.4400024414062,645.4400024414062,2166300
2015-10-07,649.239990234375,650.6090087890625,632.1500244140625,642.3599853515625,642.3599853515625,2092700
2015-10-08,641.3599853515625,644.4500122070312,625.5599975585938,639.1599731445312,639.1599731445312,2182100
2015-10-09,640.0,645.989990234375,635.3179931640625,643.6099853515625,643.6099853515625,1648700
2015-10-12,642.0900268554688,648.5,639.010009765625,646.6699829101562,646.6699829101562,1275200
2015-10-13,643.1500244140625,657.81201171875,643.1500244140625,652.2999877929688,652.2999877929688,1807700
2015-10-14,653.2100219726562,659.3900146484375,648.8499755859375,651.1599731445312,651.1599731445312,1415500
2015-10-15,654.6599731445312,663.1300048828125,654.4600219726562,661.739990234375,661.739990234375,1885700
2015-10-16,664.1099853515625,664.969970703125,657.2000122070312,662.2000122070312,662.2000122070312,1611100
2015-10-19,661.1799926757812,666.8200073242188,659.5800170898438,666.0999755859375,666.0999755859375,1477300
2015-10-20,664.0399780273438,664.719970703125,644.1950073242188,650.280029296875,650.280029296875,2498200
2015-10-21,654.1500244140625,655.8699951171875,641.72998046875,642.6099853515625,642.6099853515625,1791100
2015-10-22,646.7000122070312,657.7999877929688,644.010009765625,651.7899780273438,651.7899780273438,4071000
2015-10-23,727.5,730.0,701.5,702.0,702.0,6653900
2015-10-26,701.5499877929688,719.1500244140625,701.260009765625,712.780029296875,712.780029296875,2716600
2015-10-27,707.3800048828125,713.6199951171875,704.5499877929688,708.489990234375,708.489990234375,2245800
2015-10-28,707.3300170898438,712.97998046875,703.0800170898438,712.9500122070312,712.9500122070312,2178900
2015-10-29,710.5,718.260009765625,710.010009765625,716.9199829101562,716.9199829101562,1456000
2015-10-30,715.72998046875,718.0,710.0499877929688,710.8099975585938,710.8099975585938,1908800
2015-11-02,711.0599975585938,721.6199951171875,705.8499755859375,721.1099853515625,721.1099853515625,1886300
2015-11-03,718.8599853515625,724.6500244140625,714.719970703125,722.1599731445312,722.1599731445312,1565400
2015-11-04,722.0,733.0999755859375,721.9000244140625,728.1099853515625,728.1099853515625,1706700
2015-11-05,729.469970703125,739.47998046875,729.469970703125,731.25,731.25,1861600
2015-11-06,731.5,735.4099731445312,727.010009765625,733.760009765625,733.760009765625,1511600
2015-11-09,730.2000122070312,734.7100219726562,719.4299926757812,724.8900146484375,724.8900146484375,2069800
2015-11-10,724.4000244140625,730.5900268554688,718.5,728.3200073242188,728.3200073242188,1608000
2015-11-11,732.4600219726562,741.0,730.22998046875,735.4000244140625,735.4000244140625,1366400
2015-11-12,731.0,737.7999877929688,728.64501953125,731.22998046875,731.22998046875,1837200
2015-11-13,729.1699829101562,731.1500244140625,716.72998046875,717.0,717.0,2075500
2015-11-16,715.5999755859375,729.489990234375,711.3300170898438,728.9600219726562,728.9600219726562,1905900
2015-11-17,729.2899780273438,731.844970703125,723.0269775390625,725.2999877929688,725.2999877929688,1510900
2015-11-18,727.5800170898438,741.4099731445312,727.0,740.0,740.0,1684300
2015-11-19,738.739990234375,742.0,737.4299926757812,738.4099731445312,738.4099731445312,1327100
2015-11-20,746.530029296875,757.9199829101562,743.0,756.5999755859375,756.5999755859375,2212300
2015-11-23,757.4500122070312,762.7080078125,751.8200073242188,755.97998046875,755.97998046875,1414500
2015-11-24,752.0,755.2789916992188,737.6300048828125,748.280029296875,748.280029296875,2333100
2015-11-25,748.1400146484375,752.0,746.0599975585938,748.1500244140625,748.1500244140625,1122100
2015-11-27,748.4600219726562,753.4099731445312,747.489990234375,750.260009765625,750.260009765625,838500
2015-11-30,748.8099975585938,754.9299926757812,741.27001953125,742.5999755859375,742.5999755859375,2097600
2015-12-01,747.1099853515625,768.9500122070312,746.7000122070312,767.0399780273438,767.0399780273438,2134600
2015-12-02,768.9000244140625,775.9550170898438,758.9600219726562,762.3800048828125,762.3800048828125,2230400
2015-12-03,766.010009765625,768.9949951171875,745.6300048828125,752.5399780273438,752.5399780273438,2590600
2015-12-04,753.0999755859375,768.489990234375,750.0,766.8099975585938,766.8099975585938,2757300
2015-12-07,767.77001953125,768.72998046875,755.0900268554688,763.25,763.25,1812300
2015-12-08,757.8900146484375,764.7999877929688,754.2000122070312,762.3699951171875,762.3699951171875,1829500
2015-12-09,759.1699829101562,764.22998046875,737.0009765625,751.6099853515625,751.6099853515625,2700000
2015-12-10,752.8499755859375,755.8499755859375,743.8300170898438,749.4600219726562,749.4600219726562,1988400
2015-12-11,741.1599731445312,745.7100219726562,736.75,738.8699951171875,738.8699951171875,2224400
2015-12-14,741.7899780273438,748.72998046875,724.1699829101562,747.77001953125,747.77001953125,2412500
2015-12-15,753.0,758.0800170898438,743.010009765625,743.4000244140625,743.4000244140625,2666200
2015-12-16,750.0,760.5900268554688,739.4349975585938,758.0900268554688,758.0900268554688,1993300
2015-12-17,762.4199829101562,762.6799926757812,749.0,749.4299926757812,749.4299926757812,1553400
2015-12-18,746.510009765625,754.1300048828125,738.1500244140625,739.3099975585938,739.3099975585938,3148700
2015-12-21,746.1300048828125,750.0,740.0,747.77001953125,747.77001953125,1525700
2015-12-22,751.6500244140625,754.8499755859375,745.530029296875,750.0,750.0,1365400
2015-12-23,753.469970703125,754.2100219726562,744.0,750.3099975585938,750.3099975585938,1565900
2015-12-24,749.5499877929688,751.3499755859375,746.6199951171875,748.4000244140625,748.4000244140625,527200
2015-12-28,752.9199829101562,762.989990234375,749.52001953125,762.510009765625,762.510009765625,1515300
2015-12-29,766.6900024414062,779.97998046875,766.4299926757812,776.5999755859375,776.5999755859375,1765000
2015-12-30,776.5999755859375,777.5999755859375,766.9000244140625,771.0,771.0,1293300
2015-12-31,769.5,769.5,758.3400268554688,758.8800048828125,758.8800048828125,1500900
2016-01-04,743.0,744.0599975585938,731.2579956054688,741.8400268554688,741.8400268554688,3272800
2016-01-05,746.4500122070312,752.0,738.6400146484375,742.5800170898438,742.5800170898438,1950700
2016-01-06,730.0,747.1799926757812,728.9199829101562,743.6199951171875,743.6199951171875,1947000
2016-01-07,730.3099975585938,738.5,719.0599975585938,726.3900146484375,726.3900146484375,2963700
2016-01-08,731.4500122070312,733.22998046875,713.0,714.469970703125,714.469970703125,2450900
2016-01-11,716.6099853515625,718.85498046875,703.5399780273438,716.030029296875,716.030029296875,2090600
2016-01-12,721.6799926757812,728.75,717.3170166015625,726.0700073242188,726.0700073242188,2024500
2016-01-13,730.8499755859375,734.739990234375,698.6099853515625,700.5599975585938,700.5599975585938,2501700
2016-01-14,705.3800048828125,721.9249877929688,689.0999755859375,714.719970703125,714.719970703125,2225800
2016-01-15,692.2899780273438,706.739990234375,685.3699951171875,694.4500122070312,694.4500122070312,3608100
2016-01-19,703.2999877929688,709.97998046875,693.4099731445312,701.7899780273438,701.7899780273438,2268100
2016-01-20,688.6099853515625,706.8499755859375,673.260009765625,698.4500122070312,698.4500122070312,3445000
2016-01-21,702.1799926757812,719.1900024414062,694.4600219726562,706.5900268554688,706.5900268554688,2412200
2016-01-22,723.5999755859375,728.1300048828125,720.1209716796875,725.25,725.25,2011800
2016-01-25,723.5800170898438,729.6799926757812,710.010009765625,711.6699829101562,711.6699829101562,1711700
2016-01-26,713.8499755859375,718.280029296875,706.47998046875,713.0399780273438,713.0399780273438,1331700
2016-01-27,713.6699829101562,718.2349853515625,694.3900146484375,699.989990234375,699.989990234375,2194200
2016-01-28,722.219970703125,733.6900024414062,712.3499755859375,730.9600219726562,730.9600219726562,2676400
2016-01-29,731.530029296875,744.989990234375,726.7999877929688,742.9500122070312,742.9500122070312,3474300
2016-02-01,750.4600219726562,757.8599853515625,743.27001953125,752.0,752.0,5139200
2016-02-02,784.5,789.8699951171875,764.6500244140625,764.6500244140625,764.6500244140625,6348100
2016-02-03,770.219970703125,774.5,720.5,726.9500122070312,726.9500122070312,6171000
2016-02-04,722.8099975585938,727.0,701.8599853515625,708.010009765625,708.010009765625,5168700
2016-02-05,703.8699951171875,703.989990234375,680.1500244140625,683.5700073242188,683.5700073242188,5105700
2016-02-08,667.8499755859375,684.030029296875,663.0599975585938,682.739990234375,682.739990234375,4247400
2016-02-09,672.3200073242188,699.9000244140625,668.77001953125,678.1099853515625,678.1099853515625,3608900
2016-02-10,686.8599853515625,701.3099975585938,682.1300048828125,684.1199951171875,684.1199951171875,2638000
2016-02-11,675.0,689.3499755859375,668.8679809570312,683.1099853515625,683.1099853515625,3024000
2016-02-12,690.260009765625,693.75,678.5999755859375,682.4000244140625,682.4000244140625,2141400
2016-02-16,692.97998046875,698.0,685.0499877929688,691.0,691.0,2520000
2016-02-17,698.0900268554688,709.75,691.3800048828125,708.4000244140625,708.4000244140625,2492600
2016-02-18,710.0,712.3499755859375,696.030029296875,697.3499755859375,697.3499755859375,1883200
2016-02-19,695.030029296875,703.0809936523438,694.0499877929688,700.9099731445312,700.9099731445312,1589300
2016-02-22,707.4500122070312,713.239990234375,702.510009765625,706.4600219726562,706.4600219726562,1949800
2016-02-23,701.4500122070312,708.4000244140625,693.5800170898438,695.8499755859375,695.8499755859375,2009300
2016-02-24,688.9199829101562,700.0,680.780029296875,699.5599975585938,699.5599975585938,1963600
2016-02-25,700.010009765625,705.97998046875,690.5850219726562,705.75,705.75,1642200
2016-02-26,708.5800170898438,713.4299926757812,700.8599853515625,705.0700073242188,705.0700073242188,2243500
2016-02-29,700.3200073242188,710.8900146484375,697.6799926757812,697.77001953125,697.77001953125,2481100
2016-03-01,703.6199951171875,718.8099975585938,699.77001953125,718.8099975585938,718.8099975585938,2151400
2016-03-02,719.0,720.0,712.0,718.8499755859375,718.8499755859375,1629000
2016-03-03,718.6799926757812,719.4500122070312,706.02001953125,712.4199829101562,712.4199829101562,1958000
2016-03-04,714.989990234375,716.489990234375,706.02001953125,710.8900146484375,710.8900146484375,1972100
2016-03-07,706.9000244140625,708.0910034179688,686.9000244140625,695.1599731445312,695.1599731445312,2985100
2016-03-08,688.5900268554688,703.7899780273438,685.3400268554688,693.969970703125,693.969970703125,2076300
2016-03-09,698.469970703125,705.6799926757812,694.0,705.239990234375,705.239990234375,1421500
2016-03-10,708.1199951171875,716.4400024414062,703.3599853515625,712.8200073242188,712.8200073242188,2833500
2016-03-11,720.0,726.9199829101562,717.125,726.8200073242188,726.8200073242188,1970800
2016-03-14,726.8099975585938,735.5,725.1500244140625,730.489990234375,730.489990234375,1718300
2016-03-15,726.9199829101562,732.2899780273438,724.77001953125,728.3300170898438,728.3300170898438,1721000
2016-03-16,726.3699951171875,737.469970703125,724.510009765625,736.0900268554688,736.0900268554688,1624400
2016-03-17,736.4500122070312,743.0700073242188,736.0,737.780029296875,737.780029296875,1860800
2016-03-18,741.8599853515625,742.0,731.8300170898438,737.5999755859375,737.5999755859375,2980700
2016-03-21,736.5,742.5,733.5159912109375,742.0900268554688,742.0900268554688,1836500
2016-03-22,737.4600219726562,745.0,737.4600219726562,740.75,740.75,1269700
2016-03-23,742.3599853515625,745.719970703125,736.1500244140625,738.0599975585938,738.0599975585938,1432100
2016-03-24,732.010009765625,737.7470092773438,731.0,735.2999877929688,735.2999877929688,1594900
2016-03-28,736.7899780273438,738.989990234375,732.5,733.530029296875,733.530029296875,1301300
2016-03-29,734.5900268554688,747.25,728.760009765625,744.77001953125,744.77001953125,1903800
2016-03-30,750.0999755859375,757.8800048828125,748.739990234375,750.530029296875,750.530029296875,1782400
2016-03-31,749.25,750.8499755859375,740.9400024414062,744.9500122070312,744.9500122070312,1718800
2016-04-01,738.5999755859375,750.3400268554688,737.0,749.9099731445312,749.9099731445312,1576700
2016-04-04,750.0599975585938,752.7999877929688,742.4299926757812,745.2899780273438,745.2899780273438,1134200
2016-04-05,738.0,742.7999877929688,735.3699951171875,737.7999877929688,737.7999877929688,1132300
2016-04-06,735.77001953125,746.239990234375,735.5599975585938,745.6900024414062,745.6900024414062,1053700
2016-04-07,745.3699951171875,747.0,736.280029296875,740.280029296875,740.280029296875,1453200
2016-04-08,743.969970703125,745.4500122070312,735.5499877929688,739.1500244140625,739.1500244140625,1290800
2016-04-11,743.02001953125,745.0,736.0499877929688,736.0999755859375,736.0999755859375,1220100
2016-04-12,738.0,743.8300170898438,731.010009765625,743.0900268554688,743.0900268554688,1353000
2016-04-13,749.1599731445312,754.3800048828125,744.260986328125,751.719970703125,751.719970703125,1707100
2016-04-14,754.010009765625,757.3099975585938,752.7050170898438,753.2000122070312,753.2000122070312,1135300
2016-04-15,753.97998046875,761.0,752.6939697265625,759.0,759.0,1809300
2016-04-18,760.4600219726562,768.0499877929688,757.2999877929688,766.6099853515625,766.6099853515625,1558800
2016-04-19,769.510009765625,769.9000244140625,749.3300170898438,753.9299926757812,753.9299926757812,2030500
2016-04-20,758.0,758.1320190429688,750.010009765625,752.6699829101562,752.6699829101562,1529200
2016-04-21,755.3800048828125,760.4500122070312,749.5499877929688,759.1400146484375,759.1400146484375,3060500
2016-04-22,726.2999877929688,736.1199951171875,713.6099853515625,718.77001953125,718.77001953125,5951900
2016-04-25,716.0999755859375,723.9299926757812,715.5900268554688,723.1500244140625,723.1500244140625,1959200
2016-04-26,725.4199829101562,725.7659912109375,703.0260009765625,708.1400146484375,708.1400146484375,2744600
2016-04-27,707.2899780273438,708.97998046875,692.364990234375,705.8400268554688,705.8400268554688,3098600
2016-04-28,708.260009765625,714.1699829101562,689.5499877929688,691.02001953125,691.02001953125,2867300
2016-04-29,690.7000122070312,697.6199951171875,689.0,693.010009765625,693.010009765625,2487700
2016-05-02,697.6300048828125,700.6400146484375,691.0,698.2100219726562,698.2100219726562,1645300
2016-05-03,696.8699951171875,697.8400268554688,692.0,692.3599853515625,692.3599853515625,1543800
2016-05-04,690.489990234375,699.75,689.010009765625,695.7000122070312,695.7000122070312,1693500
2016-05-05,697.7000122070312,702.3200073242188,695.719970703125,701.4299926757812,701.4299926757812,1683500
2016-05-06,698.3800048828125,711.8599853515625,698.1069946289062,711.1199951171875,711.1199951171875,1829300
2016-05-09,712.0,718.7100219726562,710.0,712.9000244140625,712.9000244140625,1510300
2016-05-10,716.75,723.5,715.719970703125,723.1799926757812,723.1799926757812,1569600
2016-05-11,723.4099731445312,724.47998046875,712.7999877929688,715.2899780273438,715.2899780273438,1692100
2016-05-12,717.0599975585938,719.25,709.0,713.3099975585938,713.3099975585938,1360700
2016-05-13,711.9299926757812,716.6619873046875,709.260009765625,710.8300170898438,710.8300170898438,1314500
2016-05-16,709.1300048828125,718.47998046875,705.6500244140625,716.489990234375,716.489990234375,1317100
2016-05-17,715.989990234375,721.52001953125,704.1099853515625,706.22998046875,706.22998046875,2001200
2016-05-18,703.6699829101562,711.5999755859375,700.6300048828125,706.6300048828125,706.6300048828125,1766800
2016-05-19,702.3599853515625,706.0,696.7999877929688,700.3200073242188,700.3200073242188,1670200
2016-05-20,701.6199951171875,714.5800170898438,700.52001953125,709.739990234375,709.739990234375,1828400
2016-05-23,706.530029296875,711.47802734375,704.1799926757812,704.239990234375,704.239990234375,1330700
2016-05-24,706.8599853515625,720.969970703125,706.8599853515625,720.0900268554688,720.0900268554688,1929500
2016-05-25,720.760009765625,727.510009765625,719.7050170898438,725.27001953125,725.27001953125,1629200
2016-05-26,722.8699951171875,728.3300170898438,720.280029296875,724.1199951171875,724.1199951171875,1576300
2016-05-27,724.010009765625,733.9359741210938,724.0,732.6599731445312,732.6599731445312,1975000
2016-05-31,731.739990234375,739.72998046875,731.260009765625,735.719970703125,735.719970703125,2129500
2016-06-01,734.530029296875,737.2100219726562,730.6599731445312,734.1500244140625,734.1500244140625,1253600
2016-06-02,732.5,733.02001953125,724.1699829101562,730.4000244140625,730.4000244140625,1341800
2016-06-03,729.27001953125,729.489990234375,720.5599975585938,722.3400268554688,722.3400268554688,1226300
2016-06-06,724.9099731445312,724.9099731445312,714.6099853515625,716.5499877929688,716.5499877929688,1565300
2016-06-07,719.8400268554688,721.97998046875,716.5499877929688,716.6500244140625,716.6500244140625,1336200
2016-06-08,723.9600219726562,728.5700073242188,720.5800170898438,728.280029296875,728.280029296875,1583700
2016-06-09,722.8699951171875,729.5399780273438,722.3359985351562,728.5800170898438,728.5800170898438,988900
2016-06-10,719.469970703125,725.8900146484375,716.4299926757812,719.4099731445312,719.4099731445312,1216400
2016-06-13,716.510009765625,725.4400024414062,716.510009765625,718.3599853515625,718.3599853515625,1258900
2016-06-14,716.47998046875,722.469970703125,713.1199951171875,718.27001953125,718.27001953125,1306100
2016-06-15,719.0,722.97998046875,717.3099975585938,718.9199829101562,718.9199829101562,1214500
2016-06-16,714.9099731445312,716.6500244140625,703.260009765625,710.3599853515625,710.3599853515625,1982500
2016-06-17,708.6500244140625,708.8200073242188,688.4520263671875,691.719970703125,691.719970703125,3402400
2016-06-20,698.77001953125,702.47998046875,693.4099731445312,693.7100219726562,693.7100219726562,2082500
2016-06-21,698.4000244140625,702.77001953125,692.010009765625,695.9400024414062,695.9400024414062,1465600
2016-06-22,699.0599975585938,700.8599853515625,693.0819702148438,697.4600219726562,697.4600219726562,1184300
2016-06-23,697.4500122070312,701.9500122070312,687.0,701.8699951171875,701.8699951171875,2171400
2016-06-24,675.1699829101562,689.4000244140625,673.4500122070312,675.219970703125,675.219970703125,4449000
2016-06-27,671.0,672.2999877929688,663.2839965820312,668.260009765625,668.260009765625,2629000
2016-06-28,678.969970703125,680.3300170898438,673.0,680.0399780273438,680.0399780273438,2173800
2016-06-29,683.0,687.4290161132812,681.4099731445312,684.1099853515625,684.1099853515625,1932600
2016-06-30,685.469970703125,692.3200073242188,683.6500244140625,692.0999755859375,692.0999755859375,1597700
2016-07-01,692.2000122070312,700.6500244140625,692.1300048828125,699.2100219726562,699.2100219726562,1344700
2016-07-05,696.0599975585938,696.9400024414062,688.8800048828125,694.9500122070312,694.9500122070312,1462600
2016-07-06,689.97998046875,701.6799926757812,689.0900268554688,697.77001953125,697.77001953125,1411900
2016-07-07,698.0800170898438,698.2000122070312,688.2150268554688,695.3599853515625,695.3599853515625,1304200
2016-07-08,699.5,705.7100219726562,696.4349975585938,705.6300048828125,705.6300048828125,1575200
2016-07-11,708.0499877929688,716.510009765625,707.239990234375,715.0900268554688,715.0900268554688,1111800
2016-07-12,719.1199951171875,722.9400024414062,715.9099731445312,720.6400146484375,720.6400146484375,1336900
2016-07-13,723.6199951171875,724.0,716.8499755859375,716.97998046875,716.97998046875,935900
2016-07-14,721.5800170898438,722.2100219726562,718.030029296875,720.9500122070312,720.9500122070312,950200
2016-07-15,725.72998046875,725.739990234375,719.0549926757812,719.8499755859375,719.8499755859375,1279300
2016-07-18,722.7100219726562,736.1300048828125,721.1900024414062,733.780029296875,733.780029296875,1295500
2016-07-19,729.8900146484375,736.989990234375,729.0,736.9600219726562,736.9600219726562,1227500
2016-07-20,737.3300170898438,742.1300048828125,737.0999755859375,741.1900024414062,741.1900024414062,1289700
2016-07-21,740.3599853515625,741.6900024414062,735.8309936523438,738.6300048828125,738.6300048828125,1026300
2016-07-22,741.8599853515625,743.239990234375,736.5599975585938,742.739990234375,742.739990234375,1259800
2016-07-25,740.6699829101562,742.6099853515625,737.5,739.77001953125,739.77001953125,1032400
2016-07-26,739.0399780273438,741.6900024414062,734.27001953125,738.4199829101562,738.4199829101562,1186700
2016-07-27,738.280029296875,744.4600219726562,737.0,741.77001953125,741.77001953125,1512500
2016-07-28,747.0399780273438,748.6500244140625,739.2999877929688,745.9099731445312,745.9099731445312,3530200
2016-07-29,772.7100219726562,778.5499877929688,766.77001953125,768.7899780273438,768.7899780273438,3841500
2016-08-01,761.0900268554688,780.4299926757812,761.0900268554688,772.8800048828125,772.8800048828125,2700500
2016-08-02,768.6900024414062,775.8400268554688,767.8499755859375,771.0700073242188,771.0700073242188,1784500
2016-08-03,767.1799926757812,773.2100219726562,766.8200073242188,773.1799926757812,773.1799926757812,1287400
2016-08-04,772.219970703125,774.0700073242188,768.7949829101562,771.6099853515625,771.6099853515625,1140300
2016-08-05,773.780029296875,783.0399780273438,772.3400268554688,782.219970703125,782.219970703125,1801200
2016-08-08,782.0,782.6300048828125,778.0910034179688,781.760009765625,781.760009765625,1107900
2016-08-09,781.0999755859375,788.9400024414062,780.5700073242188,784.260009765625,784.260009765625,1318900
2016-08-10,783.75,786.81201171875,782.7780151367188,784.6799926757812,784.6799926757812,786400
2016-08-11,785.0,789.75,782.969970703125,784.8499755859375,784.8499755859375,975100
2016-08-12,781.5,783.39501953125,780.4000244140625,783.219970703125,783.219970703125,740500
2016-08-15,783.75,787.489990234375,780.1099853515625,782.4400024414062,782.4400024414062,938200
2016-08-16,780.2999877929688,780.97998046875,773.4439697265625,777.1400146484375,777.1400146484375,1028000
2016-08-17,777.3200073242188,780.8099975585938,773.530029296875,779.9099731445312,779.9099731445312,924200
2016-08-18,780.010009765625,782.8599853515625,777.0,777.5,777.5,719400
2016-08-19,775.0,777.0999755859375,773.1300048828125,775.4199829101562,775.4199829101562,861500
2016-08-22,773.27001953125,774.5399780273438,770.0499877929688,772.1500244140625,772.1500244140625,951400
2016-08-23,775.47998046875,776.4400024414062,771.7849731445312,772.0800170898438,772.0800170898438,928200
2016-08-24,770.5800170898438,774.5,767.0700073242188,769.6400146484375,769.6400146484375,1072000
2016-08-25,767.0,771.8900146484375,763.1849975585938,769.4099731445312,769.4099731445312,926900
2016-08-26,769.0,776.0800170898438,765.8499755859375,769.5399780273438,769.5399780273438,1166700
2016-08-29,768.739990234375,774.989990234375,766.614990234375,772.1500244140625,772.1500244140625,847600
2016-08-30,769.3300170898438,774.4660034179688,766.8400268554688,769.0900268554688,769.0900268554688,1130000
2016-08-31,767.010009765625,769.0900268554688,765.3800048828125,767.0499877929688,767.0499877929688,1248600
2016-09-01,769.25,771.02001953125,764.2999877929688,768.780029296875,768.780029296875,925100
2016-09-02,773.010009765625,773.9199829101562,768.4099731445312,771.4600219726562,771.4600219726562,1072700
2016-09-06,773.4500122070312,782.0,771.0,780.0800170898438,780.0800170898438,1442800
2016-09-07,780.0,782.72998046875,776.2000122070312,780.3499755859375,780.3499755859375,893700
2016-09-08,778.5900268554688,780.3499755859375,773.5800170898438,775.3200073242188,775.3200073242188,1270300
2016-09-09,770.0999755859375,773.2449951171875,759.6599731445312,759.6599731445312,759.6599731445312,1885500
2016-09-12,755.1300048828125,770.2899780273438,754.0,769.02001953125,769.02001953125,1311000
2016-09-13,764.47998046875,766.219970703125,755.7999877929688,759.6900024414062,759.6900024414062,1395000
2016-09-14,759.6099853515625,767.6799926757812,759.1099853515625,762.489990234375,762.489990234375,1087400
2016-09-15,762.8900146484375,773.7999877929688,759.9600219726562,771.760009765625,771.760009765625,1305100
2016-09-16,769.75,769.75,764.6599731445312,768.8800048828125,768.8800048828125,2049300
2016-09-19,772.4199829101562,774.0,764.4409790039062,765.7000122070312,765.7000122070312,1172800
2016-09-20,769.0,773.3300170898438,768.530029296875,771.4099731445312,771.4099731445312,978600
2016-09-21,772.6599731445312,777.1599731445312,768.301025390625,776.219970703125,776.219970703125,1167800
2016-09-22,780.0,789.8499755859375,778.4400024414062,787.2100219726562,787.2100219726562,1486200
2016-09-23,786.5900268554688,788.9299926757812,784.1500244140625,786.9000244140625,786.9000244140625,1411900
2016-09-26,782.739990234375,782.739990234375,773.0700073242188,774.2100219726562,774.2100219726562,1533200
2016-09-27,775.5,785.989990234375,774.3079833984375,783.010009765625,783.010009765625,1153200
2016-09-28,777.8499755859375,781.8099975585938,774.969970703125,781.5599975585938,781.5599975585938,1109800
2016-09-29,781.4400024414062,785.7999877929688,774.2319946289062,775.010009765625,775.010009765625,1314700
2016-09-30,776.3300170898438,780.9400024414062,774.0900268554688,777.2899780273438,777.2899780273438,1585300
2016-10-03,774.25,776.0650024414062,769.5,772.5599975585938,772.5599975585938,1278800
2016-10-04,776.030029296875,778.7100219726562,772.8900146484375,776.4299926757812,776.4299926757812,1201400
2016-10-05,779.3099975585938,782.0700073242188,775.6500244140625,776.469970703125,776.469970703125,1461200
2016-10-06,779.0,780.47998046875,775.5399780273438,776.8599853515625,776.8599853515625,1070700
2016-10-07,779.6599731445312,779.6599731445312,770.75,775.0800170898438,775.0800170898438,933200
2016-10-10,777.7100219726562,789.3800048828125,775.8699951171875,785.9400024414062,785.9400024414062,1174900
2016-10-11,786.6599731445312,792.280029296875,780.5800170898438,783.0700073242188,783.0700073242188,1372500
2016-10-12,783.760009765625,788.1300048828125,782.0599975585938,786.1400146484375,786.1400146484375,937400
2016-10-13,781.219970703125,781.219970703125,773.0,778.1900024414062,778.1900024414062,1365300
2016-10-14,781.6500244140625,783.9500122070312,776.0,778.530029296875,778.530029296875,852500
2016-10-17,779.7999877929688,785.8499755859375,777.5,779.9600219726562,779.9600219726562,1093000
2016-10-18,787.8499755859375,801.6099853515625,785.5650024414062,795.260009765625,795.260009765625,2056900
2016-10-19,798.239990234375,804.5999755859375,798.030029296875,801.5,801.5,1766800
2016-10-20,803.2999877929688,803.969970703125,796.030029296875,796.969970703125,796.969970703125,1757500
2016-10-21,795.0,799.5,794.0,799.3699951171875,799.3699951171875,1266200
2016-10-24,804.9000244140625,815.1799926757812,804.8200073242188,813.1099853515625,813.1099853515625,1697500
2016-10-25,816.6799926757812,816.6799926757812,805.1400146484375,807.6699829101562,807.6699829101562,1576400
2016-10-26,806.3400268554688,806.97998046875,796.3200073242188,799.0700073242188,799.0700073242188,1647700
2016-10-27,801.0,803.489990234375,791.5,795.3499755859375,795.3499755859375,2749200
2016-10-28,808.3499755859375,815.489990234375,793.5900268554688,795.3699951171875,795.3699951171875,4269900
2016-10-31,795.469970703125,796.8599853515625,784.0,784.5399780273438,784.5399780273438,2427300
2016-11-01,782.8900146484375,789.489990234375,775.5399780273438,783.6099853515625,783.6099853515625,2406400
2016-11-02,778.2000122070312,781.6500244140625,763.4500122070312,768.7000122070312,768.7000122070312,1872400
2016-11-03,767.25,769.9500122070312,759.030029296875,762.1300048828125,762.1300048828125,1943200
2016-11-04,750.6599731445312,770.3599853515625,750.5609741210938,762.02001953125,762.02001953125,2134800
2016-11-07,774.5,785.1900024414062,772.5499877929688,782.52001953125,782.52001953125,1585100
2016-11-08,783.4000244140625,795.6329956054688,780.1900024414062,790.510009765625,790.510009765625,1366900
2016-11-09,779.9400024414062,791.2269897460938,771.6699829101562,785.3099975585938,785.3099975585938,2607100
2016-11-10,791.1699829101562,791.1699829101562,752.1799926757812,762.5599975585938,762.5599975585938,4745200
2016-11-11,756.5399780273438,760.780029296875,750.3800048828125,754.02001953125,754.02001953125,2431800
2016-11-14,755.5999755859375,757.8499755859375,727.5399780273438,736.0800170898438,736.0800170898438,3654400
2016-11-15,746.969970703125,764.416015625,746.969970703125,758.489990234375,758.489990234375,2384000
2016-11-16,755.2000122070312,766.3599853515625,750.510009765625,764.47998046875,764.47998046875,1472600
2016-11-17,766.9199829101562,772.7000122070312,764.22998046875,771.22998046875,771.22998046875,1304000
2016-11-18,771.3699951171875,775.0,760.0,760.5399780273438,760.5399780273438,1547100
2016-11-21,762.6099853515625,769.7000122070312,760.5999755859375,769.2000122070312,769.2000122070312,1330600
2016-11-22,772.6300048828125,776.9600219726562,767.0,768.27001953125,768.27001953125,1593100
2016-11-23,767.72998046875,768.2830200195312,755.25,760.989990234375,760.989990234375,1478400
2016-11-25,764.260009765625,765.0,760.52001953125,761.6799926757812,761.6799926757812,587400
2016-11-28,760.0,779.530029296875,759.7999877929688,768.239990234375,768.239990234375,2188200
2016-11-29,771.530029296875,778.5,768.239990234375,770.8400268554688,770.8400268554688,1616600
2016-11-30,770.0700073242188,772.989990234375,754.8300170898438,758.0399780273438,758.0399780273438,2392900
2016-12-01,757.4400024414062,759.8499755859375,737.0250244140625,747.9199829101562,747.9199829101562,3017900
2016-12-02,744.5900268554688,754.0,743.0999755859375,750.5,750.5,1452500
2016-12-05,757.7100219726562,763.9000244140625,752.9000244140625,762.52001953125,762.52001953125,1394200
2016-12-06,764.72998046875,768.8300170898438,757.3400268554688,759.1099853515625,759.1099853515625,1690700
2016-12-07,761.0,771.3599853515625,755.7999877929688,771.1900024414062,771.1900024414062,1761000
2016-12-08,772.47998046875,778.1799926757812,767.22998046875,776.4199829101562,776.4199829101562,1488100
2016-12-09,780.0,789.4299926757812,779.02099609375,789.2899780273438,789.2899780273438,1821900
2016-12-12,785.0399780273438,791.25,784.35498046875,789.27001953125,789.27001953125,2104100
2016-12-13,793.9000244140625,804.3800048828125,793.3400268554688,796.0999755859375,796.0999755859375,2145200
2016-12-14,797.4000244140625,804.0,794.010009765625,797.0700073242188,797.0700073242188,1704200
2016-12-15,797.3400268554688,803.0,792.9199829101562,797.8499755859375,797.8499755859375,1626500
2016-12-16,800.4000244140625,800.8560180664062,790.2899780273438,790.7999877929688,790.7999877929688,2443800
2016-12-19,790.219970703125,797.6599731445312,786.27001953125,794.2000122070312,794.2000122070312,1232100
2016-12-20,796.760009765625,798.6500244140625,793.27001953125,796.4199829101562,796.4199829101562,951000
2016-12-21,795.8400268554688,796.676025390625,787.0999755859375,794.5599975585938,794.5599975585938,1211300
2016-12-22,792.3599853515625,793.3200073242188,788.5800170898438,791.260009765625,791.260009765625,972200
2016-12-23,790.9000244140625,792.739990234375,787.280029296875,789.9099731445312,789.9099731445312,623400
2016-12-27,790.6799926757812,797.8599853515625,787.656982421875,791.5499877929688,791.5499877929688,789100
2016-12-28,793.7000122070312,794.22998046875,783.2000122070312,785.0499877929688,785.0499877929688,1153800
2016-12-29,783.3300170898438,785.9299926757812,778.9199829101562,782.7899780273438,782.7899780273438,744300
2016-12-30,782.75,782.780029296875,770.4099731445312,771.8200073242188,771.8200073242188,1770000
2017-01-03,778.8099975585938,789.6300048828125,775.7999877929688,786.1400146484375,786.1400146484375,1657300
2017-01-04,788.3599853515625,791.3400268554688,783.1599731445312,786.9000244140625,786.9000244140625,1073000
2017-01-05,786.0800170898438,794.47998046875,785.02001953125,794.02001953125,794.02001953125,1335200
2017-01-06,795.260009765625,807.9000244140625,792.2039794921875,806.1500244140625,806.1500244140625,1640200
2017-01-09,806.4000244140625,809.9660034179688,802.8300170898438,806.6500244140625,806.6500244140625,1274600
2017-01-10,807.8599853515625,809.1300048828125,803.510009765625,804.7899780273438,804.7899780273438,1176800
2017-01-11,805.0,808.1500244140625,801.3699951171875,807.9099731445312,807.9099731445312,1065900
2017-01-12,807.1400146484375,807.3900146484375,799.1699829101562,806.3599853515625,806.3599853515625,1353100
2017-01-13,807.47998046875,811.2239990234375,806.6900024414062,807.8800048828125,807.8800048828125,1099200
2017-01-17,807.0800170898438,807.1400146484375,800.3699951171875,804.6099853515625,804.6099853515625,1362100
2017-01-18,805.8099975585938,806.2050170898438,800.989990234375,806.0700073242188,806.0700073242188,1294400
2017-01-19,805.1199951171875,809.47998046875,801.7999877929688,802.1749877929688,802.1749877929688,919300
2017-01-20,806.9099731445312,806.9099731445312,801.6900024414062,805.02001953125,805.02001953125,1670000
2017-01-23,807.25,820.8699951171875,803.739990234375,819.3099975585938,819.3099975585938,1963600
2017-01-24,822.2999877929688,825.9000244140625,817.8209838867188,823.8699951171875,823.8699951171875,1474000
2017-01-25,829.6199951171875,835.77001953125,825.0599975585938,835.6699829101562,835.6699829101562,1494500
2017-01-26,837.8099975585938,838.0,827.010009765625,832.1500244140625,832.1500244140625,2973900
2017-01-27,834.7100219726562,841.9500122070312,820.4400024414062,823.3099975585938,823.3099975585938,2965800
2017-01-30,814.6599731445312,815.8400268554688,799.7999877929688,802.3200073242188,802.3200073242188,3246600
2017-01-31,796.8599853515625,801.25,790.52001953125,796.7899780273438,796.7899780273438,2160600
2017-02-01,799.6799926757812,801.1900024414062,791.1900024414062,795.6950073242188,795.6950073242188,2029700
2017-02-02,793.7999877929688,802.7000122070312,792.0,798.530029296875,798.530029296875,1532100
2017-02-03,802.989990234375,806.0,800.3699951171875,801.489990234375,801.489990234375,1463400
2017-02-06,799.7000122070312,801.6699829101562,795.25,801.3400268554688,801.3400268554688,1184500
2017-02-07,803.989990234375,810.5,801.780029296875,806.969970703125,806.969970703125,1241200
2017-02-08,807.0,811.8400268554688,803.1900024414062,808.3800048828125,808.3800048828125,1155300
2017-02-09,809.510009765625,810.6599731445312,804.5399780273438,809.5599975585938,809.5599975585938,989700
2017-02-10,811.7000122070312,815.25,809.780029296875,813.6699829101562,813.6699829101562,1135000
2017-02-13,816.0,820.958984375,815.489990234375,819.239990234375,819.239990234375,1213300
2017-02-14,819.0,823.0,816.0,820.4500122070312,820.4500122070312,1054700
2017-02-15,819.3599853515625,823.0,818.469970703125,818.97998046875,818.97998046875,1313600
2017-02-16,819.9299926757812,824.4000244140625,818.97998046875,824.1599731445312,824.1599731445312,1287600
2017-02-17,823.02001953125,828.0700073242188,821.655029296875,828.0700073242188,828.0700073242188,1611000
2017-02-21,828.6599731445312,833.4500122070312,828.3499755859375,831.6599731445312,831.6599731445312,1262300
2017-02-22,828.6599731445312,833.25,828.6400146484375,830.760009765625,830.760009765625,982900
2017-02-23,830.1199951171875,832.4600219726562,822.8800048828125,831.3300170898438,831.3300170898438,1472800
2017-02-24,827.72998046875,829.0,824.2000122070312,828.6400146484375,828.6400146484375,1392200
2017-02-27,824.5499877929688,830.5,824.0,829.280029296875,829.280029296875,1101500
2017-02-28,825.6099853515625,828.5399780273438,820.2000122070312,823.2100219726562,823.2100219726562,2260800
2017-03-01,828.8499755859375,836.2550048828125,827.260009765625,835.239990234375,835.239990234375,1496500
2017-03-02,833.8499755859375,834.510009765625,829.6400146484375,830.6300048828125,830.6300048828125,942500
2017-03-03,830.5599975585938,831.3599853515625,825.7509765625,829.0800170898438,829.0800170898438,896400
2017-03-06,826.9500122070312,828.8800048828125,822.4000244140625,827.780029296875,827.780029296875,1109000
2017-03-07,827.4000244140625,833.4099731445312,826.52001953125,831.9099731445312,831.9099731445312,1037600
2017-03-08,833.510009765625,838.1500244140625,831.7899780273438,835.3699951171875,835.3699951171875,989800
2017-03-09,836.0,842.0,834.2100219726562,838.6799926757812,838.6799926757812,1261500
2017-03-10,843.280029296875,844.9099731445312,839.5,843.25,843.25,1704000
2017-03-13,844.0,848.6849975585938,843.25,845.5399780273438,845.5399780273438,1223600
2017-03-14,843.6400146484375,847.239990234375,840.7999877929688,845.6199951171875,845.6199951171875,779900
2017-03-15,847.5900268554688,848.6300048828125,840.77001953125,847.2000122070312,847.2000122070312,1381500
2017-03-16,849.030029296875,850.8499755859375,846.1300048828125,848.780029296875,848.780029296875,977600
2017-03-17,851.6099853515625,853.4000244140625,847.1099853515625,852.1199951171875,852.1199951171875,1712300
2017-03-20,850.010009765625,850.219970703125,845.1500244140625,848.4000244140625,848.4000244140625,1231500
2017-03-21,851.4000244140625,853.5,829.02001953125,830.4600219726562,830.4600219726562,2463500
2017-03-22,831.9099731445312,835.5499877929688,827.1799926757812,829.5900268554688,829.5900268554688,1401500
2017-03-23,821.0,822.5700073242188,812.2570190429688,817.5800170898438,817.5800170898438,3487100
2017-03-24,820.0800170898438,821.9299926757812,808.8900146484375,814.4299926757812,814.4299926757812,1981000
2017-03-27,806.9500122070312,821.6300048828125,803.3699951171875,819.510009765625,819.510009765625,1894300
2017-03-28,820.4099731445312,825.989990234375,814.0269775390625,820.9199829101562,820.9199829101562,1620500
2017-03-29,825.0,832.7650146484375,822.3800048828125,831.4099731445312,831.4099731445312,1786300
2017-03-30,833.5,833.6799926757812,829.0,831.5,831.5,1055300
2017-03-31,828.969970703125,831.6400146484375,827.3900146484375,829.5599975585938,829.5599975585938,1401900
2017-04-03,829.219970703125,840.8499755859375,829.219970703125,838.5499877929688,838.5499877929688,1671500
2017-04-04,831.3599853515625,835.1799926757812,829.0360107421875,834.5700073242188,834.5700073242188,1045400
2017-04-05,835.510009765625,842.4500122070312,830.719970703125,831.4099731445312,831.4099731445312,1555300
2017-04-06,832.4000244140625,836.3900146484375,826.4600219726562,827.8800048828125,827.8800048828125,1254400
2017-04-07,827.9600219726562,828.4849853515625,820.5130004882812,824.6699829101562,824.6699829101562,1057300
2017-04-10,825.3900146484375,829.3499755859375,823.77001953125,824.72998046875,824.72998046875,978900
2017-04-11,824.7100219726562,827.427001953125,817.02001953125,823.3499755859375,823.3499755859375,1079700
2017-04-12,821.9299926757812,826.6599731445312,821.02001953125,824.3200073242188,824.3200073242188,900500
2017-04-13,822.1400146484375,826.3800048828125,821.4400024414062,823.5599975585938,823.5599975585938,1122400
2017-04-17,825.010009765625,837.75,824.469970703125,837.1699829101562,837.1699829101562,895000
2017-04-18,834.219970703125,838.9299926757812,832.7100219726562,836.8200073242188,836.8200073242188,836700
2017-04-19,839.7899780273438,842.219970703125,836.2899780273438,838.2100219726562,838.2100219726562,954200
2017-04-20,841.4400024414062,845.2000122070312,839.3200073242188,841.6500244140625,841.6500244140625,959000
2017-04-21,842.8800048828125,843.8800048828125,840.5999755859375,843.1900024414062,843.1900024414062,1323600
2017-04-24,851.2000122070312,863.4500122070312,849.8599853515625,862.760009765625,862.760009765625,1372500
2017-04-25,865.0,875.0,862.8099975585938,872.2999877929688,872.2999877929688,1672000
2017-04-26,874.22998046875,876.0499877929688,867.7479858398438,871.72998046875,871.72998046875,1237200
2017-04-27,873.5999755859375,875.4000244140625,870.3800048828125,874.25,874.25,2026800
2017-04-28,910.6599731445312,916.8499755859375,905.77001953125,905.9600219726562,905.9600219726562,3276300
2017-05-01,901.9400024414062,915.6799926757812,901.4500122070312,912.5700073242188,912.5700073242188,2116000
2017-05-02,909.6199951171875,920.77001953125,909.4530029296875,916.4400024414062,916.4400024414062,1587200
2017-05-03,914.8599853515625,928.0999755859375,912.5430297851562,927.0399780273438,927.0399780273438,1499500
2017-05-04,926.0700073242188,935.9299926757812,924.5900268554688,931.6599731445312,931.6599731445312,1422100
2017-05-05,933.5399780273438,934.9000244140625,925.2000122070312,927.1300048828125,927.1300048828125,1911300
2017-05-08,926.1199951171875,936.9249877929688,925.260009765625,934.2999877929688,934.2999877929688,1329800
2017-05-09,936.9500122070312,937.5,929.530029296875,932.1699829101562,932.1699829101562,1581800
2017-05-10,931.97998046875,932.0,925.1599731445312,928.780029296875,928.780029296875,1173900
2017-05-11,925.3200073242188,932.530029296875,923.030029296875,930.5999755859375,930.5999755859375,835000
2017-05-12,931.530029296875,933.4400024414062,927.8499755859375,932.219970703125,932.219970703125,1050600
2017-05-15,932.9500122070312,938.25,929.3400268554688,937.0800170898438,937.0800170898438,1108100
2017-05-16,940.0,943.1099853515625,937.5800170898438,943.0,943.0,969500
2017-05-17,935.6699829101562,939.3330078125,918.1400146484375,919.6199951171875,919.6199951171875,2362100
2017-05-18,921.0,933.1699829101562,918.75,930.239990234375,930.239990234375,1596900
2017-05-19,931.469970703125,937.7550048828125,931.0,934.010009765625,934.010009765625,1393000
2017-05-22,935.0,941.8829956054688,935.0,941.8599853515625,941.8599853515625,1120400
2017-05-23,947.9199829101562,951.4669799804688,942.5750122070312,948.8200073242188,948.8200073242188,1270800
2017-05-24,952.97998046875,955.0900268554688,949.5,954.9600219726562,954.9600219726562,1024800
2017-05-25,957.3300170898438,972.6290283203125,955.469970703125,969.5399780273438,969.5399780273438,1660500
2017-05-26,969.7000122070312,974.97998046875,965.030029296875,971.469970703125,971.469970703125,1252000
2017-05-30,970.3099975585938,976.2000122070312,969.489990234375,975.8800048828125,975.8800048828125,1466700
2017-05-31,975.02001953125,979.27001953125,960.1799926757812,964.8599853515625,964.8599853515625,2448100
2017-06-01,968.9500122070312,971.5,960.010009765625,966.9500122070312,966.9500122070312,1410500
2017-06-02,969.4600219726562,975.8800048828125,966.0,975.5999755859375,975.5999755859375,1751000
2017-06-05,976.5499877929688,986.9099731445312,975.0999755859375,983.6799926757812,983.6799926757812,1252100
2017-06-06,983.1599731445312,988.25,975.1400146484375,976.5700073242188,976.5700073242188,1814600
2017-06-07,980.0,983.97998046875,975.9400024414062,980.9400024414062,980.9400024414062,1453900
2017-06-08,982.3499755859375,984.5700073242188,977.2000122070312,983.4099731445312,983.4099731445312,1481900
2017-06-09,984.5,984.5,935.6300048828125,949.8300170898438,949.8300170898438,3309400
2017-06-12,939.5599975585938,949.35498046875,915.2329711914062,942.9000244140625,942.9000244140625,3763500
2017-06-13,951.9099731445312,959.97998046875,944.0900268554688,953.4000244140625,953.4000244140625,2013300
2017-06-14,959.9199829101562,961.1500244140625,942.25,950.760009765625,950.760009765625,1489700
2017-06-15,933.969970703125,943.3389892578125,924.4400024414062,942.3099975585938,942.3099975585938,2133100
2017-06-16,940.0,942.0399780273438,931.594970703125,939.780029296875,939.780029296875,3094700
2017-06-19,949.9600219726562,959.989990234375,949.0499877929688,957.3699951171875,957.3699951171875,1533300
2017-06-20,957.52001953125,961.6199951171875,950.010009765625,950.6300048828125,950.6300048828125,1126000
2017-06-21,953.6400146484375,960.0999755859375,950.760009765625,959.4500122070312,959.4500122070312,1202200
2017-06-22,958.7000122070312,960.719970703125,954.5499877929688,957.0900268554688,957.0900268554688,941400
2017-06-23,956.8300170898438,966.0,954.2000122070312,965.5900268554688,965.5900268554688,1527900
2017-06-26,969.9000244140625,973.3099975585938,950.7899780273438,952.27001953125,952.27001953125,1598400
2017-06-27,942.4600219726562,948.2899780273438,926.8499755859375,927.3300170898438,927.3300170898438,2579900
2017-06-28,929.0,942.75,916.0,940.489990234375,940.489990234375,2721400
2017-06-29,929.9199829101562,931.260009765625,910.6199951171875,917.7899780273438,917.7899780273438,3299200
2017-06-30,926.0499877929688,926.0499877929688,908.3099975585938,908.72998046875,908.72998046875,2090200
2017-07-03,912.1799926757812,913.9400024414062,894.7899780273438,898.7000122070312,898.7000122070312,1709800
2017-07-05,901.760009765625,914.510009765625,898.5,911.7100219726562,911.7100219726562,1813900
2017-07-06,904.1199951171875,914.9439697265625,899.7000122070312,906.6900024414062,906.6900024414062,1424500
2017-07-07,908.8499755859375,921.5399780273438,908.8499755859375,918.5900268554688,918.5900268554688,1637800
2017-07-10,921.77001953125,930.3800048828125,919.5900268554688,928.7999877929688,928.7999877929688,1192800
2017-07-11,929.5399780273438,931.4299926757812,922.0,930.0900268554688,930.0900268554688,1113200
2017-07-12,938.6799926757812,946.2999877929688,934.469970703125,943.8300170898438,943.8300170898438,1532100
2017-07-13,946.2899780273438,954.4500122070312,943.010009765625,947.1599731445312,947.1599731445312,1294700
2017-07-14,952.0,956.9099731445312,948.0050048828125,955.989990234375,955.989990234375,1053800
2017-07-17,957.0,960.739990234375,949.2410278320312,953.4199829101562,953.4199829101562,1165500
2017-07-18,953.0,968.0399780273438,950.5999755859375,965.4000244140625,965.4000244140625,1154000
2017-07-19,967.8400268554688,973.0399780273438,964.030029296875,970.8900146484375,970.8900146484375,1224500
2017-07-20,975.0,975.9000244140625,961.510009765625,968.1500244140625,968.1500244140625,1624500
2017-07-21,962.25,973.22998046875,960.1500244140625,972.9199829101562,972.9199829101562,1711000
2017-07-24,972.219970703125,986.2000122070312,970.77001953125,980.3400268554688,980.3400268554688,3248300
2017-07-25,953.8099975585938,959.7000122070312,945.4000244140625,950.7000122070312,950.7000122070312,4661000
2017-07-26,954.6799926757812,955.0,942.2789916992188,947.7999877929688,947.7999877929688,2088300
2017-07-27,951.780029296875,951.780029296875,920.0,934.0900268554688,934.0900268554688,3213000
2017-07-28,929.4000244140625,943.8300170898438,927.5,941.530029296875,941.530029296875,1846400
2017-07-31,941.8900146484375,943.5900268554688,926.0399780273438,930.5,930.5,1970100
2017-08-01,932.3800048828125,937.447021484375,929.260009765625,930.8300170898438,930.8300170898438,1277700
2017-08-02,928.6099853515625,932.5999755859375,916.6799926757812,930.3900146484375,930.3900146484375,1824400
2017-08-03,930.3400268554688,932.239990234375,922.239990234375,923.6500244140625,923.6500244140625,1202500
2017-08-04,926.75,930.3070068359375,923.030029296875,927.9600219726562,927.9600219726562,1082300
2017-08-07,929.0599975585938,931.7000122070312,926.5,929.3599853515625,929.3599853515625,1032200
2017-08-08,927.0900268554688,935.8140258789062,925.6099853515625,926.7899780273438,926.7899780273438,1061600
2017-08-09,920.6099853515625,925.97998046875,917.25,922.9000244140625,922.9000244140625,1192100
2017-08-10,917.5499877929688,919.260009765625,906.1300048828125,907.239990234375,907.239990234375,1824000
2017-08-11,907.969970703125,917.780029296875,905.5800170898438,914.3900146484375,914.3900146484375,1206800
2017-08-14,922.530029296875,924.6680297851562,918.1900024414062,922.6699829101562,922.6699829101562,1064500
2017-08-15,924.22998046875,926.5499877929688,919.8200073242188,922.219970703125,922.219970703125,883400
2017-08-16,925.2899780273438,932.7000122070312,923.4450073242188,926.9600219726562,926.9600219726562,1006700
2017-08-17,925.780029296875,926.8599853515625,910.97998046875,910.97998046875,910.97998046875,1277200
2017-08-18,910.3099975585938,915.2750244140625,907.1539916992188,910.6699829101562,910.6699829101562,1342700
2017-08-21,910.0,913.0,903.4000244140625,906.6599731445312,906.6599731445312,943400
2017-08-22,912.719970703125,925.8599853515625,911.4749755859375,924.6900024414062,924.6900024414062,1166700
2017-08-23,921.9299926757812,929.9299926757812,919.3599853515625,927.0,927.0,1090200
2017-08-24,928.6599731445312,930.8400268554688,915.5,921.280029296875,921.280029296875,1270300
2017-08-25,923.489990234375,925.5549926757812,915.5,915.8900146484375,915.8900146484375,1053400
2017-08-28,916.0,919.2449951171875,911.8699951171875,913.8099975585938,913.8099975585938,1086500
2017-08-29,905.0999755859375,923.3300170898438,905.0,921.2899780273438,921.2899780273438,1185600
2017-08-30,920.0499877929688,930.8189697265625,919.6500244140625,929.5700073242188,929.5700073242188,1301200
2017-08-31,931.760009765625,941.97998046875,931.760009765625,939.3300170898438,939.3300170898438,1582600
2017-09-01,941.1300048828125,942.47998046875,935.1500244140625,937.3400268554688,937.3400268554688,947400
2017-09-05,933.0800170898438,937.0,921.9600219726562,928.4500122070312,928.4500122070312,1326400
2017-09-06,930.1500244140625,930.9149780273438,919.27001953125,927.8099975585938,927.8099975585938,1527700
2017-09-07,931.72998046875,936.4099731445312,923.6199951171875,935.9500122070312,935.9500122070312,1212700
2017-09-08,936.489990234375,936.989990234375,924.8800048828125,926.5,926.5,1011500
2017-09-11,934.25,938.3800048828125,926.9199829101562,929.0800170898438,929.0800170898438,1267000
2017-09-12,932.5900268554688,933.47998046875,923.8610229492188,932.0700073242188,932.0700073242188,1134400
2017-09-13,930.6599731445312,937.25,929.8599853515625,935.0900268554688,935.0900268554688,1102600
2017-09-14,931.25,932.77001953125,924.0,925.1099853515625,925.1099853515625,1397600
2017-09-15,924.6599731445312,926.489990234375,916.3599853515625,920.2899780273438,920.2899780273438,2505400
2017-09-18,920.010009765625,922.0800170898438,910.5999755859375,915.0,915.0,1306900
2017-09-19,917.4199829101562,922.4199829101562,912.5499877929688,921.8099975585938,921.8099975585938,936700
2017-09-20,922.97998046875,933.8800048828125,922.0,931.5800170898438,931.5800170898438,1669800
2017-09-21,933.0,936.530029296875,923.8300170898438,932.4500122070312,932.4500122070312,1290600
2017-09-22,927.75,934.72998046875,926.47998046875,928.530029296875,928.530029296875,1052700
2017-09-25,925.4500122070312,926.4000244140625,909.7000122070312,920.969970703125,920.969970703125,1856800
2017-09-26,923.719970703125,930.8200073242188,921.1400146484375,924.8599853515625,924.8599853515625,1666900
2017-09-27,927.739990234375,949.9000244140625,927.739990234375,944.489990234375,944.489990234375,2239400
2017-09-28,941.3599853515625,950.6900024414062,940.5499877929688,949.5,949.5,1020300
2017-09-29,952.0,959.7860107421875,951.510009765625,959.1099853515625,959.1099853515625,1581000
2017-10-02,959.97998046875,962.5399780273438,947.8400268554688,953.27001953125,953.27001953125,1283400
2017-10-03,954.0,958.0,949.1400146484375,957.7899780273438,957.7899780273438,888300
2017-10-04,957.0,960.3900146484375,950.6900024414062,951.6799926757812,951.6799926757812,952400
2017-10-05,955.489990234375,970.9099731445312,955.1799926757812,969.9600219726562,969.9600219726562,1213800
2017-10-06,966.7000122070312,979.4600219726562,963.3599853515625,978.8900146484375,978.8900146484375,1173900
2017-10-09,980.0,985.4249877929688,976.1099853515625,977.0,977.0,891400
2017-10-10,980.0,981.5700073242188,966.0800170898438,972.5999755859375,972.5999755859375,968400
2017-10-11,973.719970703125,990.7100219726562,972.25,989.25,989.25,1693300
2017-10-12,987.4500122070312,994.1199951171875,985.0,987.8300170898438,987.8300170898438,1262400
2017-10-13,992.0,997.2100219726562,989.0,989.6799926757812,989.6799926757812,1169800
2017-10-16,992.0999755859375,993.906982421875,984.0,992.0,992.0,910500
2017-10-17,990.2899780273438,996.4400024414062,988.5900268554688,992.1799926757812,992.1799926757812,1290200
2017-10-18,991.77001953125,996.719970703125,986.9749755859375,992.8099975585938,992.8099975585938,1057600
2017-10-19,986.0,988.8800048828125,978.3900146484375,984.4500122070312,984.4500122070312,1313600
2017-10-20,989.4400024414062,991.0,984.5800170898438,988.2000122070312,988.2000122070312,1183200
2017-10-23,989.52001953125,989.52001953125,966.1199951171875,968.4500122070312,968.4500122070312,1478400
2017-10-24,970.0,972.22998046875,961.0,970.5399780273438,970.5399780273438,1212200
2017-10-25,968.3699951171875,976.0900268554688,960.52001953125,973.3300170898438,973.3300170898438,1211300
2017-10-26,980.0,987.5999755859375,972.2000122070312,972.5599975585938,972.5599975585938,2042100
2017-10-27,1009.1900024414062,1048.3900146484375,1008.2000122070312,1019.27001953125,1019.27001953125,5167700
2017-10-30,1014.0,1024.969970703125,1007.5,1017.1099853515625,1017.1099853515625,2085100
2017-10-31,1015.219970703125,1024.0,1010.4199829101562,1016.6400146484375,1016.6400146484375,1330700
2017-11-01,1017.2100219726562,1029.6700439453125,1016.9500122070312,1025.5,1025.5,1373400
2017-11-02,1021.760009765625,1028.0899658203125,1013.010009765625,1025.5799560546875,1025.5799560546875,1049000
2017-11-03,1022.1099853515625,1032.6500244140625,1020.3099975585938,1032.47998046875,1032.47998046875,1076400
2017-11-06,1028.989990234375,1034.8699951171875,1025.0,1025.9000244140625,1025.9000244140625,1125200
2017-11-07,1027.27001953125,1033.969970703125,1025.1300048828125,1033.3299560546875,1033.3299560546875,1112300
2017-11-08,1030.52001953125,1043.52197265625,1028.449951171875,1039.8499755859375,1039.8499755859375,1088700
2017-11-09,1033.989990234375,1033.989990234375,1019.666015625,1031.260009765625,1031.260009765625,1245200
2017-11-10,1026.4599609375,1030.760009765625,1025.280029296875,1028.0699462890625,1028.0699462890625,720000
2017-11-13,1023.4199829101562,1031.5799560546875,1022.5700073242188,1025.75,1025.75,885800
2017-11-14,1022.5900268554688,1026.81005859375,1014.1500244140625,1026.0,1026.0,959200
2017-11-15,1019.2100219726562,1024.0899658203125,1015.4199829101562,1020.9099731445312,1020.9099731445312,854000
2017-11-16,1022.52001953125,1035.9200439453125,1022.52001953125,1032.5,1032.5,1129700
2017-11-17,1034.010009765625,1034.4200439453125,1017.75,1019.0900268554688,1019.0900268554688,1397100
2017-11-20,1020.260009765625,1022.6099853515625,1017.5,1018.3800048828125,1018.3800048828125,953500
2017-11-21,1023.3099975585938,1035.1099853515625,1022.655029296875,1034.489990234375,1034.489990234375,1097000
2017-11-22,1035.0,1039.7060546875,1031.4300537109375,1035.9599609375,1035.9599609375,746300
2017-11-24,1035.8699951171875,1043.177978515625,1035.0,1040.6099853515625,1040.6099853515625,537000
2017-11-27,1040.0,1055.4599609375,1038.43994140625,1054.2099609375,1054.2099609375,1307900
2017-11-28,1055.0899658203125,1062.375,1040.0,1047.4100341796875,1047.4100341796875,1424400
2017-11-29,1042.6800537109375,1044.0799560546875,1015.6500244140625,1021.6599731445312,1021.6599731445312,2459400
2017-11-30,1022.3699951171875,1028.489990234375,1015.0,1021.4099731445312,1021.4099731445312,1724000
2017-12-01,1015.7999877929688,1022.489990234375,1002.02001953125,1010.1699829101562,1010.1699829101562,1909600
2017-12-04,1012.6599731445312,1016.0999755859375,995.5700073242188,998.6799926757812,998.6799926757812,1906400
2017-12-05,995.9400024414062,1020.6099853515625,988.280029296875,1005.1500244140625,1005.1500244140625,2067300
2017-12-06,1001.5,1024.969970703125,1001.1400146484375,1018.3800048828125,1018.3800048828125,1272000
2017-12-07,1020.4299926757812,1034.239990234375,1018.0709838867188,1030.9300537109375,1030.9300537109375,1458200
2017-12-08,1037.489990234375,1042.050048828125,1032.52197265625,1037.050048828125,1037.050048828125,1290800
2017-12-11,1035.5,1043.800048828125,1032.050048828125,1041.0999755859375,1041.0999755859375,1192800
2017-12-12,1039.6300048828125,1050.31005859375,1033.68994140625,1040.47998046875,1040.47998046875,1279500
2017-12-13,1046.1199951171875,1046.6650390625,1038.3800048828125,1040.6099853515625,1040.6099853515625,1282700
2017-12-14,1045.0,1058.5,1043.1099853515625,1049.1500244140625,1049.1500244140625,1558700
2017-12-15,1054.6099853515625,1067.6199951171875,1049.5,1064.18994140625,1064.18994140625,3275900
2017-12-18,1066.0799560546875,1078.489990234375,1062.0,1077.1400146484375,1077.1400146484375,1554600
2017-12-19,1075.199951171875,1076.8399658203125,1063.550048828125,1070.6800537109375,1070.6800537109375,1338700
2017-12-20,1071.780029296875,1073.3800048828125,1061.52001953125,1064.949951171875,1064.949951171875,1268600
2017-12-21,1064.949951171875,1069.3299560546875,1061.7939453125,1063.6300048828125,1063.6300048828125,995700
2017-12-22,1061.1099853515625,1064.199951171875,1059.43994140625,1060.1199951171875,1060.1199951171875,755100
2017-12-26,1058.0699462890625,1060.1199951171875,1050.199951171875,1056.739990234375,1056.739990234375,760600
2017-12-27,1057.3900146484375,1058.3699951171875,1048.050048828125,1049.3699951171875,1049.3699951171875,1271900
2017-12-28,1051.5999755859375,1054.75,1044.77001953125,1048.1400146484375,1048.1400146484375,837100
2017-12-29,1046.719970703125,1049.699951171875,1044.9000244140625,1046.4000244140625,1046.4000244140625,887500
2018-01-02,1048.3399658203125,1066.93994140625,1045.22998046875,1065.0,1065.0,1237600
2018-01-03,1064.31005859375,1086.2900390625,1063.2099609375,1082.47998046875,1082.47998046875,1430200
2018-01-04,1088.0,1093.5699462890625,1084.001953125,1086.4000244140625,1086.4000244140625,1004600
2018-01-05,1094.0,1104.25,1092.0,1102.22998046875,1102.22998046875,1279100
2018-01-08,1102.22998046875,1111.27001953125,1101.6199951171875,1106.93994140625,1106.93994140625,1047600
2018-01-09,1109.4000244140625,1110.5699462890625,1101.23095703125,1106.260009765625,1106.260009765625,902500
2018-01-10,1097.0999755859375,1104.5999755859375,1096.1099853515625,1102.6099853515625,1102.6099853515625,1042800
2018-01-11,1106.300048828125,1106.5250244140625,1099.5899658203125,1105.52001953125,1105.52001953125,978300
2018-01-12,1102.4100341796875,1124.2900390625,1101.1500244140625,1122.260009765625,1122.260009765625,1720500
2018-01-16,1132.510009765625,1139.9100341796875,1117.83203125,1121.760009765625,1121.760009765625,1575300
2018-01-17,1126.219970703125,1132.5999755859375,1117.010009765625,1131.97998046875,1131.97998046875,1202600
2018-01-18,1131.4100341796875,1132.510009765625,1117.5,1129.7900390625,1129.7900390625,1198200
2018-01-19,1131.8299560546875,1137.8599853515625,1128.300048828125,1137.510009765625,1137.510009765625,1778200
2018-01-22,1137.489990234375,1159.8800048828125,1135.1099853515625,1155.81005859375,1155.81005859375,1618000
2018-01-23,1159.8499755859375,1171.626953125,1158.75,1169.969970703125,1169.969970703125,1333100
2018-01-24,1177.3299560546875,1179.8599853515625,1161.050048828125,1164.239990234375,1164.239990234375,1416600
2018-01-25,1172.530029296875,1175.93994140625,1162.760009765625,1170.3699951171875,1170.3699951171875,1480500
2018-01-26,1175.0799560546875,1175.8399658203125,1158.1099853515625,1175.8399658203125,1175.8399658203125,2018800
2018-01-29,1176.47998046875,1186.8900146484375,1171.97998046875,1175.5799560546875,1175.5799560546875,1378900
2018-01-30,1167.8299560546875,1176.52001953125,1163.52001953125,1163.68994140625,1163.68994140625,1556300
2018-01-31,1170.5699462890625,1173.0,1159.1300048828125,1169.93994140625,1169.93994140625,1538700
2018-02-01,1162.6099853515625,1174.0,1157.52001953125,1167.699951171875,1167.699951171875,2412100
2018-02-02,1122.0,1123.0699462890625,1107.2779541015625,1111.9000244140625,1111.9000244140625,4857900
2018-02-05,1090.5999755859375,1110.0,1052.030029296875,1055.800048828125,1055.800048828125,3798300
2018-02-06,1027.1800537109375,1081.7099609375,1023.1370239257812,1080.5999755859375,1080.5999755859375,3448000
2018-02-07,1081.5400390625,1081.780029296875,1048.260009765625,1048.5799560546875,1048.5799560546875,2369200
2018-02-08,1055.4100341796875,1058.6199951171875,1000.6599731445312,1001.52001953125,1001.52001953125,2859100
2018-02-09,1017.25,1043.969970703125,992.5599975585938,1037.780029296875,1037.780029296875,3505900
2018-02-12,1048.0,1061.5,1040.927978515625,1051.93994140625,1051.93994140625,2057700
2018-02-13,1045.0,1058.3699951171875,1044.0870361328125,1052.0999755859375,1052.0999755859375,1265100
2018-02-14,1048.949951171875,1071.719970703125,1046.75,1069.699951171875,1069.699951171875,1555800
2018-02-15,1079.0699462890625,1091.47900390625,1064.3399658203125,1089.52001953125,1089.52001953125,1843400
2018-02-16,1088.4100341796875,1104.6700439453125,1088.31298828125,1094.800048828125,1094.800048828125,1679500
2018-02-20,1090.5699462890625,1113.949951171875,1088.52001953125,1102.4599609375,1102.4599609375,1423100
2018-02-21,1106.469970703125,1133.969970703125,1106.3299560546875,1111.3399658203125,1111.3399658203125,1512900
2018-02-22,1116.18994140625,1122.8199462890625,1102.5899658203125,1106.6300048828125,1106.6300048828125,1317200
2018-02-23,1112.6400146484375,1127.280029296875,1104.7139892578125,1126.7900390625,1126.7900390625,1261000
2018-02-26,1127.800048828125,1143.9599609375,1126.6949462890625,1143.75,1143.75,1559100
2018-02-27,1141.239990234375,1144.0400390625,1118.0,1118.2900390625,1118.2900390625,1774100
2018-02-28,1123.030029296875,1127.530029296875,1103.239990234375,1104.72998046875,1104.72998046875,1882600
2018-03-01,1107.8699951171875,1110.1199951171875,1067.0009765625,1069.52001953125,1069.52001953125,2515900
2018-03-02,1053.0799560546875,1081.9990234375,1048.114990234375,1078.9200439453125,1078.9200439453125,2271600
2018-03-05,1075.1400146484375,1097.0999755859375,1069.0,1090.9300537109375,1090.9300537109375,1202200
2018-03-06,1099.219970703125,1101.8499755859375,1089.7750244140625,1095.06005859375,1095.06005859375,1532800
2018-03-07,1089.18994140625,1112.219970703125,1085.4820556640625,1109.6400146484375,1109.6400146484375,1292500
2018-03-08,1115.3199462890625,1127.5999755859375,1112.800048828125,1126.0,1126.0,1355100
2018-03-09,1136.0,1160.800048828125,1132.4610595703125,1160.0400390625,1160.0400390625,2128000
2018-03-12,1163.8499755859375,1177.050048828125,1157.4200439453125,1164.5,1164.5,2172300
2018-03-13,1170.0,1176.760009765625,1133.3299560546875,1138.1700439453125,1138.1700439453125,1907200
2018-03-14,1145.2099609375,1158.5899658203125,1141.43994140625,1149.489990234375,1149.489990234375,1291400
2018-03-15,1149.9599609375,1161.0799560546875,1134.5400390625,1149.5799560546875,1149.5799560546875,1395400
2018-03-16,1154.1400146484375,1155.8800048828125,1131.9599609375,1135.72998046875,1135.72998046875,3092000
2018-03-19,1120.010009765625,1121.989990234375,1089.010009765625,1099.8199462890625,1099.8199462890625,2805900
2018-03-20,1099.0,1105.199951171875,1083.4599609375,1097.7099609375,1097.7099609375,1831900
2018-03-21,1092.739990234375,1106.300048828125,1085.1500244140625,1090.8800048828125,1090.8800048828125,1878900
2018-03-22,1081.8800048828125,1082.9000244140625,1045.9100341796875,1049.0799560546875,1049.0799560546875,2667000
2018-03-23,1047.030029296875,1063.3599853515625,1021.219970703125,1021.5700073242188,1021.5700073242188,2156700
2018-03-26,1046.0,1055.6300048828125,1008.4000244140625,1053.2099609375,1053.2099609375,2665100
2018-03-27,1063.0,1064.8389892578125,996.9199829101562,1005.0999755859375,1005.0999755859375,3095300
2018-03-28,998.0,1024.22998046875,980.6400146484375,1004.5599975585938,1004.5599975585938,3369300
2018-03-29,1011.6300048828125,1043.0,1002.9000244140625,1031.7900390625,1031.7900390625,2726800
2018-04-02,1022.8200073242188,1034.800048828125,990.3699951171875,1006.469970703125,1006.469970703125,2680400
2018-04-03,1013.9099731445312,1020.989990234375,994.0700073242188,1013.4099731445312,1013.4099731445312,2275100
2018-04-04,993.4099731445312,1028.718017578125,993.0,1025.1400146484375,1025.1400146484375,2484700
2018-04-05,1041.3299560546875,1042.7900390625,1020.1309814453125,1027.81005859375,1027.81005859375,1363000
2018-04-06,1020.0,1031.4200439453125,1003.030029296875,1007.0399780273438,1007.0399780273438,1746400
2018-04-09,1016.7999877929688,1039.5999755859375,1014.0800170898438,1015.4500122070312,1015.4500122070312,1751600
2018-04-10,1026.43994140625,1036.280029296875,1011.3400268554688,1031.6400146484375,1031.6400146484375,1974500
2018-04-11,1027.989990234375,1031.364013671875,1015.8699951171875,1019.969970703125,1019.969970703125,1483900
2018-04-12,1025.0400390625,1040.68994140625,1021.4349975585938,1032.510009765625,1032.510009765625,1357000
2018-04-13,1040.8800048828125,1046.4200439453125,1022.97998046875,1029.27001953125,1029.27001953125,1223000
2018-04-16,1037.0,1043.239990234375,1026.739990234375,1037.97998046875,1037.97998046875,1211200
2018-04-17,1051.3699951171875,1077.8800048828125,1048.260009765625,1074.1600341796875,1074.1600341796875,2320300
2018-04-18,1077.4300537109375,1077.4300537109375,1066.2249755859375,1072.0799560546875,1072.0799560546875,1344100
2018-04-19,1069.4000244140625,1094.1650390625,1068.1800537109375,1087.699951171875,1087.699951171875,1747700
2018-04-20,1082.0,1092.3499755859375,1069.5699462890625,1072.9599609375,1072.9599609375,1889700
2018-04-23,1077.8599853515625,1082.719970703125,1060.699951171875,1067.449951171875,1067.449951171875,2341300
2018-04-24,1052.0,1057.0,1010.5900268554688,1019.97998046875,1019.97998046875,4760300
2018-04-25,1025.52001953125,1032.489990234375,1015.3099975585938,1021.1799926757812,1021.1799926757812,2391100
2018-04-26,1029.510009765625,1047.97998046875,1018.1900024414062,1040.0400390625,1040.0400390625,2079500
2018-04-27,1046.0,1049.5,1025.5899658203125,1030.050048828125,1030.050048828125,1619800
2018-04-30,1030.010009765625,1037.0,1016.8499755859375,1017.3300170898438,1017.3300170898438,1671300
2018-05-01,1013.6599731445312,1038.469970703125,1008.2100219726562,1037.31005859375,1037.31005859375,1427900
2018-05-02,1028.0999755859375,1040.3890380859375,1022.8699951171875,1024.3800048828125,1024.3800048828125,1603100
2018-05-03,1019.0,1029.675048828125,1006.2899780273438,1023.719970703125,1023.719970703125,1815100
2018-05-04,1016.9000244140625,1048.510009765625,1016.9000244140625,1048.2099609375,1048.2099609375,1938700
2018-05-07,1049.22998046875,1061.6800537109375,1047.0999755859375,1054.7900390625,1054.7900390625,1466100
2018-05-08,1058.5400390625,1060.550048828125,1047.14501953125,1053.9100341796875,1053.9100341796875,1217700
2018-05-09,1058.0999755859375,1085.43994140625,1056.364990234375,1082.760009765625,1082.760009765625,2032800
2018-05-10,1086.030029296875,1100.43994140625,1085.6400146484375,1097.5699462890625,1097.5699462890625,1443000
2018-05-11,1093.5999755859375,1101.3299560546875,1090.9100341796875,1098.260009765625,1098.260009765625,1253700
2018-05-14,1100.0,1110.75,1099.1099853515625,1100.199951171875,1100.199951171875,1518100
2018-05-15,1090.0,1090.050048828125,1073.469970703125,1079.22998046875,1079.22998046875,1494900
2018-05-16,1077.31005859375,1089.27001953125,1076.260009765625,1081.77001953125,1081.77001953125,1097300
2018-05-17,1079.8900146484375,1086.8699951171875,1073.5,1078.5899658203125,1078.5899658203125,1043800
2018-05-18,1061.8599853515625,1069.93994140625,1060.6800537109375,1066.3599853515625,1066.3599853515625,1565200
2018-05-21,1074.06005859375,1088.0,1073.6500244140625,1079.5799560546875,1079.5799560546875,1023200
2018-05-22,1083.56005859375,1086.5899658203125,1066.68994140625,1069.72998046875,1069.72998046875,1090000
2018-05-23,1065.1300048828125,1080.780029296875,1061.7099609375,1079.68994140625,1079.68994140625,1060700
2018-05-24,1079.0,1080.469970703125,1066.1500244140625,1079.239990234375,1079.239990234375,766800
2018-05-25,1079.02001953125,1082.56005859375,1073.7750244140625,1075.6600341796875,1075.6600341796875,899400
2018-05-29,1064.8900146484375,1073.3699951171875,1055.219970703125,1060.3199462890625,1060.3199462890625,1865100
2018-05-30,1063.030029296875,1069.2099609375,1056.8299560546875,1067.800048828125,1067.800048828125,1138500
2018-05-31,1067.56005859375,1097.18994140625,1067.56005859375,1084.989990234375,1084.989990234375,3088300
2018-06-01,1099.3499755859375,1120.0,1098.5,1119.5,1119.5,2421600
2018-06-04,1122.3299560546875,1141.8900146484375,1122.0050048828125,1139.2900390625,1139.2900390625,1889600
2018-06-05,1140.989990234375,1145.738037109375,1133.18994140625,1139.6600341796875,1139.6600341796875,1678000
2018-06-06,1142.1700439453125,1143.0,1125.7430419921875,1136.8800048828125,1136.8800048828125,1698200
2018-06-07,1131.3199462890625,1135.8199462890625,1116.52001953125,1123.8599853515625,1123.8599853515625,1520000
2018-06-08,1118.1800537109375,1126.6700439453125,1112.1500244140625,1120.8699951171875,1120.8699951171875,1290800
2018-06-11,1118.5999755859375,1137.260009765625,1118.5999755859375,1129.989990234375,1129.989990234375,1079300
2018-06-12,1131.0699462890625,1139.7900390625,1130.7349853515625,1139.3199462890625,1139.3199462890625,912000
2018-06-13,1141.1199951171875,1146.5,1133.3800048828125,1134.7900390625,1134.7900390625,1506400
2018-06-14,1143.8499755859375,1155.469970703125,1140.6400146484375,1152.1199951171875,1152.1199951171875,1343400
2018-06-15,1148.8599853515625,1153.4200439453125,1143.4849853515625,1152.260009765625,1152.260009765625,2122500
2018-06-18,1143.6500244140625,1174.31005859375,1143.5899658203125,1173.4599609375,1173.4599609375,1413700
2018-06-19,1158.5,1171.27001953125,1154.010009765625,1168.06005859375,1168.06005859375,1621000
2018-06-20,1175.31005859375,1186.2860107421875,1169.1600341796875,1169.8399658203125,1169.8399658203125,1648500
2018-06-21,1174.8499755859375,1177.2950439453125,1152.2320556640625,1157.6600341796875,1157.6600341796875,1238100
2018-06-22,1159.1400146484375,1162.4969482421875,1147.260009765625,1155.47998046875,1155.47998046875,1311000
2018-06-25,1143.5999755859375,1143.9100341796875,1112.780029296875,1124.81005859375,1124.81005859375,2157300
2018-06-26,1128.0,1133.2099609375,1116.6590576171875,1118.4599609375,1118.4599609375,1563200
2018-06-27,1121.3399658203125,1131.8360595703125,1103.6199951171875,1103.97998046875,1103.97998046875,1293900
2018-06-28,1102.0899658203125,1122.31005859375,1096.010009765625,1114.219970703125,1114.219970703125,1072400
2018-06-29,1120.0,1128.22705078125,1115.0,1115.6500244140625,1115.6500244140625,1315100
2018-07-02,1099.0,1128.0,1093.800048828125,1127.4599609375,1127.4599609375,1217300
2018-07-03,1135.8199462890625,1135.8199462890625,1100.02001953125,1102.8900146484375,1102.8900146484375,679000
2018-07-05,1110.530029296875,1127.5,1108.47998046875,1124.27001953125,1124.27001953125,1066700
2018-07-06,1123.5799560546875,1140.9300537109375,1120.737060546875,1140.1700439453125,1140.1700439453125,996100
2018-07-09,1148.47998046875,1154.6700439453125,1143.4200439453125,1154.050048828125,1154.050048828125,909000
2018-07-10,1156.97998046875,1159.5899658203125,1149.5899658203125,1152.8399658203125,1152.8399658203125,798400
2018-07-11,1144.5899658203125,1164.2900390625,1141.0,1153.9000244140625,1153.9000244140625,1120000
2018-07-12,1159.8900146484375,1184.4100341796875,1155.93505859375,1183.47998046875,1183.47998046875,1251900
2018-07-13,1185.0,1195.4169921875,1180.0,1188.8199462890625,1188.8199462890625,1221900
2018-07-16,1189.3900146484375,1191.0,1179.280029296875,1183.8599853515625,1183.8599853515625,1055700
2018-07-17,1172.219970703125,1203.0400390625,1170.5999755859375,1198.800048828125,1198.800048828125,1610400
2018-07-18,1196.56005859375,1204.5,1190.3399658203125,1195.8800048828125,1195.8800048828125,1393600
2018-07-19,1191.0,1200.0,1183.3199462890625,1186.9599609375,1186.9599609375,1276700
2018-07-20,1186.9599609375,1196.8599853515625,1184.219970703125,1184.9100341796875,1184.9100341796875,1247400
2018-07-23,1181.010009765625,1206.489990234375,1181.0,1205.5,1205.5,2619200
2018-07-24,1262.5899658203125,1266.0,1235.56005859375,1248.0799560546875,1248.0799560546875,3318200
2018-07-25,1239.1300048828125,1265.8599853515625,1239.1300048828125,1263.699951171875,1263.699951171875,2127800
2018-07-26,1251.0,1269.77099609375,1249.02001953125,1268.3299560546875,1268.3299560546875,2405600
2018-07-27,1271.0,1273.8900146484375,1231.0,1238.5,1238.5,2130600
2018-07-30,1228.010009765625,1234.916015625,1211.469970703125,1219.739990234375,1219.739990234375,1849900
2018-07-31,1220.010009765625,1227.5880126953125,1205.5999755859375,1217.260009765625,1217.260009765625,1644700
2018-08-01,1228.0,1233.469970703125,1210.2099609375,1220.010009765625,1220.010009765625,1567200
2018-08-02,1205.9000244140625,1229.8800048828125,1204.7900390625,1226.1500244140625,1226.1500244140625,1531300
2018-08-03,1229.6199951171875,1230.0,1215.06005859375,1223.7099609375,1223.7099609375,1089600
2018-08-06,1225.0,1226.0880126953125,1215.7969970703125,1224.77001953125,1224.77001953125,1081700
2018-08-07,1237.0,1251.1700439453125,1236.1700439453125,1242.219970703125,1242.219970703125,1494000
2018-08-08,1240.469970703125,1256.5,1238.008056640625,1245.6099853515625,1245.6099853515625,1370300
2018-08-09,1249.9000244140625,1255.5419921875,1246.010009765625,1249.0999755859375,1249.0999755859375,848600
2018-08-10,1243.0,1245.6949462890625,1232.0,1237.6099853515625,1237.6099853515625,1108700
2018-08-13,1236.97998046875,1249.27294921875,1233.6409912109375,1235.010009765625,1235.010009765625,997300
2018-08-14,1235.18994140625,1245.8699951171875,1225.1099853515625,1242.0999755859375,1242.0999755859375,1348100
2018-08-15,1229.260009765625,1235.239990234375,1209.510009765625,1214.3800048828125,1214.3800048828125,1828800
2018-08-16,1224.72998046875,1226.0,1202.550048828125,1206.489990234375,1206.489990234375,1343200
2018-08-17,1202.030029296875,1209.02001953125,1188.239990234375,1200.9599609375,1200.9599609375,1389600
2018-08-20,1205.02001953125,1211.0,1194.6259765625,1207.77001953125,1207.77001953125,870800
2018-08-21,1208.0,1217.260009765625,1200.35400390625,1201.6199951171875,1201.6199951171875,1205600
2018-08-22,1200.0,1211.8399658203125,1199.0,1207.3299560546875,1207.3299560546875,887400
2018-08-23,1207.1400146484375,1221.280029296875,1204.239990234375,1205.3800048828125,1205.3800048828125,992600
2018-08-24,1208.8199462890625,1221.6500244140625,1206.3590087890625,1220.6500244140625,1220.6500244140625,946600
2018-08-27,1227.5999755859375,1243.0899658203125,1225.7159423828125,1241.8199462890625,1241.8199462890625,1156300
2018-08-28,1241.2900390625,1242.5450439453125,1228.68994140625,1231.1500244140625,1231.1500244140625,1304000
2018-08-29,1237.449951171875,1250.6600341796875,1236.3590087890625,1249.300048828125,1249.300048828125,1298900
2018-08-30,1244.22998046875,1253.635009765625,1232.5899658203125,1239.1199951171875,1239.1199951171875,1331400
2018-08-31,1234.97998046875,1238.6600341796875,1211.2850341796875,1218.18994140625,1218.18994140625,1816400
2018-09-04,1204.27001953125,1212.989990234375,1192.5,1197.0,1197.0,1831000
2018-09-05,1193.800048828125,1199.010009765625,1162.0,1186.47998046875,1186.47998046875,2061300
2018-09-06,1186.300048828125,1186.300048828125,1152.0,1171.43994140625,1171.43994140625,1888500
2018-09-07,1158.6700439453125,1175.260009765625,1157.2149658203125,1164.8299560546875,1164.8299560546875,1401300
2018-09-10,1172.18994140625,1174.5400390625,1160.1099853515625,1164.6400146484375,1164.6400146484375,1115400
2018-09-11,1161.6300048828125,1178.6800537109375,1156.239990234375,1177.3599853515625,1177.3599853515625,1209300
2018-09-12,1172.719970703125,1178.6099853515625,1158.3599853515625,1162.8199462890625,1162.8199462890625,1295500
2018-09-13,1170.739990234375,1178.6099853515625,1162.8499755859375,1175.3299560546875,1175.3299560546875,1431200
2018-09-14,1179.0999755859375,1180.425048828125,1168.3299560546875,1172.530029296875,1172.530029296875,944000
2018-09-17,1170.1400146484375,1177.239990234375,1154.030029296875,1156.050048828125,1156.050048828125,1306500
2018-09-18,1157.0899658203125,1176.0799560546875,1157.0899658203125,1161.219970703125,1161.219970703125,1203600
2018-09-19,1164.97998046875,1173.2099609375,1154.5799560546875,1171.0899658203125,1171.0899658203125,1191400
2018-09-20,1179.989990234375,1189.8900146484375,1173.3599853515625,1186.8699951171875,1186.8699951171875,1225400
2018-09-21,1192.0,1192.2099609375,1166.0400390625,1166.0899658203125,1166.0899658203125,4405600
2018-09-24,1157.1700439453125,1178.0,1146.9100341796875,1173.3699951171875,1173.3699951171875,1271000
2018-09-25,1176.1500244140625,1186.8800048828125,1168.0,1184.6500244140625,1184.6500244140625,977700
2018-09-26,1185.1500244140625,1194.22998046875,1174.7650146484375,1180.489990234375,1180.489990234375,1462300
2018-09-27,1186.72998046875,1202.0999755859375,1183.6300048828125,1194.6400146484375,1194.6400146484375,1260800
2018-09-28,1191.8699951171875,1195.4100341796875,1184.5,1193.469970703125,1193.469970703125,1380600
2018-10-01,1199.8900146484375,1209.9000244140625,1190.300048828125,1195.31005859375,1195.31005859375,1357600
2018-10-02,1190.9599609375,1209.9599609375,1186.6300048828125,1200.1099853515625,1200.1099853515625,1687900
2018-10-03,1205.0,1206.4100341796875,1193.8299560546875,1202.949951171875,1202.949951171875,1256200
2018-10-04,1195.3299560546875,1197.510009765625,1155.5760498046875,1168.18994140625,1168.18994140625,2209500
2018-10-05,1167.5,1173.5,1145.1199951171875,1157.3499755859375,1157.3499755859375,1184300
2018-10-08,1150.1099853515625,1168.0,1127.364013671875,1148.969970703125,1148.969970703125,1932400
2018-10-09,1146.1500244140625,1154.3499755859375,1137.572021484375,1138.8199462890625,1138.8199462890625,1308700
2018-10-10,1131.0799560546875,1132.1700439453125,1081.1300048828125,1081.219970703125,1081.219970703125,2675700
2018-10-11,1072.93994140625,1106.4000244140625,1068.27001953125,1079.3199462890625,1079.3199462890625,2949000
2018-10-12,1108.0,1115.0,1086.4019775390625,1110.0799560546875,1110.0799560546875,2101300
2018-10-15,1108.9100341796875,1113.446044921875,1089.0,1092.25,1092.25,1372400
2018-10-16,1104.5899658203125,1124.219970703125,1102.5,1121.280029296875,1121.280029296875,1928500
2018-10-17,1126.4599609375,1128.989990234375,1102.18994140625,1115.68994140625,1115.68994140625,1467200
2018-10-18,1121.8399658203125,1121.8399658203125,1077.0899658203125,1087.969970703125,1087.969970703125,2094500
2018-10-19,1093.3699951171875,1110.3599853515625,1087.75,1096.4599609375,1096.4599609375,1267600
2018-10-22,1103.06005859375,1112.22998046875,1091.0,1101.1600341796875,1101.1600341796875,1514200
2018-10-23,1080.8900146484375,1107.8900146484375,1070.0,1103.68994140625,1103.68994140625,1848700
2018-10-24,1104.25,1106.1199951171875,1048.739990234375,1050.7099609375,1050.7099609375,1982400
2018-10-25,1071.7900390625,1110.97998046875,1069.550048828125,1095.5699462890625,1095.5699462890625,2545800
2018-10-26,1037.030029296875,1106.530029296875,1034.0899658203125,1071.469970703125,1071.469970703125,4187600
2018-10-29,1082.469970703125,1097.0400390625,995.8300170898438,1020.0800170898438,1020.0800170898438,3880700
2018-10-30,1008.4600219726562,1037.489990234375,1000.75,1036.2099609375,1036.2099609375,3212700
2018-10-31,1059.81005859375,1091.93994140625,1057.0,1076.77001953125,1076.77001953125,2529800
2018-11-01,1075.800048828125,1083.9749755859375,1062.4599609375,1070.0,1070.0,1482000
2018-11-02,1073.72998046875,1082.9749755859375,1054.6099853515625,1057.7900390625,1057.7900390625,1839000
2018-11-05,1055.0,1058.469970703125,1021.239990234375,1040.0899658203125,1040.0899658203125,2441400
2018-11-06,1039.47998046875,1064.344970703125,1038.0699462890625,1055.81005859375,1055.81005859375,1233300
2018-11-07,1069.0,1095.4599609375,1065.9000244140625,1093.3900146484375,1093.3900146484375,2058400
2018-11-08,1091.3800048828125,1093.27001953125,1072.2049560546875,1082.4000244140625,1082.4000244140625,1488200
2018-11-09,1073.989990234375,1075.56005859375,1053.1099853515625,1066.1500244140625,1066.1500244140625,1343200
2018-11-12,1061.3900146484375,1062.1199951171875,1031.0,1038.6300048828125,1038.6300048828125,1471800
2018-11-13,1043.2900390625,1056.60498046875,1031.1500244140625,1036.050048828125,1036.050048828125,1513700
2018-11-14,1050.0,1054.56396484375,1031.0,1043.6600341796875,1043.6600341796875,1565900
2018-11-15,1044.7099609375,1071.8499755859375,1031.780029296875,1064.7099609375,1064.7099609375,1836100
2018-11-16,1059.4100341796875,1067.0,1048.97998046875,1061.489990234375,1061.489990234375,1658100
2018-11-19,1057.199951171875,1060.7900390625,1016.260009765625,1020.0,1020.0,1858600
2018-11-20,1000.0,1031.739990234375,996.02001953125,1025.760009765625,1025.760009765625,2449100
2018-11-21,1036.760009765625,1048.56005859375,1033.469970703125,1037.6099853515625,1037.6099853515625,1534300
2018-11-23,1030.0,1037.5899658203125,1022.3989868164062,1023.8800048828125,1023.8800048828125,691500
2018-11-26,1038.3499755859375,1049.31005859375,1033.9100341796875,1048.6199951171875,1048.6199951171875,1942800
2018-11-27,1041.0,1057.5799560546875,1038.489990234375,1044.4100341796875,1044.4100341796875,1803200
2018-11-28,1048.760009765625,1086.8399658203125,1035.760009765625,1086.22998046875,1086.22998046875,2475400
2018-11-29,1076.0799560546875,1094.2449951171875,1076.0,1088.300048828125,1088.300048828125,1468900
2018-11-30,1089.0699462890625,1095.5699462890625,1077.8800048828125,1094.4300537109375,1094.4300537109375,2580200
2018-12-03,1123.1400146484375,1124.6500244140625,1103.6650390625,1106.4300537109375,1106.4300537109375,1991200
2018-12-04,1103.1199951171875,1104.4200439453125,1049.97998046875,1050.8199462890625,1050.8199462890625,2345200
2018-12-06,1034.260009765625,1071.199951171875,1030.77001953125,1068.72998046875,1068.72998046875,2769200
2018-12-07,1060.010009765625,1075.260009765625,1028.5,1036.5799560546875,1036.5799560546875,2101200
2018-12-10,1035.050048828125,1048.449951171875,1023.2899780273438,1039.550048828125,1039.550048828125,1807700
2018-12-11,1056.489990234375,1060.5999755859375,1039.8399658203125,1051.75,1051.75,1394700
2018-12-12,1068.0,1081.6500244140625,1062.7900390625,1063.6800537109375,1063.6800537109375,1523800
2018-12-13,1068.0699462890625,1079.760009765625,1053.9300537109375,1061.9000244140625,1061.9000244140625,1329800
2018-12-14,1049.97998046875,1062.5999755859375,1040.7900390625,1042.0999755859375,1042.0999755859375,1686600
2018-12-17,1037.510009765625,1053.1500244140625,1007.9000244140625,1016.530029296875,1016.530029296875,2385400
2018-12-18,1026.0899658203125,1049.47998046875,1021.4400024414062,1028.7099609375,1028.7099609375,2192500
2018-12-19,1033.989990234375,1062.0,1008.0499877929688,1023.010009765625,1023.010009765625,2479300
2018-12-20,1018.1300048828125,1034.219970703125,996.3599853515625,1009.4099731445312,1009.4099731445312,2673500
2018-12-21,1015.2999877929688,1024.02001953125,973.6900024414062,979.5399780273438,979.5399780273438,4596000
2018-12-24,973.9000244140625,1003.5399780273438,970.1099853515625,976.219970703125,976.219970703125,1590300
2018-12-26,989.010009765625,1040.0,983.0,1039.4599609375,1039.4599609375,2373300
2018-12-27,1017.1500244140625,1043.8900146484375,997.0,1043.8800048828125,1043.8800048828125,2109800
2018-12-28,1049.6199951171875,1055.56005859375,1033.0999755859375,1037.0799560546875,1037.0799560546875,1414800
2018-12-31,1050.9599609375,1052.699951171875,1023.5900268554688,1035.6099853515625,1035.6099853515625,1493300
2019-01-02,1016.5700073242188,1052.3199462890625,1015.7100219726562,1045.8499755859375,1045.8499755859375,1532600
2019-01-03,1041.0,1056.97998046875,1014.0700073242188,1016.0599975585938,1016.0599975585938,1841100
2019-01-04,1032.5899658203125,1070.8399658203125,1027.41796875,1070.7099609375,1070.7099609375,2093900
2019-01-07,1071.5,1074.0,1054.760009765625,1068.3900146484375,1068.3900146484375,1981900
2019-01-08,1076.1099853515625,1084.56005859375,1060.530029296875,1076.280029296875,1076.280029296875,1764900
2019-01-09,1081.6500244140625,1082.6300048828125,1066.4000244140625,1074.6600341796875,1074.6600341796875,1199300
2019-01-10,1067.6600341796875,1071.1500244140625,1057.7099609375,1070.3299560546875,1070.3299560546875,1456400
2019-01-11,1063.1800537109375,1063.7750244140625,1048.47998046875,1057.18994140625,1057.18994140625,1520800
2019-01-14,1046.9200439453125,1051.530029296875,1041.2550048828125,1044.68994140625,1044.68994140625,1144300
2019-01-15,1050.1700439453125,1080.050048828125,1047.3399658203125,1077.1500244140625,1077.1500244140625,1463600
2019-01-16,1080.0,1092.375,1079.3399658203125,1080.969970703125,1080.969970703125,1331800
2019-01-17,1079.469970703125,1091.800048828125,1073.5,1089.9000244140625,1089.9000244140625,1242700
2019-01-18,1100.0,1108.35205078125,1090.9000244140625,1098.260009765625,1098.260009765625,1955600
2019-01-22,1088.0,1091.510009765625,1063.469970703125,1070.52001953125,1070.52001953125,1613500
2019-01-23,1077.3499755859375,1084.9300537109375,1059.75,1075.5699462890625,1075.5699462890625,967000
2019-01-24,1076.47998046875,1079.4749755859375,1060.699951171875,1073.9000244140625,1073.9000244140625,1361300
2019-01-25,1085.0,1094.0,1081.8199462890625,1090.989990234375,1090.989990234375,1119100
2019-01-28,1080.1099853515625,1083.0,1063.800048828125,1070.0799560546875,1070.0799560546875,1284300
2019-01-29,1072.6800537109375,1075.1500244140625,1055.864990234375,1060.6199951171875,1060.6199951171875,1021800
2019-01-30,1068.4300537109375,1091.0,1066.8499755859375,1089.06005859375,1089.06005859375,1279800
2019-01-31,1103.0,1117.3299560546875,1095.4100341796875,1116.3699951171875,1116.3699951171875,1538300
2019-02-01,1112.4000244140625,1125.0,1104.8900146484375,1110.75,1110.75,1462200
2019-02-04,1112.6600341796875,1132.800048828125,1109.02001953125,1132.800048828125,1132.800048828125,2576500
2019-02-05,1124.8399658203125,1146.8499755859375,1117.248046875,1145.989990234375,1145.989990234375,3552200
2019-02-06,1139.5699462890625,1147.0,1112.77001953125,1115.22998046875,1115.22998046875,2105600
2019-02-07,1104.1600341796875,1104.8399658203125,1086.0,1098.7099609375,1098.7099609375,2044800
2019-02-08,1087.0,1098.9100341796875,1086.550048828125,1095.06005859375,1095.06005859375,1075800
2019-02-11,1096.949951171875,1105.9449462890625,1092.8599853515625,1095.010009765625,1095.010009765625,1065200
2019-02-12,1106.800048828125,1125.2950439453125,1105.8499755859375,1121.3699951171875,1121.3699951171875,1609100
2019-02-13,1124.989990234375,1134.72998046875,1118.5,1120.1600341796875,1120.1600341796875,1049800
2019-02-14,1118.050048828125,1128.22998046875,1110.4449462890625,1121.6700439453125,1121.6700439453125,947600
2019-02-15,1130.0799560546875,1131.6700439453125,1110.6500244140625,1113.6500244140625,1113.6500244140625,1449800
2019-02-19,1110.0,1121.8900146484375,1110.0,1118.56005859375,1118.56005859375,1046400
2019-02-20,1119.989990234375,1123.4100341796875,1105.280029296875,1113.800048828125,1113.800048828125,1087800
2019-02-21,1110.8399658203125,1111.93994140625,1092.52001953125,1096.969970703125,1096.969970703125,1415100
2019-02-22,1100.9000244140625,1111.239990234375,1095.5999755859375,1110.3699951171875,1110.3699951171875,1049500
2019-02-25,1116.0,1118.5400390625,1107.27001953125,1109.4000244140625,1109.4000244140625,1413100
2019-02-26,1105.75,1119.510009765625,1099.9200439453125,1115.1300048828125,1115.1300048828125,1471300
2019-02-27,1106.949951171875,1117.97998046875,1101.0,1116.050048828125,1116.050048828125,968400
2019-02-28,1111.300048828125,1127.6500244140625,1111.010009765625,1119.9200439453125,1119.9200439453125,1542500
2019-03-01,1124.9000244140625,1142.969970703125,1124.75,1140.989990234375,1140.989990234375,1450300
2019-03-04,1146.989990234375,1158.280029296875,1130.68994140625,1147.800048828125,1147.800048828125,1446000
2019-03-05,1150.06005859375,1169.6099853515625,1146.1949462890625,1162.030029296875,1162.030029296875,1443200
2019-03-06,1162.489990234375,1167.5660400390625,1155.489990234375,1157.8599853515625,1157.8599853515625,1099300
2019-03-07,1155.719970703125,1156.7550048828125,1134.9100341796875,1143.300048828125,1143.300048828125,1166600
2019-03-08,1126.72998046875,1147.0799560546875,1123.300048828125,1142.3199462890625,1142.3199462890625,1212400
2019-03-11,1144.449951171875,1176.18994140625,1144.449951171875,1175.760009765625,1175.760009765625,1719200
2019-03-12,1178.260009765625,1200.0,1178.260009765625,1193.199951171875,1193.199951171875,2013100
2019-03-13,1200.64501953125,1200.9300537109375,1191.93994140625,1193.3199462890625,1193.3199462890625,1435900
2019-03-14,1194.510009765625,1197.8800048828125,1184.47998046875,1185.550048828125,1185.550048828125,1172800
2019-03-15,1193.3800048828125,1196.5699462890625,1182.6099853515625,1184.4599609375,1184.4599609375,2461800
2019-03-18,1183.300048828125,1190.0,1177.4210205078125,1184.260009765625,1184.260009765625,1292600
2019-03-19,1188.81005859375,1200.0,1185.8699951171875,1198.8499755859375,1198.8499755859375,1520700
2019-03-20,1197.3499755859375,1227.1400146484375,1196.1700439453125,1223.969970703125,1223.969970703125,2227400
2019-03-21,1216.0,1231.7900390625,1213.1500244140625,1231.5400390625,1231.5400390625,1204000
2019-03-22,1226.3199462890625,1230.0,1202.824951171875,1205.5,1205.5,1714200
2019-03-25,1196.9300537109375,1206.39794921875,1187.0400390625,1193.0,1193.0,1496800
2019-03-26,1198.530029296875,1202.8299560546875,1176.719970703125,1184.6199951171875,1184.6199951171875,1901200
2019-03-27,1185.5,1187.5589599609375,1159.3699951171875,1173.02001953125,1173.02001953125,1400200
2019-03-28,1171.5400390625,1171.56494140625,1159.4310302734375,1168.489990234375,1168.489990234375,1012400
2019-03-29,1174.9000244140625,1178.989990234375,1162.8800048828125,1173.31005859375,1173.31005859375,1269900
2019-04-01,1184.0999755859375,1196.6600341796875,1182.0,1194.4300537109375,1194.4300537109375,1252500
2019-04-02,1195.3199462890625,1201.3499755859375,1185.7099609375,1200.489990234375,1200.489990234375,827900
2019-04-03,1207.47998046875,1216.300048828125,1200.5,1205.9200439453125,1205.9200439453125,1017800
2019-04-04,1205.93994140625,1215.6700439453125,1204.1300048828125,1215.0,1215.0,950000
2019-04-05,1214.989990234375,1216.219970703125,1205.030029296875,1207.1500244140625,1207.1500244140625,907200
2019-04-08,1207.8900146484375,1208.68994140625,1199.8599853515625,1203.8399658203125,1203.8399658203125,860200
2019-04-09,1196.0,1202.2900390625,1193.0799560546875,1197.25,1197.25,876400
2019-04-10,1200.6800537109375,1203.7850341796875,1196.43505859375,1202.1600341796875,1202.1600341796875,724600
2019-04-11,1203.9599609375,1207.9599609375,1200.1300048828125,1204.6199951171875,1204.6199951171875,710200
2019-04-12,1210.0,1218.3499755859375,1208.1099853515625,1217.8699951171875,1217.8699951171875,933400
2019-04-15,1218.0,1224.199951171875,1209.1099853515625,1221.0999755859375,1221.0999755859375,1187400
2019-04-16,1225.0,1230.8199462890625,1220.1199951171875,1227.1300048828125,1227.1300048828125,856300
2019-04-17,1233.0,1240.56005859375,1227.8199462890625,1236.3399658203125,1236.3399658203125,1221900
2019-04-18,1239.1800537109375,1242.0,1234.6099853515625,1236.3699951171875,1236.3699951171875,1331800
2019-04-22,1235.989990234375,1249.0899658203125,1228.31005859375,1248.8399658203125,1248.8399658203125,807300
2019-04-23,1250.68994140625,1269.0,1246.3800048828125,1264.550048828125,1264.550048828125,1319900
2019-04-24,1264.1199951171875,1268.010009765625,1255.0,1256.0,1256.0,1018800
2019-04-25,1264.77001953125,1267.407958984375,1252.030029296875,1263.449951171875,1263.449951171875,1107300
2019-04-26,1269.0,1273.0699462890625,1260.3199462890625,1272.1800537109375,1272.1800537109375,1241400
2019-04-29,1274.0,1289.27001953125,1266.2950439453125,1287.5799560546875,1287.5799560546875,2499400
2019-04-30,1185.0,1192.81005859375,1175.0,1188.47998046875,1188.47998046875,6207000
2019-05-01,1188.050048828125,1188.050048828125,1167.1800537109375,1168.0799560546875,1168.0799560546875,2639200
2019-05-02,1167.760009765625,1174.18994140625,1155.001953125,1162.6099853515625,1162.6099853515625,1944800
2019-05-03,1173.6500244140625,1186.800048828125,1169.0,1185.4000244140625,1185.4000244140625,1980700
2019-05-06,1166.260009765625,1190.8499755859375,1166.260009765625,1189.3900146484375,1189.3900146484375,1563900
2019-05-07,1180.469970703125,1190.43994140625,1161.0400390625,1174.0999755859375,1174.0999755859375,1551400
2019-05-08,1172.010009765625,1180.4239501953125,1165.739990234375,1166.27001953125,1166.27001953125,1309300
2019-05-09,1159.030029296875,1169.6600341796875,1150.8499755859375,1162.3800048828125,1162.3800048828125,1185700
2019-05-10,1163.5899658203125,1172.5999755859375,1142.5,1164.27001953125,1164.27001953125,1314500
2019-05-13,1141.9599609375,1147.93994140625,1122.1099853515625,1132.030029296875,1132.030029296875,1860600
2019-05-14,1137.2099609375,1140.4200439453125,1119.550048828125,1120.43994140625,1120.43994140625,1836600
2019-05-15,1117.8699951171875,1171.3299560546875,1116.666015625,1164.2099609375,1164.2099609375,2289300
2019-05-16,1164.510009765625,1188.1600341796875,1162.8399658203125,1178.97998046875,1178.97998046875,1531400
2019-05-17,1168.469970703125,1180.1500244140625,1160.010009765625,1162.300048828125,1162.300048828125,1208600
2019-05-20,1144.5,1146.7969970703125,1131.4429931640625,1138.8499755859375,1138.8499755859375,1353300
2019-05-21,1148.489990234375,1152.7080078125,1137.93994140625,1149.6300048828125,1149.6300048828125,1159800
2019-05-22,1146.75,1158.52001953125,1145.8900146484375,1151.4200439453125,1151.4200439453125,914500
2019-05-23,1140.5,1145.9730224609375,1129.2239990234375,1140.77001953125,1140.77001953125,1198900
2019-05-24,1147.3599853515625,1149.7650146484375,1131.6600341796875,1133.469970703125,1133.469970703125,1112000
2019-05-28,1134.0,1151.5870361328125,1133.1199951171875,1134.1500244140625,1134.1500244140625,1365000
2019-05-29,1127.52001953125,1129.0999755859375,1108.219970703125,1116.4599609375,1116.4599609375,1538200
2019-05-30,1115.5400390625,1123.1300048828125,1112.1199951171875,1117.949951171875,1117.949951171875,951900
2019-05-31,1101.2900390625,1109.5999755859375,1100.1800537109375,1103.6300048828125,1103.6300048828125,1507800
2019-06-03,1065.5,1065.5,1025.0,1036.22998046875,1036.22998046875,5130600
2019-06-04,1042.9000244140625,1056.050048828125,1033.68994140625,1053.050048828125,1053.050048828125,2833500
2019-06-05,1051.5400390625,1053.550048828125,1030.489990234375,1042.219970703125,1042.219970703125,2168400
2019-06-06,1044.989990234375,1047.489990234375,1033.699951171875,1044.3399658203125,1044.3399658203125,1703200
2019-06-07,1050.6300048828125,1070.9200439453125,1048.4000244140625,1066.0400390625,1066.0400390625,1802400
2019-06-10,1072.97998046875,1092.6600341796875,1072.322021484375,1080.3800048828125,1080.3800048828125,1464200
2019-06-11,1093.97998046875,1101.989990234375,1077.60302734375,1078.719970703125,1078.719970703125,1436700
2019-06-12,1078.0,1080.9300537109375,1067.5400390625,1077.030029296875,1077.030029296875,1061000
2019-06-13,1083.6400146484375,1094.1700439453125,1080.1500244140625,1088.77001953125,1088.77001953125,1057700
2019-06-14,1086.4200439453125,1092.68994140625,1080.1719970703125,1085.3499755859375,1085.3499755859375,1111500
2019-06-17,1086.280029296875,1099.1800537109375,1086.280029296875,1092.5,1092.5,941600
2019-06-18,1109.68994140625,1116.3900146484375,1098.989990234375,1103.5999755859375,1103.5999755859375,1386700
2019-06-19,1105.5999755859375,1107.0,1093.47998046875,1102.3299560546875,1102.3299560546875,1338800
2019-06-20,1119.989990234375,1120.1199951171875,1104.739990234375,1111.4200439453125,1111.4200439453125,1262000
2019-06-21,1109.239990234375,1124.1099853515625,1108.0799560546875,1121.8800048828125,1121.8800048828125,1947600
2019-06-24,1119.6099853515625,1122.0,1111.010009765625,1115.52001953125,1115.52001953125,1395600
2019-06-25,1112.6600341796875,1114.3499755859375,1083.800048828125,1086.3499755859375,1086.3499755859375,1546900
2019-06-26,1086.5,1092.969970703125,1072.239990234375,1079.800048828125,1079.800048828125,1810900
2019-06-27,1084.0,1087.0999755859375,1075.2900390625,1076.010009765625,1076.010009765625,1004300
2019-06-28,1076.3900146484375,1081.0,1073.3699951171875,1080.9100341796875,1080.9100341796875,1693200
2019-07-01,1098.0,1107.5799560546875,1093.7030029296875,1097.949951171875,1097.949951171875,1436300
2019-07-02,1102.239990234375,1111.77001953125,1098.1700439453125,1111.25,1111.25,991600
2019-07-03,1117.4100341796875,1126.760009765625,1113.8599853515625,1121.5799560546875,1121.5799560546875,767000
2019-07-05,1117.800048828125,1132.8800048828125,1116.1400146484375,1131.5899658203125,1131.5899658203125,1264300
2019-07-08,1125.1700439453125,1125.97998046875,1111.2099609375,1116.3499755859375,1116.3499755859375,1236400
2019-07-09,1111.800048828125,1128.0250244140625,1107.1700439453125,1124.8299560546875,1124.8299560546875,1330400
2019-07-10,1131.219970703125,1142.050048828125,1130.969970703125,1140.47998046875,1140.47998046875,1209500
2019-07-11,1143.25,1153.0699462890625,1139.5799560546875,1144.2099609375,1144.2099609375,1195500
2019-07-12,1143.989990234375,1147.3399658203125,1138.780029296875,1144.9000244140625,1144.9000244140625,864000
2019-07-15,1146.8599853515625,1150.8199462890625,1139.4000244140625,1150.3399658203125,1150.3399658203125,903800
2019-07-16,1146.0,1158.5799560546875,1145.0,1153.5799560546875,1153.5799560546875,1238800
2019-07-17,1150.969970703125,1158.3599853515625,1145.77001953125,1146.3499755859375,1146.3499755859375,1170000
2019-07-18,1141.739990234375,1147.60498046875,1132.72998046875,1146.3299560546875,1146.3299560546875,1291300
2019-07-19,1148.18994140625,1151.1400146484375,1129.6199951171875,1130.0999755859375,1130.0999755859375,1647200
2019-07-22,1133.449951171875,1139.25,1124.239990234375,1138.0699462890625,1138.0699462890625,1301500
2019-07-23,1144.0,1146.9000244140625,1131.800048828125,1146.2099609375,1146.2099609375,1093700
2019-07-24,1131.9000244140625,1144.0,1126.989990234375,1137.81005859375,1137.81005859375,1589800
2019-07-25,1137.8199462890625,1141.699951171875,1120.9200439453125,1132.1199951171875,1132.1199951171875,2209800
2019-07-26,1224.0400390625,1265.550048828125,1224.0,1250.4100341796875,1250.4100341796875,4805800
2019-07-29,1241.050048828125,1247.3699951171875,1228.22998046875,1239.4100341796875,1239.4100341796875,2223700
2019-07-30,1225.4100341796875,1234.8699951171875,1223.300048828125,1225.1400146484375,1225.1400146484375,1453300
2019-07-31,1223.0,1234.0,1207.7640380859375,1216.6800537109375,1216.6800537109375,1725500
2019-08-01,1214.030029296875,1234.1099853515625,1205.719970703125,1209.010009765625,1209.010009765625,1698500
2019-08-02,1200.739990234375,1206.9000244140625,1188.93994140625,1193.989990234375,1193.989990234375,1645100
2019-08-05,1170.0400390625,1175.239990234375,1140.1400146484375,1152.3199462890625,1152.3199462890625,2597500
2019-08-06,1163.31005859375,1179.9599609375,1160.0,1169.949951171875,1169.949951171875,1709400
2019-08-07,1156.0,1178.4449462890625,1149.6240234375,1173.989990234375,1173.989990234375,1444300
2019-08-08,1182.8299560546875,1205.010009765625,1173.02001953125,1204.800048828125,1204.800048828125,1468000
2019-08-09,1197.989990234375,1203.8800048828125,1183.60302734375,1188.010009765625,1188.010009765625,1065700
2019-08-12,1179.2099609375,1184.9599609375,1167.6719970703125,1174.7099609375,1174.7099609375,1003000
2019-08-13,1171.4599609375,1204.780029296875,1171.4599609375,1197.27001953125,1197.27001953125,1294400
2019-08-14,1176.31005859375,1182.300048828125,1160.5400390625,1164.2900390625,1164.2900390625,1578700
2019-08-15,1163.5,1175.8399658203125,1162.1099853515625,1167.260009765625,1167.260009765625,1218700
2019-08-16,1179.550048828125,1182.719970703125,1171.81005859375,1177.5999755859375,1177.5999755859375,1313300
2019-08-19,1190.0899658203125,1206.989990234375,1190.0899658203125,1198.449951171875,1198.449951171875,1231600
2019-08-20,1195.25,1196.06005859375,1182.1099853515625,1182.68994140625,1182.68994140625,915500
2019-08-21,1193.1500244140625,1199.0,1187.4300537109375,1191.25,1191.25,740700
2019-08-22,1194.0699462890625,1198.011962890625,1178.5799560546875,1189.530029296875,1189.530029296875,947500
2019-08-23,1181.989990234375,1194.0799560546875,1147.75,1151.2900390625,1151.2900390625,1687000
2019-08-26,1157.260009765625,1169.469970703125,1152.9599609375,1168.8900146484375,1168.8900146484375,1226100
2019-08-27,1180.530029296875,1182.4000244140625,1161.449951171875,1167.8399658203125,1167.8399658203125,1077200
2019-08-28,1161.7099609375,1176.4200439453125,1157.300048828125,1171.02001953125,1171.02001953125,802000
2019-08-29,1181.1199951171875,1196.06005859375,1181.1199951171875,1192.8499755859375,1192.8499755859375,1088400
2019-08-30,1198.5,1198.5,1183.802978515625,1188.0999755859375,1188.0999755859375,1129800
2019-09-03,1177.030029296875,1186.8900146484375,1163.199951171875,1168.3900146484375,1168.3900146484375,1479900
2019-09-04,1176.7099609375,1183.47998046875,1171.0,1181.4100341796875,1181.4100341796875,1068900
2019-09-05,1191.530029296875,1213.0400390625,1191.530029296875,1211.3800048828125,1211.3800048828125,1408100
2019-09-06,1208.1300048828125,1212.0150146484375,1202.52197265625,1204.9300537109375,1204.9300537109375,1072100
2019-09-09,1204.0,1220.0,1192.6199951171875,1204.4100341796875,1204.4100341796875,1471900
2019-09-10,1195.1500244140625,1210.0,1194.5799560546875,1206.0,1206.0,1260100
2019-09-11,1203.4100341796875,1222.5999755859375,1202.199951171875,1220.1700439453125,1220.1700439453125,1307000
2019-09-12,1224.300048828125,1241.8599853515625,1223.02001953125,1234.25,1234.25,1725900
2019-09-13,1231.3499755859375,1240.8800048828125,1227.010009765625,1239.56005859375,1239.56005859375,1301400
2019-09-16,1229.52001953125,1239.56005859375,1225.6099853515625,1231.300048828125,1231.300048828125,1053300
2019-09-17,1230.4000244140625,1235.0,1223.68994140625,1229.1500244140625,1229.1500244140625,955100
2019-09-18,1227.510009765625,1235.6099853515625,1216.530029296875,1232.4100341796875,1232.4100341796875,1135100
2019-09-19,1232.06005859375,1244.43994140625,1232.02001953125,1238.7099609375,1238.7099609375,996000
2019-09-20,1233.1199951171875,1243.3199462890625,1223.0799560546875,1229.9300537109375,1229.9300537109375,2270000
2019-09-23,1226.0,1239.0899658203125,1224.1700439453125,1234.030029296875,1234.030029296875,1062400
2019-09-24,1240.0,1246.739990234375,1210.6800537109375,1218.760009765625,1218.760009765625,1583200
2019-09-25,1215.8199462890625,1248.300048828125,1210.0899658203125,1246.52001953125,1246.52001953125,1453000
2019-09-26,1241.9599609375,1245.0,1232.2679443359375,1241.3900146484375,1241.3900146484375,1538000
2019-09-27,1243.010009765625,1244.02001953125,1214.449951171875,1225.0899658203125,1225.0899658203125,1353900
2019-09-30,1220.969970703125,1226.0,1212.300048828125,1219.0,1219.0,1404100
2019-10-01,1219.0,1231.22998046875,1203.5799560546875,1205.0999755859375,1205.0999755859375,1273500
2019-10-02,1196.97998046875,1196.97998046875,1171.2900390625,1176.6300048828125,1176.6300048828125,1615100
2019-10-03,1180.0,1189.06005859375,1162.4300537109375,1187.8299560546875,1187.8299560546875,1621200
2019-10-04,1191.8900146484375,1211.43994140625,1189.1700439453125,1209.0,1209.0,1162400
2019-10-07,1204.4000244140625,1218.2039794921875,1203.75,1207.6800537109375,1207.6800537109375,842900
2019-10-08,1197.5899658203125,1206.0799560546875,1189.010009765625,1189.1300048828125,1189.1300048828125,1039300
2019-10-09,1199.3499755859375,1208.3499755859375,1197.6300048828125,1202.31005859375,1202.31005859375,867700
2019-10-10,1198.5799560546875,1215.0,1197.3399658203125,1208.6700439453125,1208.6700439453125,846600
2019-10-11,1222.2099609375,1228.3900146484375,1213.739990234375,1215.449951171875,1215.449951171875,1272700
2019-10-14,1212.3399658203125,1226.3299560546875,1211.760009765625,1217.1400146484375,1217.1400146484375,867500
2019-10-15,1220.4000244140625,1247.3299560546875,1220.4000244140625,1243.010009765625,1243.010009765625,1381700
2019-10-16,1241.1700439453125,1254.739990234375,1238.449951171875,1243.6400146484375,1243.6400146484375,1094600
2019-10-17,1250.9300537109375,1263.324951171875,1249.93994140625,1253.0699462890625,1253.0699462890625,952400
2019-10-18,1253.4599609375,1258.8900146484375,1241.0799560546875,1245.489990234375,1245.489990234375,1352800
2019-10-21,1252.260009765625,1254.6290283203125,1240.5999755859375,1246.1500244140625,1246.1500244140625,1027200
2019-10-22,1247.8499755859375,1250.5999755859375,1241.3800048828125,1242.800048828125,1242.800048828125,1023800
2019-10-23,1242.3599853515625,1259.8900146484375,1242.3599853515625,1259.1300048828125,1259.1300048828125,911500
2019-10-24,1260.9000244140625,1264.0,1253.7149658203125,1260.989990234375,1260.989990234375,1028100
2019-10-25,1251.030029296875,1269.5999755859375,1250.010009765625,1265.1300048828125,1265.1300048828125,1213100
2019-10-28,1275.449951171875,1299.31005859375,1272.5400390625,1290.0,1290.0,2613200
2019-10-29,1276.22998046875,1281.5899658203125,1257.2120361328125,1262.6199951171875,1262.6199951171875,1886400
2019-10-30,1252.969970703125,1269.3599853515625,1252.0,1261.2900390625,1261.2900390625,1408900
2019-10-31,1261.280029296875,1267.6700439453125,1250.843017578125,1260.1099853515625,1260.1099853515625,1455700
2019-11-01,1265.0,1274.6199951171875,1260.5,1273.739990234375,1273.739990234375,1670100
2019-11-04,1276.449951171875,1294.1300048828125,1276.35498046875,1291.3699951171875,1291.3699951171875,1501000
2019-11-05,1292.8900146484375,1298.9300537109375,1291.22900390625,1292.030029296875,1292.030029296875,1282700
2019-11-06,1289.4599609375,1293.72998046875,1282.5,1291.800048828125,1291.800048828125,1152700
2019-11-07,1294.280029296875,1323.739990234375,1294.2449951171875,1308.8599853515625,1308.8599853515625,2030000
2019-11-08,1305.280029296875,1318.0,1304.364990234375,1311.3699951171875,1311.3699951171875,1251400
2019-11-11,1303.1800537109375,1306.425048828125,1297.4100341796875,1299.18994140625,1299.18994140625,1011900
2019-11-12,1300.0,1310.0,1295.77001953125,1298.800048828125,1298.800048828125,1085900
2019-11-13,1294.0699462890625,1304.300048828125,1293.510009765625,1298.0,1298.0,826700
2019-11-14,1297.5,1317.0,1295.6500244140625,1311.4599609375,1311.4599609375,1193500
2019-11-15,1318.93994140625,1334.8800048828125,1314.280029296875,1334.8699951171875,1334.8699951171875,1782600
2019-11-18,1332.219970703125,1335.529052734375,1317.5,1320.699951171875,1320.699951171875,1487400
2019-11-19,1327.699951171875,1327.699951171875,1312.800048828125,1315.4599609375,1315.4599609375,1269200
2019-11-20,1311.739990234375,1315.0,1291.1500244140625,1303.050048828125,1303.050048828125,1308600
2019-11-21,1301.47998046875,1312.5899658203125,1293.0,1301.3499755859375,1301.3499755859375,995500
2019-11-22,1305.6199951171875,1308.72998046875,1291.4100341796875,1295.3399658203125,1295.3399658203125,1385700
2019-11-25,1299.1800537109375,1311.31005859375,1298.1300048828125,1306.68994140625,1306.68994140625,1036200
2019-11-26,1309.8599853515625,1314.800048828125,1305.0899658203125,1313.550048828125,1313.550048828125,1069700
2019-11-27,1315.0,1318.3599853515625,1309.6300048828125,1312.989990234375,1312.989990234375,995600
2019-11-29,1307.1199951171875,1310.2049560546875,1303.969970703125,1304.9599609375,1304.9599609375,587000
2019-12-02,1301.0,1305.8299560546875,1281.0,1289.9200439453125,1289.9200439453125,1510900
2019-12-03,1279.5699462890625,1298.4610595703125,1279.0,1295.280029296875,1295.280029296875,1143800
2019-12-04,1307.010009765625,1325.800048828125,1304.8699951171875,1320.5400390625,1320.5400390625,1537500
2019-12-05,1328.0,1329.3580322265625,1316.43994140625,1328.1300048828125,1328.1300048828125,1212700
2019-12-06,1333.43994140625,1344.0,1333.43994140625,1340.6199951171875,1340.6199951171875,1314800
2019-12-09,1338.0400390625,1359.449951171875,1337.8399658203125,1343.56005859375,1343.56005859375,1354300
2019-12-10,1341.5,1349.9749755859375,1336.0400390625,1344.6600341796875,1344.6600341796875,1094100
2019-12-11,1350.8399658203125,1351.199951171875,1342.6700439453125,1345.02001953125,1345.02001953125,850400
2019-12-12,1345.93994140625,1355.7750244140625,1340.5,1350.27001953125,1350.27001953125,1281000
2019-12-13,1347.949951171875,1353.093017578125,1343.8699951171875,1347.8299560546875,1347.8299560546875,1549600
2019-12-16,1356.5,1364.6800537109375,1352.6700439453125,1361.1700439453125,1361.1700439453125,1397300
2019-12-17,1362.8900146484375,1365.0,1351.322998046875,1355.1199951171875,1355.1199951171875,1854000
2019-12-18,1356.5999755859375,1360.469970703125,1351.0,1352.6199951171875,1352.6199951171875,1522600
2019-12-19,1351.8199462890625,1358.0999755859375,1348.9849853515625,1356.0400390625,1356.0400390625,1469900
2019-12-20,1363.3499755859375,1363.6400146484375,1349.0,1349.5899658203125,1349.5899658203125,3315000
2019-12-23,1355.8699951171875,1359.800048828125,1346.510009765625,1348.8399658203125,1348.8399658203125,883100
2019-12-24,1348.5,1350.260009765625,1342.780029296875,1343.56005859375,1343.56005859375,347500
2019-12-26,1346.1700439453125,1361.3270263671875,1344.469970703125,1360.4000244140625,1360.4000244140625,667500
2019-12-27,1362.989990234375,1364.530029296875,1349.31005859375,1351.8900146484375,1351.8900146484375,1038400
2019-12-30,1350.0,1353.0,1334.02001953125,1336.1400146484375,1336.1400146484375,1050900
2019-12-31,1330.1099853515625,1338.0,1329.0849609375,1337.02001953125,1337.02001953125,961800
2020-01-02,1341.550048828125,1368.1400146484375,1341.550048828125,1367.3699951171875,1367.3699951171875,1406600
2020-01-03,1347.8599853515625,1372.5,1345.5439453125,1360.6600341796875,1360.6600341796875,1186400
2020-01-06,1350.0,1396.5,1350.0,1394.2099609375,1394.2099609375,1732300
2020-01-07,1397.93994140625,1402.989990234375,1390.3800048828125,1393.3399658203125,1393.3399658203125,1502700
2020-01-08,1392.0799560546875,1411.5799560546875,1390.8399658203125,1404.3199462890625,1404.3199462890625,1528000
2020-01-09,1420.5699462890625,1427.3299560546875,1410.27001953125,1419.8299560546875,1419.8299560546875,1500900
2020-01-10,1427.56005859375,1434.928955078125,1418.3499755859375,1429.72998046875,1429.72998046875,1820700
2020-01-13,1436.1300048828125,1440.52001953125,1426.02001953125,1439.22998046875,1439.22998046875,1652300
2020-01-14,1439.010009765625,1441.800048828125,1428.3699951171875,1430.8800048828125,1430.8800048828125,1558900
2020-01-15,1430.2099609375,1441.39501953125,1430.2099609375,1439.199951171875,1439.199951171875,1282700
2020-01-16,1447.43994140625,1451.989990234375,1440.9200439453125,1451.699951171875,1451.699951171875,1173700
2020-01-17,1462.9100341796875,1481.2950439453125,1458.219970703125,1480.3900146484375,1480.3900146484375,2396200
2020-01-21,1479.1199951171875,1491.8499755859375,1471.199951171875,1484.4000244140625,1484.4000244140625,2036700
2020-01-22,1491.0,1503.2139892578125,1484.9300537109375,1485.949951171875,1485.949951171875,1610800
2020-01-23,1487.6400146484375,1495.52001953125,1482.0999755859375,1486.6500244140625,1486.6500244140625,1351200
2020-01-24,1493.5899658203125,1495.4949951171875,1465.25,1466.7099609375,1466.7099609375,1784600
2020-01-27,1431.0,1438.0699462890625,1421.199951171875,1433.9000244140625,1433.9000244140625,1755200
2020-01-28,1443.0,1456.0,1432.469970703125,1452.56005859375,1452.56005859375,1577400
2020-01-29,1458.800048828125,1465.4300537109375,1446.739990234375,1458.6300048828125,1458.6300048828125,1077700
2020-01-30,1439.9599609375,1457.280029296875,1436.4000244140625,1455.8399658203125,1455.8399658203125,1339400
2020-01-31,1468.9000244140625,1470.1300048828125,1428.530029296875,1434.22998046875,1434.22998046875,2417200
2020-02-03,1462.0,1490.0,1458.989990234375,1485.93994140625,1485.93994140625,3055200
2020-02-04,1457.0699462890625,1469.5,1426.300048828125,1447.0699462890625,1447.0699462890625,3933000
2020-02-05,1462.4200439453125,1463.8399658203125,1430.56005859375,1448.22998046875,1448.22998046875,1986200
2020-02-06,1450.3299560546875,1482.0,1449.5699462890625,1476.22998046875,1476.22998046875,1679400
2020-02-07,1467.300048828125,1485.8399658203125,1466.3499755859375,1479.22998046875,1479.22998046875,1172300
2020-02-10,1474.3199462890625,1509.5,1474.3199462890625,1508.6800537109375,1508.6800537109375,1419900
2020-02-11,1511.81005859375,1529.6300048828125,1505.637939453125,1508.7900390625,1508.7900390625,1344600
2020-02-12,1514.47998046875,1520.6949462890625,1508.1099853515625,1518.27001953125,1518.27001953125,1167600
2020-02-13,1512.68994140625,1527.1800537109375,1504.5999755859375,1514.6600341796875,1514.6600341796875,929500
2020-02-14,1515.5999755859375,1520.739990234375,1507.3399658203125,1520.739990234375,1520.739990234375,1197800
2020-02-18,1515.0,1531.6300048828125,1512.5899658203125,1519.6700439453125,1519.6700439453125,1120700
2020-02-19,1525.0699462890625,1532.10595703125,1521.4000244140625,1526.68994140625,1526.68994140625,949300
2020-02-20,1522.0,1529.6400146484375,1506.8199462890625,1518.1500244140625,1518.1500244140625,1096600
2020-02-21,1508.030029296875,1512.2149658203125,1480.43994140625,1485.1099853515625,1485.1099853515625,1731700
2020-02-24,1426.1099853515625,1436.969970703125,1411.3900146484375,1421.5899658203125,1421.5899658203125,2867100
2020-02-25,1433.0,1438.1400146484375,1382.4000244140625,1388.449951171875,1388.449951171875,2478300
2020-02-26,1396.1400146484375,1415.699951171875,1379.0,1393.1800537109375,1393.1800537109375,2202400
2020-02-27,1362.06005859375,1371.7039794921875,1317.1700439453125,1318.0899658203125,1318.0899658203125,2978300
2020-02-28,1277.5,1341.1400146484375,1271.0,1339.3299560546875,1339.3299560546875,3790600
2020-03-02,1351.6099853515625,1390.8699951171875,1326.81494140625,1389.1099853515625,1389.1099853515625,2431500
2020-03-03,1399.4200439453125,1410.1500244140625,1332.0,1341.3900146484375,1341.3900146484375,2402300
2020-03-04,1359.22998046875,1388.0899658203125,1343.1099853515625,1386.52001953125,1386.52001953125,1913300
2020-03-05,1350.199951171875,1358.9100341796875,1305.0999755859375,1319.0400390625,1319.0400390625,2561300
2020-03-06,1277.06005859375,1306.219970703125,1261.050048828125,1298.4100341796875,1298.4100341796875,2660600
2020-03-09,1205.300048828125,1254.760009765625,1200.0,1215.56005859375,1215.56005859375,3365400
2020-03-10,1260.0,1281.1500244140625,1218.77001953125,1280.3900146484375,1280.3900146484375,2611400
2020-03-11,1249.699951171875,1260.9599609375,1196.0699462890625,1215.4100341796875,1215.4100341796875,2608500
2020-03-12,1126.0,1193.8699951171875,1113.300048828125,1114.9100341796875,1114.9100341796875,4226700
2020-03-13,1179.0,1219.760009765625,1117.1429443359375,1219.72998046875,1219.72998046875,3700100
2020-03-16,1096.0,1152.2669677734375,1074.43994140625,1084.3299560546875,1084.3299560546875,4252400
2020-03-17,1093.1099853515625,1130.8599853515625,1056.010009765625,1119.800048828125,1119.800048828125,3861500
2020-03-18,1056.510009765625,1106.5,1037.280029296875,1096.800048828125,1096.800048828125,4233400
2020-03-19,1093.050048828125,1157.969970703125,1060.1080322265625,1115.2900390625,1115.2900390625,3651100
2020-03-20,1135.719970703125,1143.989990234375,1065.489990234375,1072.3199462890625,1072.3199462890625,3601800
2020-03-23,1061.3199462890625,1071.3199462890625,1013.5360107421875,1056.6199951171875,1056.6199951171875,4044100
2020-03-24,1103.77001953125,1135.0,1090.6199951171875,1134.4599609375,1134.4599609375,3344500
2020-03-25,1126.469970703125,1148.9000244140625,1086.010009765625,1102.489990234375,1102.489990234375,4081500
2020-03-26,1111.800048828125,1169.969970703125,1093.530029296875,1161.75,1161.75,3571700
2020-03-27,1125.6700439453125,1150.6700439453125,1105.9100341796875,1110.7099609375,1110.7099609375,3208500
2020-03-30,1125.0400390625,1151.6300048828125,1096.47998046875,1146.8199462890625,1146.8199462890625,2574100
2020-03-31,1147.300048828125,1175.31005859375,1138.1400146484375,1162.81005859375,1162.81005859375,2486400
2020-04-01,1122.0,1129.68994140625,1097.449951171875,1105.6199951171875,1105.6199951171875,2344200
2020-04-02,1098.260009765625,1126.8599853515625,1096.4000244140625,1120.8399658203125,1120.8399658203125,1964900
2020-04-03,1119.0150146484375,1123.5400390625,1079.81005859375,1097.8800048828125,1097.8800048828125,2313400
2020-04-06,1138.0,1194.6600341796875,1130.93994140625,1186.9200439453125,1186.9200439453125,2664700
2020-04-07,1221.0,1225.0,1182.22998046875,1186.510009765625,1186.510009765625,2387300
2020-04-08,1206.5,1219.0699462890625,1188.1600341796875,1210.280029296875,1210.280029296875,1975100
2020-04-09,1224.0799560546875,1225.5699462890625,1196.7349853515625,1211.449951171875,1211.449951171875,2175400
2020-04-13,1209.1800537109375,1220.510009765625,1187.5980224609375,1217.56005859375,1217.56005859375,1739800
2020-04-14,1245.0899658203125,1282.0699462890625,1236.9300537109375,1269.22998046875,1269.22998046875,2470400
2020-04-15,1245.6099853515625,1280.4599609375,1240.4000244140625,1262.469970703125,1262.469970703125,1671700
2020-04-16,1274.0999755859375,1279.0,1242.6199951171875,1263.469970703125,1263.469970703125,2518100
2020-04-17,1284.8499755859375,1294.4300537109375,1271.22998046875,1283.25,1283.25,1949000
2020-04-20,1271.0,1281.5999755859375,1261.3699951171875,1266.6099853515625,1266.6099853515625,1695500
2020-04-21,1247.0,1254.27001953125,1209.7099609375,1216.3399658203125,1216.3399658203125,2153000
2020-04-22,1245.5400390625,1285.613037109375,1242.0,1263.2099609375,1263.2099609375,2093100
2020-04-23,1271.550048828125,1293.31005859375,1265.6700439453125,1276.31005859375,1276.31005859375,1566200
2020-04-24,1261.1700439453125,1280.4000244140625,1249.449951171875,1279.31005859375,1279.31005859375,1640400
2020-04-27,1296.0,1296.1500244140625,1269.0,1275.8800048828125,1275.8800048828125,1600600
2020-04-28,1287.9300537109375,1288.050048828125,1232.199951171875,1233.6700439453125,1233.6700439453125,2951300
2020-04-29,1341.4599609375,1359.989990234375,1325.3399658203125,1341.47998046875,1341.47998046875,3793600
2020-04-30,1324.8800048828125,1352.8199462890625,1322.489990234375,1348.6600341796875,1348.6600341796875,2668900
2020-05-01,1328.5,1352.0699462890625,1311.0,1320.6099853515625,1320.6099853515625,2072500
2020-05-04,1308.22998046875,1327.6600341796875,1299.0,1326.800048828125,1326.800048828125,1504000
2020-05-05,1337.9200439453125,1373.93994140625,1337.4599609375,1351.1099853515625,1351.1099853515625,1651500
2020-05-06,1361.68994140625,1371.1199951171875,1347.2900390625,1347.300048828125,1347.300048828125,1215400
2020-05-07,1365.93994140625,1377.5999755859375,1355.27001953125,1372.56005859375,1372.56005859375,1397600
2020-05-08,1383.1300048828125,1398.760009765625,1375.47998046875,1388.3699951171875,1388.3699951171875,1388100
2020-05-11,1378.280029296875,1416.530029296875,1377.1519775390625,1403.260009765625,1403.260009765625,1412100
2020-05-12,1407.1199951171875,1415.0,1374.77001953125,1375.739990234375,1375.739990234375,1390600
2020-05-13,1377.050048828125,1385.4820556640625,1328.4000244140625,1349.3299560546875,1349.3299560546875,1812600
2020-05-14,1335.02001953125,1357.4200439453125,1323.9100341796875,1356.1300048828125,1356.1300048828125,1603100
2020-05-15,1350.0,1374.47998046875,1339.0,1373.18994140625,1373.18994140625,1707700
2020-05-18,1361.75,1392.324951171875,1354.25,1383.93994140625,1383.93994140625,1824000
2020-05-19,1386.9969482421875,1392.0,1373.4849853515625,1373.4849853515625,1373.4849853515625,1280600
2020-05-20,1389.5799560546875,1410.4200439453125,1387.25,1406.719970703125,1406.719970703125,1655400
2020-05-21,1408.0,1415.489990234375,1393.449951171875,1402.800048828125,1402.800048828125,1385000
2020-05-22,1396.7099609375,1412.760009765625,1391.8299560546875,1410.4200439453125,1410.4200439453125,1309400
2020-05-26,1437.27001953125,1441.0,1412.1300048828125,1417.02001953125,1417.02001953125,2060600
2020-05-27,1417.25,1421.739990234375,1391.2900390625,1417.8399658203125,1417.8399658203125,1685800
2020-05-28,1396.8599853515625,1440.8399658203125,1396.0,1416.72998046875,1416.72998046875,1692200
2020-05-29,1416.93994140625,1432.5699462890625,1413.3499755859375,1428.9200439453125,1428.9200439453125,1838100
2020-06-01,1418.3900146484375,1437.9599609375,1418.0,1431.8199462890625,1431.8199462890625,1217100
2020-06-02,1430.550048828125,1439.6099853515625,1418.8299560546875,1439.219970703125,1439.219970703125,1278100
2020-06-03,1438.300048828125,1446.552001953125,1429.7769775390625,1436.3800048828125,1436.3800048828125,1256200
2020-06-04,1430.4000244140625,1438.9599609375,1404.72998046875,1412.1800537109375,1412.1800537109375,1484300
2020-06-05,1413.1700439453125,1445.050048828125,1406.0,1438.3900146484375,1438.3900146484375,1734900
2020-06-08,1422.3399658203125,1447.989990234375,1422.3399658203125,1446.6099853515625,1446.6099853515625,1404200
2020-06-09,1445.3599853515625,1468.0,1443.2099609375,1456.1600341796875,1456.1600341796875,1409200
2020-06-10,1459.5400390625,1474.259033203125,1456.27001953125,1465.8499755859375,1465.8499755859375,1525200
2020-06-11,1442.47998046875,1454.4749755859375,1402.0,1403.8399658203125,1403.8399658203125,1991300
2020-06-12,1428.489990234375,1437.0,1386.02001953125,1413.1800537109375,1413.1800537109375,1944200
2020-06-15,1390.800048828125,1424.800048828125,1387.9200439453125,1419.8499755859375,1419.8499755859375,1503900
2020-06-16,1445.219970703125,1455.02001953125,1425.9000244140625,1442.719970703125,1442.719970703125,1709200
2020-06-17,1447.1600341796875,1460.0,1431.3800048828125,1451.1199951171875,1451.1199951171875,1548300
2020-06-18,1449.1600341796875,1451.4100341796875,1427.010009765625,1435.9599609375,1435.9599609375,1581900
2020-06-19,1444.0,1447.800048828125,1421.3499755859375,1431.719970703125,1431.719970703125,3157900
2020-06-22,1429.0,1452.75,1423.2099609375,1451.8599853515625,1451.8599853515625,1542400
2020-06-23,1455.6400146484375,1475.9410400390625,1445.239990234375,1464.4100341796875,1464.4100341796875,1429800
2020-06-24,1461.510009765625,1475.4200439453125,1429.75,1431.969970703125,1431.969970703125,1756000
2020-06-25,1429.9000244140625,1442.9000244140625,1420.0,1441.3299560546875,1441.3299560546875,1230500
2020-06-26,1431.3900146484375,1433.449951171875,1351.989990234375,1359.9000244140625,1359.9000244140625,4267700
2020-06-29,1358.1800537109375,1395.5999755859375,1347.010009765625,1394.969970703125,1394.969970703125,1810200
2020-06-30,1390.43994140625,1418.6500244140625,1383.9599609375,1413.6099853515625,1413.6099853515625,2042400
2020-07-01,1411.0999755859375,1443.0,1409.8199462890625,1438.0400390625,1438.0400390625,1775200
2020-07-02,1446.93994140625,1482.949951171875,1446.4200439453125,1464.699951171875,1464.699951171875,1859100
2020-07-06,1480.06005859375,1506.5899658203125,1472.8599853515625,1495.699951171875,1495.699951171875,1564000
2020-07-07,1490.0,1516.800048828125,1483.550048828125,1485.1800537109375,1485.1800537109375,1458200
2020-07-08,1494.3199462890625,1505.8800048828125,1485.6300048828125,1496.0,1496.0,1249700
2020-07-09,1506.449951171875,1522.719970703125,1488.0849609375,1510.989990234375,1510.989990234375,1423300
2020-07-10,1506.1500244140625,1543.8299560546875,1496.5400390625,1541.739990234375,1541.739990234375,1856300
2020-07-13,1550.0,1577.1319580078125,1505.2430419921875,1511.3399658203125,1511.3399658203125,1846400
2020-07-14,1490.31005859375,1522.949951171875,1483.5,1520.5799560546875,1520.5799560546875,1585000
2020-07-15,1523.1300048828125,1535.3299560546875,1498.0,1513.6400146484375,1513.6400146484375,1610700
2020-07-16,1500.0,1518.68994140625,1486.31005859375,1518.0,1518.0,1519300
2020-07-17,1521.6199951171875,1523.43994140625,1498.4200439453125,1515.550048828125,1515.550048828125,1456700
2020-07-20,1515.260009765625,1570.2900390625,1503.5999755859375,1565.719970703125,1565.719970703125,1557300
2020-07-21,1586.989990234375,1586.989990234375,1554.280029296875,1558.4200439453125,1558.4200439453125,1218600
2020-07-22,1560.5,1570.0,1546.0999755859375,1568.489990234375,1568.489990234375,932000
2020-07-23,1566.969970703125,1571.8699951171875,1507.3919677734375,1515.6800537109375,1515.6800537109375,1627600
2020-07-24,1498.9300537109375,1517.635986328125,1488.4000244140625,1511.8699951171875,1511.8699951171875,1544000
2020-07-27,1515.5999755859375,1540.969970703125,1515.2099609375,1530.199951171875,1530.199951171875,1246000
2020-07-28,1525.1800537109375,1526.47998046875,1497.6600341796875,1500.3399658203125,1500.3399658203125,1702200
2020-07-29,1506.3199462890625,1531.251953125,1501.3299560546875,1522.02001953125,1522.02001953125,1106500
2020-07-30,1497.0,1537.8699951171875,1492.219970703125,1531.449951171875,1531.449951171875,1671400
2020-07-31,1505.010009765625,1508.949951171875,1454.030029296875,1482.9599609375,1482.9599609375,3439900
2020-08-03,1486.6400146484375,1490.469970703125,1465.6400146484375,1474.449951171875,1474.449951171875,2330200
2020-08-04,1476.5699462890625,1485.56005859375,1458.6500244140625,1464.969970703125,1464.969970703125,1903500
2020-08-05,1469.300048828125,1482.4100341796875,1463.4599609375,1473.6099853515625,1473.6099853515625,1979500
2020-08-06,1471.75,1502.3900146484375,1466.0,1500.0999755859375,1500.0999755859375,1995400
2020-08-07,1500.0,1516.844970703125,1481.6400146484375,1494.489990234375,1494.489990234375,1576600
2020-08-10,1487.1800537109375,1504.074951171875,1473.0799560546875,1496.0999755859375,1496.0999755859375,1289300
2020-08-11,1492.43994140625,1510.0,1478.0,1480.3199462890625,1480.3199462890625,1454400
2020-08-12,1485.5799560546875,1512.385986328125,1485.25,1506.6199951171875,1506.6199951171875,1437700
2020-08-13,1510.3399658203125,1537.25,1508.0050048828125,1518.449951171875,1518.449951171875,1455200
2020-08-14,1515.6600341796875,1521.9000244140625,1502.8800048828125,1507.72998046875,1507.72998046875,1354800
2020-08-17,1514.6700439453125,1525.6099853515625,1507.969970703125,1517.97998046875,1517.97998046875,1378300
2020-08-18,1526.1800537109375,1562.469970703125,1523.7099609375,1558.5999755859375,1558.5999755859375,2027100
2020-08-19,1553.31005859375,1573.6800537109375,1543.949951171875,1547.530029296875,1547.530029296875,1660600
2020-08-20,1543.449951171875,1585.8699951171875,1538.199951171875,1581.75,1581.75,1706900
2020-08-21,1577.030029296875,1597.719970703125,1568.0050048828125,1580.4200439453125,1580.4200439453125,1446500
2020-08-24,1593.97998046875,1614.1700439453125,1580.5699462890625,1588.199951171875,1588.199951171875,1409900
2020-08-25,1582.0699462890625,1611.6199951171875,1582.0699462890625,1608.219970703125,1608.219970703125,2247100
2020-08-26,1608.0,1659.219970703125,1603.5999755859375,1652.3800048828125,1652.3800048828125,3993400
2020-08-27,1653.6800537109375,1655.0,1625.75,1634.3299560546875,1634.3299560546875,1861600
2020-08-28,1633.489990234375,1647.1700439453125,1630.75,1644.4100341796875,1644.4100341796875,1499800
2020-08-31,1647.8900146484375,1647.9649658203125,1630.31005859375,1634.1800537109375,1634.1800537109375,1823400
2020-09-01,1636.6300048828125,1665.72998046875,1632.219970703125,1660.7099609375,1660.7099609375,1826700
2020-09-02,1673.7750244140625,1733.1800537109375,1666.3299560546875,1728.280029296875,1728.280029296875,2511200
2020-09-03,1709.7139892578125,1709.7139892578125,1615.06005859375,1641.8399658203125,1641.8399658203125,3107800
2020-09-04,1624.260009765625,1645.1099853515625,1547.613037109375,1591.0400390625,1591.0400390625,2608600
2020-09-08,1533.510009765625,1563.864990234375,1528.010009765625,1532.3900146484375,1532.3900146484375,2610900
2020-09-09,1557.530029296875,1569.0,1536.051025390625,1556.9599609375,1556.9599609375,1774700
2020-09-10,1560.6400146484375,1584.0810546875,1525.8050537109375,1532.02001953125,1532.02001953125,1618600
2020-09-11,1536.0,1575.199951171875,1497.3599853515625,1520.719970703125,1520.719970703125,1597100
2020-09-14,1539.0050048828125,1564.0,1515.739990234375,1519.280029296875,1519.280029296875,1696600
2020-09-15,1536.0,1559.5699462890625,1531.8349609375,1541.43994140625,1541.43994140625,1331100
2020-09-16,1555.5400390625,1562.0,1519.8199462890625,1520.9000244140625,1520.9000244140625,1311700
2020-09-17,1496.0,1508.2979736328125,1470.0,1495.530029296875,1495.530029296875,1879800
2020-09-18,1498.010009765625,1503.0030517578125,1437.1300048828125,1459.989990234375,1459.989990234375,3103900
2020-09-21,1440.06005859375,1448.3599853515625,1406.550048828125,1431.1600341796875,1431.1600341796875,2888800
2020-09-22,1450.0899658203125,1469.52001953125,1434.530029296875,1465.4599609375,1465.4599609375,1583200
2020-09-23,1458.780029296875,1460.9599609375,1407.699951171875,1415.2099609375,1415.2099609375,1657400
2020-09-24,1411.030029296875,1443.708984375,1409.8499755859375,1428.2900390625,1428.2900390625,1450200
2020-09-25,1432.6300048828125,1450.0,1413.3399658203125,1444.9599609375,1444.9599609375,1323000
2020-09-28,1474.2099609375,1476.800048828125,1449.301025390625,1464.52001953125,1464.52001953125,2007900
2020-09-29,1470.3900146484375,1476.6629638671875,1458.8050537109375,1469.3299560546875,1469.3299560546875,978200
2020-09-30,1466.800048828125,1489.75,1459.8800048828125,1469.5999755859375,1469.5999755859375,1700600
2020-10-01,1484.27001953125,1499.0400390625,1479.2099609375,1490.0899658203125,1490.0899658203125,1779500
2020-10-02,1462.030029296875,1483.199951171875,1450.9200439453125,1458.4200439453125,1458.4200439453125,1284100
2020-10-05,1466.2099609375,1488.2099609375,1464.27001953125,1486.02001953125,1486.02001953125,1113300
2020-10-06,1475.5799560546875,1486.760009765625,1448.5899658203125,1453.43994140625,1453.43994140625,1245400
2020-10-07,1464.2900390625,1468.9599609375,1436.0,1460.2900390625,1460.2900390625,1746200
2020-10-08,1465.0899658203125,1490.0,1465.0899658203125,1485.9300537109375,1485.9300537109375,1187800
2020-10-09,1494.699951171875,1516.52001953125,1489.449951171875,1515.219970703125,1515.219970703125,1435300
2020-10-12,1543.0,1593.8599853515625,1532.5699462890625,1569.1500244140625,1569.1500244140625,2482600
2020-10-13,1583.72998046875,1590.0,1563.199951171875,1571.6800537109375,1571.6800537109375,1601000
2020-10-14,1578.5899658203125,1587.6839599609375,1550.530029296875,1568.0799560546875,1568.0799560546875,1931000
2020-10-15,1547.1500244140625,1575.10498046875,1545.030029296875,1559.1300048828125,1559.1300048828125,1540000
2020-10-16,1565.8499755859375,1581.1300048828125,1563.0,1573.010009765625,1573.010009765625,1434700
2020-10-19,1580.4599609375,1588.1500244140625,1528.0,1534.6099853515625,1534.6099853515625,1607100
2020-10-20,1527.050048828125,1577.5,1525.6700439453125,1555.9300537109375,1555.9300537109375,2241700
2020-10-21,1573.3299560546875,1618.72998046875,1571.6300048828125,1593.31005859375,1593.31005859375,2568300
2020-10-22,1593.050048828125,1621.989990234375,1585.0,1615.3299560546875,1615.3299560546875,1433600
2020-10-23,1626.0699462890625,1642.3599853515625,1620.510009765625,1641.0,1641.0,1375800
2020-10-26,1625.010009765625,1638.239990234375,1576.5,1590.449951171875,1590.449951171875,1853300
2020-10-27,1595.6700439453125,1606.844970703125,1582.780029296875,1604.260009765625,1604.260009765625,1229000
2020-10-28,1559.739990234375,1561.3499755859375,1514.6199951171875,1516.6199951171875,1516.6199951171875,1834000
2020-10-29,1522.3599853515625,1593.7099609375,1522.239990234375,1567.239990234375,1567.239990234375,2003100
2020-10-30,1672.1099853515625,1687.0,1604.4599609375,1621.010009765625,1621.010009765625,4329100
2020-11-02,1628.1600341796875,1660.77001953125,1616.030029296875,1626.030029296875,1626.030029296875,2535400
2020-11-03,1631.780029296875,1661.699951171875,1616.6199951171875,1650.2099609375,1650.2099609375,1661700
2020-11-04,1710.280029296875,1771.364990234375,1706.030029296875,1749.1300048828125,1749.1300048828125,3570900
2020-11-05,1781.0,1793.6400146484375,1750.510009765625,1763.3699951171875,1763.3699951171875,2065800
2020-11-06,1753.949951171875,1772.4300537109375,1740.3499755859375,1761.75,1761.75,1660900
2020-11-09,1790.9000244140625,1818.06005859375,1760.02001953125,1763.0,1763.0,2268300
2020-11-10,1731.0899658203125,1763.0,1717.300048828125,1740.3900146484375,1740.3900146484375,2636100
2020-11-11,1750.0,1764.219970703125,1747.364990234375,1752.7099609375,1752.7099609375,1264000
2020-11-12,1747.6300048828125,1768.27001953125,1745.5999755859375,1749.8399658203125,1749.8399658203125,1247500
2020-11-13,1757.6300048828125,1781.0400390625,1744.550048828125,1777.02001953125,1777.02001953125,1499900
2020-11-16,1771.699951171875,1799.0699462890625,1767.68994140625,1781.3800048828125,1781.3800048828125,1246800
2020-11-17,1776.93994140625,1785.0,1767.0,1770.1500244140625,1770.1500244140625,1147100
2020-11-18,1765.22998046875,1773.469970703125,1746.1400146484375,1746.780029296875,1746.780029296875,1173500
2020-11-19,1738.3800048828125,1769.5899658203125,1737.0050048828125,1763.9200439453125,1763.9200439453125,1249900
2020-11-20,1765.2099609375,1774.0,1741.8599853515625,1742.18994140625,1742.18994140625,2313500
2020-11-23,1749.5999755859375,1753.9000244140625,1717.719970703125,1734.8599853515625,1734.8599853515625,2161600
2020-11-24,1730.5,1771.5999755859375,1727.68994140625,1768.8800048828125,1768.8800048828125,1578000
2020-11-25,1772.8900146484375,1778.5400390625,1756.5400390625,1771.4300537109375,1771.4300537109375,1045800
2020-11-27,1773.0899658203125,1804.0,1772.43994140625,1793.18994140625,1793.18994140625,884900
2020-11-30,1781.1839599609375,1788.06494140625,1755.0,1760.739990234375,1760.739990234375,1823800
2020-12-01,1774.3699951171875,1824.8299560546875,1769.3699951171875,1798.0999755859375,1798.0999755859375,1739000
2020-12-02,1798.0999755859375,1835.6500244140625,1789.4730224609375,1827.949951171875,1827.949951171875,1222000
2020-12-03,1824.010009765625,1847.199951171875,1822.6500244140625,1826.77001953125,1826.77001953125,1227300
2020-12-04,1824.52001953125,1833.1600341796875,1816.989990234375,1827.989990234375,1827.989990234375,1378200
2020-12-07,1819.0,1832.3699951171875,1805.780029296875,1819.47998046875,1819.47998046875,1320900
2020-12-08,1810.0999755859375,1821.9000244140625,1796.2049560546875,1818.550048828125,1818.550048828125,1096300
2020-12-09,1812.010009765625,1834.27001953125,1767.81005859375,1784.1300048828125,1784.1300048828125,1507600
2020-12-10,1769.800048828125,1781.31005859375,1740.3199462890625,1775.3299560546875,1775.3299560546875,1362800
2020-12-11,1763.06005859375,1784.449951171875,1760.0,1781.77001953125,1781.77001953125,1220700
2020-12-14,1775.0,1797.3900146484375,1757.2149658203125,1760.06005859375,1760.06005859375,1600200
